<?xml version="1.0" encoding="UTF-8" standalone="no"?>
<project id="NGESB">
        
    <buildInfo>
                
        <version>build_20250909_01</version>
                
        <compileDate>2025-09-12 16:16:39</compileDate>
                
        <compileUser>Administrator</compileUser>
                
        <buildDate>2025-09-12 16:16:39</buildDate>
                
        <buildUser>Administrator</buildUser>
            
    </buildInfo>
        
    <components>
                
        <component type="business">
            
        </component>
                
        <component type="protocol_client">
                        
            <category id="NGESB" path="/DEFAULT">
                
            </category>
                    
        </component>
            
    </components>
        
    <resources>
                
        <resource path="\SmartBranch.brc"/>
                
        <resource path="\SmartBranch.cat"/>
                
        <resource path="\host.properties"/>
                
        <resource path="\resources\configs\in_conf\protocol\protocolMapping.xml"/>
                
        <resource path="\resources\configs\in_conf\serviceMgt\contribution.xml"/>
                
        <resource path="\resources\configs\out_conf\protocol\protocolMapping.xml"/>
                
        <resource path="\resources\configs\out_conf\serviceMgt\contribution.xml"/>
                
        <resource path="\resources\relationship\relation.xml"/>
            
    </resources>
    
</project>
