<?xml version="1.0" encoding="UTF-8"?>
<servicesystems>
	<servicesystem>
		<serviceSystemName>BCMESZBDB</serviceSystemName>
		<serviceSystemDesc>板材mes灾备数据库</serviceSystemDesc>
		<hostName/>
		<hostIp/>
		<status>add</status>
		
		<protocols>
								<protocol>BCMESZBDB_BjydsjQuery</protocol>
						<protocol>CGYTH_ProvideToken</protocol>
							</protocols>
		
		<params>
				</params>
		<services>
								<service>
			<serivcename>BjydsjQuery</serivcename>
			<protocol>BCMESZBDB_BjydsjQuery</protocol>
			</service>
						<service>
			<serivcename>ProvideToken</serivcename>
			<protocol>CGYTH_ProvideToken</protocol>
			</service>
							</services>
	</servicesystem>
</servicesystems>