<?xml version="1.0" encoding="UTF-8"?>
<servicesystems>
	<servicesystem>
		<serviceSystemName>BCSJH</serviceSystemName>
		<serviceSystemDesc>板材数据源</serviceSystemDesc>
		<hostName/>
		<hostIp/>
		<status>add</status>
		
		<protocols>
								<protocol>BCSJH_AbpInventoryMonthQuery</protocol>
						<protocol>BCSJH_ActualSuccessRateQuery</protocol>
						<protocol>BCSJH_Afs1000DayQuery</protocol>
						<protocol>BCSJH_Afs1000MonthQuery</protocol>
						<protocol>BCSJH_BcygzPassRateMonthQuery</protocol>
						<protocol>BCSJH_BcygzPassRateQuery</protocol>
						<protocol>BCSJH_BcygzhglMonthQuery</protocol>
						<protocol>BCSJH_CADReviewResumeQuery</protocol>
						<protocol>BCSJH_CheckRateMonthQuery</protocol>
						<protocol>BCSJH_CheckRateQuery</protocol>
						<protocol>BCSJH_CompInsQuery</protocol>
						<protocol>BCSJH_CpRepHisQuery</protocol>
						<protocol>BCSJH_CrackOccurrenceRateDayC1Query</protocol>
						<protocol>BCSJH_CrackOccurrenceRateDayC2Query</protocol>
						<protocol>BCSJH_CrackOccurrenceRateDayC3Query</protocol>
						<protocol>BCSJH_CrackOccurrenceRateDayQuery</protocol>
						<protocol>BCSJH_CrackOccurrenceRateMonthC1Query</protocol>
						<protocol>BCSJH_CrackOccurrenceRateMonthC2Query</protocol>
						<protocol>BCSJH_CrackOccurrenceRateMonthC3Query</protocol>
						<protocol>BCSJH_CrackOccurrenceRateMonthQuery</protocol>
						<protocol>BCSJH_DwrDmsAfs1000MonthQuery</protocol>
						<protocol>BCSJH_DwrLogMrinnertrslog</protocol>
						<protocol>BCSJH_DwrLogTbmrmcQuery</protocol>
						<protocol>BCSJH_FpCastrsltQuery</protocol>
						<protocol>BCSJH_IetmBcQuery</protocol>
						<protocol>BCSJH_InspectionAndTestingQuery</protocol>
						<protocol>BCSJH_LimeInspectionQuery</protocol>
						<protocol>BCSJH_LimeProductionQuery</protocol>
						<protocol>BCSJH_MeteringEquipmentForB2Query</protocol>
						<protocol>BCSJH_ParameterAlarmRateQuery</protocol>
						<protocol>BCSJH_PerformanceFirstPassRateDayQuery</protocol>
						<protocol>BCSJH_PerformanceFirstPassRateMonthQuery</protocol>
						<protocol>BCSJH_PlateJqclMonthQuery</protocol>
						<protocol>BCSJH_PlatePlanQuery</protocol>
						<protocol>BCSJH_PlateZpQuery</protocol>
						<protocol>BCSJH_PrdDelay2MonthQuery</protocol>
						<protocol>BCSJH_PrqualityQuery</protocol>
						<protocol>BCSJH_ResourceConfirmationQuery</protocol>
						<protocol>BCSJH_RhrsltsQuery</protocol>
						<protocol>BCSJH_RollingPldzC2Query</protocol>
						<protocol>BCSJH_RollingPldzDayC1Query</protocol>
						<protocol>BCSJH_RollingPldzDayC3Query</protocol>
						<protocol>BCSJH_RollingPldzMonthC1Query</protocol>
						<protocol>BCSJH_RollingPldzMonthC2Query</protocol>
						<protocol>BCSJH_RollingPldzMonthC3Query</protocol>
						<protocol>BCSJH_SheetMetalQuery</protocol>
						<protocol>BCSJH_SlabGclQuery</protocol>
						<protocol>BCSJH_SlabZzcclMonthQuery</protocol>
						<protocol>BCSJH_SlabZzcclQuery</protocol>
						<protocol>BCSJH_TChargeRecordsSumQuery</protocol>
						<protocol>BCSJH_TfDwttQuery</protocol>
						<protocol>BCSJH_TfHardPwhtQuery</protocol>
						<protocol>BCSJH_TfHardQuery</protocol>
						<protocol>BCSJH_TfImpactPwhtQuery</protocol>
						<protocol>BCSJH_TfImpactQuery</protocol>
						<protocol>BCSJH_TfMetallographyQuery</protocol>
						<protocol>BCSJH_TfNonmetalQuery</protocol>
						<protocol>BCSJH_TfTsHgtQuery</protocol>
						<protocol>BCSJH_TfTsPwhtQuery</protocol>
						<protocol>BCSJH_TfTsQuery</protocol>
						<protocol>BCSJH_TfZdirectProptPwhtQuery</protocol>
						<protocol>BCSJH_TkChargeRecordsQuery</protocol>
						<protocol>BCSJH_TkChargeRecordsSumQuery</protocol>
						<protocol>BCSJH_TxZdirectProptQuery</protocol>
						<protocol>BCSJH_YgzFirstPassQuantityQuery</protocol>
						<protocol>BCSJH_YgzQualifiedQuantityQuery</protocol>
						<protocol>BCSJH_bcygzhglQuery</protocol>
						<protocol>BCSJH_chargeRecordsQuery</protocol>
						<protocol>BCSJH_conrsltYlzqByMonthQuery</protocol>
						<protocol>BCSJH_platePlanByMonthQuery</protocol>
						<protocol>BCSJH_reheatBprzlByMonthQuery</protocol>
						<protocol>BCSJH_rollingPldzC1ByMouthQuery</protocol>
						<protocol>BCSJH_rollingPldzC2ByMouthQuery</protocol>
						<protocol>BCSJH_rollingPldzC3ByMouthQuery</protocol>
						<protocol>BCSJH_stdspecJsclC1ByMonthQuery</protocol>
						<protocol>BCSJH_stdspecJsclC2ByMonthQuery</protocol>
						<protocol>BCSJH_stdspecJsclC3ByMonthQuery</protocol>
						<protocol>BCSJH_tbojnj17BcQuery</protocol>
							</protocols>
		
		<params>
				</params>
		<services>
								<service>
			<serivcename>AbpInventoryMonthQuery</serivcename>
			<protocol>BCSJH_AbpInventoryMonthQuery</protocol>
			</service>
						<service>
			<serivcename>ActualSuccessRateQuery</serivcename>
			<protocol>BCSJH_ActualSuccessRateQuery</protocol>
			</service>
						<service>
			<serivcename>Afs1000DayQuery</serivcename>
			<protocol>BCSJH_Afs1000DayQuery</protocol>
			</service>
						<service>
			<serivcename>Afs1000MonthQuery</serivcename>
			<protocol>BCSJH_Afs1000MonthQuery</protocol>
			</service>
						<service>
			<serivcename>BcygzhglMonthQuery</serivcename>
			<protocol>BCSJH_BcygzhglMonthQuery</protocol>
			</service>
						<service>
			<serivcename>bcygzhglQuery</serivcename>
			<protocol>BCSJH_bcygzhglQuery</protocol>
			</service>
						<service>
			<serivcename>BcygzPassRateMonthQuery</serivcename>
			<protocol>BCSJH_BcygzPassRateMonthQuery</protocol>
			</service>
						<service>
			<serivcename>BcygzPassRateQuery</serivcename>
			<protocol>BCSJH_BcygzPassRateQuery</protocol>
			</service>
						<service>
			<serivcename>CADReviewResumeQuery</serivcename>
			<protocol>BCSJH_CADReviewResumeQuery</protocol>
			</service>
						<service>
			<serivcename>chargeRecordsQuery</serivcename>
			<protocol>BCSJH_chargeRecordsQuery</protocol>
			</service>
						<service>
			<serivcename>CheckRateMonthQuery</serivcename>
			<protocol>BCSJH_CheckRateMonthQuery</protocol>
			</service>
						<service>
			<serivcename>CheckRateQuery</serivcename>
			<protocol>BCSJH_CheckRateQuery</protocol>
			</service>
						<service>
			<serivcename>CompInsQuery</serivcename>
			<protocol>BCSJH_CompInsQuery</protocol>
			</service>
						<service>
			<serivcename>conrsltYlzqByMonthQuery</serivcename>
			<protocol>BCSJH_conrsltYlzqByMonthQuery</protocol>
			</service>
						<service>
			<serivcename>CpRepHisQuery</serivcename>
			<protocol>BCSJH_CpRepHisQuery</protocol>
			</service>
						<service>
			<serivcename>CrackOccurrenceRateDayC1Query</serivcename>
			<protocol>BCSJH_CrackOccurrenceRateDayC1Query</protocol>
			</service>
						<service>
			<serivcename>CrackOccurrenceRateDayC2Query</serivcename>
			<protocol>BCSJH_CrackOccurrenceRateDayC2Query</protocol>
			</service>
						<service>
			<serivcename>CrackOccurrenceRateDayC3Query</serivcename>
			<protocol>BCSJH_CrackOccurrenceRateDayC3Query</protocol>
			</service>
						<service>
			<serivcename>CrackOccurrenceRateDayQuery</serivcename>
			<protocol>BCSJH_CrackOccurrenceRateDayQuery</protocol>
			</service>
						<service>
			<serivcename>CrackOccurrenceRateMonthC1Query</serivcename>
			<protocol>BCSJH_CrackOccurrenceRateMonthC1Query</protocol>
			</service>
						<service>
			<serivcename>CrackOccurrenceRateMonthC2Query</serivcename>
			<protocol>BCSJH_CrackOccurrenceRateMonthC2Query</protocol>
			</service>
						<service>
			<serivcename>CrackOccurrenceRateMonthC3Query</serivcename>
			<protocol>BCSJH_CrackOccurrenceRateMonthC3Query</protocol>
			</service>
						<service>
			<serivcename>CrackOccurrenceRateMonthQuery</serivcename>
			<protocol>BCSJH_CrackOccurrenceRateMonthQuery</protocol>
			</service>
						<service>
			<serivcename>DwrDmsAfs1000MonthQuery</serivcename>
			<protocol>BCSJH_DwrDmsAfs1000MonthQuery</protocol>
			</service>
						<service>
			<serivcename>DwrLogMrinnertrslog</serivcename>
			<protocol>BCSJH_DwrLogMrinnertrslog</protocol>
			</service>
						<service>
			<serivcename>DwrLogTbmrmcQuery</serivcename>
			<protocol>BCSJH_DwrLogTbmrmcQuery</protocol>
			</service>
						<service>
			<serivcename>FpCastrsltQuery</serivcename>
			<protocol>BCSJH_FpCastrsltQuery</protocol>
			</service>
						<service>
			<serivcename>IetmBcQuery</serivcename>
			<protocol>BCSJH_IetmBcQuery</protocol>
			</service>
						<service>
			<serivcename>InspectionAndTestingQuery</serivcename>
			<protocol>BCSJH_InspectionAndTestingQuery</protocol>
			</service>
						<service>
			<serivcename>LimeInspectionQuery</serivcename>
			<protocol>BCSJH_LimeInspectionQuery</protocol>
			</service>
						<service>
			<serivcename>LimeProductionQuery</serivcename>
			<protocol>BCSJH_LimeProductionQuery</protocol>
			</service>
						<service>
			<serivcename>MeteringEquipmentForB2Query</serivcename>
			<protocol>BCSJH_MeteringEquipmentForB2Query</protocol>
			</service>
						<service>
			<serivcename>ParameterAlarmRateQuery</serivcename>
			<protocol>BCSJH_ParameterAlarmRateQuery</protocol>
			</service>
						<service>
			<serivcename>PerformanceFirstPassRateDayQuery</serivcename>
			<protocol>BCSJH_PerformanceFirstPassRateDayQuery</protocol>
			</service>
						<service>
			<serivcename>PerformanceFirstPassRateMonthQuery</serivcename>
			<protocol>BCSJH_PerformanceFirstPassRateMonthQuery</protocol>
			</service>
						<service>
			<serivcename>PlateJqclMonthQuery</serivcename>
			<protocol>BCSJH_PlateJqclMonthQuery</protocol>
			</service>
						<service>
			<serivcename>platePlanByMonthQuery</serivcename>
			<protocol>BCSJH_platePlanByMonthQuery</protocol>
			</service>
						<service>
			<serivcename>PlatePlanQuery</serivcename>
			<protocol>BCSJH_PlatePlanQuery</protocol>
			</service>
						<service>
			<serivcename>PlateZpQuery</serivcename>
			<protocol>BCSJH_PlateZpQuery</protocol>
			</service>
						<service>
			<serivcename>PrdDelay2MonthQuery</serivcename>
			<protocol>BCSJH_PrdDelay2MonthQuery</protocol>
			</service>
						<service>
			<serivcename>PrqualityQuery</serivcename>
			<protocol>BCSJH_PrqualityQuery</protocol>
			</service>
						<service>
			<serivcename>reheatBprzlByMonthQuery</serivcename>
			<protocol>BCSJH_reheatBprzlByMonthQuery</protocol>
			</service>
						<service>
			<serivcename>ResourceConfirmationQuery</serivcename>
			<protocol>BCSJH_ResourceConfirmationQuery</protocol>
			</service>
						<service>
			<serivcename>RhrsltsQuery</serivcename>
			<protocol>BCSJH_RhrsltsQuery</protocol>
			</service>
						<service>
			<serivcename>rollingPldzC1ByMouthQuery</serivcename>
			<protocol>BCSJH_rollingPldzC1ByMouthQuery</protocol>
			</service>
						<service>
			<serivcename>rollingPldzC2ByMouthQuery</serivcename>
			<protocol>BCSJH_rollingPldzC2ByMouthQuery</protocol>
			</service>
						<service>
			<serivcename>RollingPldzC2Query</serivcename>
			<protocol>BCSJH_RollingPldzC2Query</protocol>
			</service>
						<service>
			<serivcename>rollingPldzC3ByMouthQuery</serivcename>
			<protocol>BCSJH_rollingPldzC3ByMouthQuery</protocol>
			</service>
						<service>
			<serivcename>RollingPldzDayC1Query</serivcename>
			<protocol>BCSJH_RollingPldzDayC1Query</protocol>
			</service>
						<service>
			<serivcename>RollingPldzDayC3Query</serivcename>
			<protocol>BCSJH_RollingPldzDayC3Query</protocol>
			</service>
						<service>
			<serivcename>RollingPldzMonthC1Query</serivcename>
			<protocol>BCSJH_RollingPldzMonthC1Query</protocol>
			</service>
						<service>
			<serivcename>RollingPldzMonthC2Query</serivcename>
			<protocol>BCSJH_RollingPldzMonthC2Query</protocol>
			</service>
						<service>
			<serivcename>RollingPldzMonthC3Query</serivcename>
			<protocol>BCSJH_RollingPldzMonthC3Query</protocol>
			</service>
						<service>
			<serivcename>SheetMetalQuery</serivcename>
			<protocol>BCSJH_SheetMetalQuery</protocol>
			</service>
						<service>
			<serivcename>SlabGclQuery</serivcename>
			<protocol>BCSJH_SlabGclQuery</protocol>
			</service>
						<service>
			<serivcename>SlabZzcclMonthQuery</serivcename>
			<protocol>BCSJH_SlabZzcclMonthQuery</protocol>
			</service>
						<service>
			<serivcename>SlabZzcclQuery</serivcename>
			<protocol>BCSJH_SlabZzcclQuery</protocol>
			</service>
						<service>
			<serivcename>stdspecJsclC1ByMonthQuery</serivcename>
			<protocol>BCSJH_stdspecJsclC1ByMonthQuery</protocol>
			</service>
						<service>
			<serivcename>stdspecJsclC2ByMonthQuery</serivcename>
			<protocol>BCSJH_stdspecJsclC2ByMonthQuery</protocol>
			</service>
						<service>
			<serivcename>stdspecJsclC3ByMonthQuery</serivcename>
			<protocol>BCSJH_stdspecJsclC3ByMonthQuery</protocol>
			</service>
						<service>
			<serivcename>tbojnj17BcQuery</serivcename>
			<protocol>BCSJH_tbojnj17BcQuery</protocol>
			</service>
						<service>
			<serivcename>TChargeRecordsSumQuery</serivcename>
			<protocol>BCSJH_TChargeRecordsSumQuery</protocol>
			</service>
						<service>
			<serivcename>TfDwttQuery</serivcename>
			<protocol>BCSJH_TfDwttQuery</protocol>
			</service>
						<service>
			<serivcename>TfHardPwhtQuery</serivcename>
			<protocol>BCSJH_TfHardPwhtQuery</protocol>
			</service>
						<service>
			<serivcename>TfHardQuery</serivcename>
			<protocol>BCSJH_TfHardQuery</protocol>
			</service>
						<service>
			<serivcename>TfImpactPwhtQuery</serivcename>
			<protocol>BCSJH_TfImpactPwhtQuery</protocol>
			</service>
						<service>
			<serivcename>TfImpactQuery</serivcename>
			<protocol>BCSJH_TfImpactQuery</protocol>
			</service>
						<service>
			<serivcename>TfMetallographyQuery</serivcename>
			<protocol>BCSJH_TfMetallographyQuery</protocol>
			</service>
						<service>
			<serivcename>TfNonmetalQuery</serivcename>
			<protocol>BCSJH_TfNonmetalQuery</protocol>
			</service>
						<service>
			<serivcename>TfTsHgtQuery</serivcename>
			<protocol>BCSJH_TfTsHgtQuery</protocol>
			</service>
						<service>
			<serivcename>TfTsPwhtQuery</serivcename>
			<protocol>BCSJH_TfTsPwhtQuery</protocol>
			</service>
						<service>
			<serivcename>TfTsQuery</serivcename>
			<protocol>BCSJH_TfTsQuery</protocol>
			</service>
						<service>
			<serivcename>TfZdirectProptPwhtQuery</serivcename>
			<protocol>BCSJH_TfZdirectProptPwhtQuery</protocol>
			</service>
						<service>
			<serivcename>TkChargeRecordsQuery</serivcename>
			<protocol>BCSJH_TkChargeRecordsQuery</protocol>
			</service>
						<service>
			<serivcename>TkChargeRecordsSumQuery</serivcename>
			<protocol>BCSJH_TkChargeRecordsSumQuery</protocol>
			</service>
						<service>
			<serivcename>TxZdirectProptQuery</serivcename>
			<protocol>BCSJH_TxZdirectProptQuery</protocol>
			</service>
						<service>
			<serivcename>YgzFirstPassQuantityQuery</serivcename>
			<protocol>BCSJH_YgzFirstPassQuantityQuery</protocol>
			</service>
						<service>
			<serivcename>YgzQualifiedQuantityQuery</serivcename>
			<protocol>BCSJH_YgzQualifiedQuantityQuery</protocol>
			</service>
							</services>
	</servicesystem>
</servicesystems>