<?xml version="1.0" encoding="UTF-8"?>
<servicesystems>
	<servicesystem>
		<serviceSystemName>DHRSYS</serviceSystemName>
		<serviceSystemDesc>南钢DHR系统</serviceSystemDesc>
		<hostName/>
		<hostIp/>
		<status>add</status>
		
		<protocols>
								<protocol>DHRSYS_DhrRetirePersonInfoQuery</protocol>
						<protocol>DHRSYS_ZhyyHrZhrzRcpxJnrcqzfbQuery</protocol>
						<protocol>DHRSYS_ZhyyHrZhrzRcpxJnrcxlfbQuery</protocol>
						<protocol>DHRSYS_ZhyyHrZhrzRcpxZyjszwfbQuery</protocol>
						<protocol>DHRSYS_ZhyyHrZhrzRcpxnglrsQuery</protocol>
						<protocol>DHRSYS_ZhyyHrZhrzRxfxZhzbQuery</protocol>
						<protocol>DHRSYS_ZhyyHrZhrzSzkqDbrsQuery</protocol>
						<protocol>DHRSYS_ZhyyHrZhrzSzkqRyxxddQuery</protocol>
						<protocol>DHRSYS_ZhyyHrZhrzSzkqZbgzQuery</protocol>
						<protocol>DHRSYS_ZhyyHrZhrzYyfxBmrzlzQuery</protocol>
						<protocol>DHRSYS_ZhyyHrZhrzYyfxDtcqtjQuery</protocol>
						<protocol>DHRSYS_ZhyyHrZhrzYyfxGhbrsbxjeQuery</protocol>
						<protocol>DHRSYS_ZhyyHrZhrzYyfxGhrhryfbQuery</protocol>
						<protocol>DHRSYS_ZhyyHrZhrzYyfxGlfbQuery</protocol>
						<protocol>DHRSYS_ZhyyHrZhrzYyfxGwcjfbQuery</protocol>
						<protocol>DHRSYS_ZhyyHrZhrzYyfxGwxlfbQuery</protocol>
						<protocol>DHRSYS_ZhyyHrZhrzYyfxSycqlQuery</protocol>
						<protocol>DHRSYS_ZhyyHrZhrzYyfxTxzgrstxbtQuery</protocol>
						<protocol>DHRSYS_ZhyyHrZhrzYyfxZhzbQuery</protocol>
						<protocol>DHRSYS_ZhyyHrZhrzYyfxZjfxQuery</protocol>
						<protocol>DHRSYS_ZhyyHrZhrzZyBmygfbQuery</protocol>
						<protocol>DHRSYS_ZhyyHrZhrzZyNlfbQuery</protocol>
						<protocol>DHRSYS_ZhyyHrZhrzZyNnfbQuery</protocol>
						<protocol>DHRSYS_ZhyyHrZhrzZyXlfbQuery</protocol>
						<protocol>DHRSYS_ZhyyHrZhrzZyZhzbQuery</protocol>
						<protocol>DHRSYS_ZhyyHrZhrzZyZzmmQuery</protocol>
						<protocol>DHRSYS_manualCostAPI</protocol>
						<protocol>DHRSYS_xcy_sync_user_certificate</protocol>
						<protocol>DHRSYS_xcy_sync_user_computer</protocol>
						<protocol>DHRSYS_xcy_sync_user_cszij</protocol>
						<protocol>DHRSYS_xcy_sync_user_educational_experience</protocol>
						<protocol>DHRSYS_xcy_sync_user_employeepunishmentinfo</protocol>
						<protocol>DHRSYS_xcy_sync_user_familyinformation</protocol>
						<protocol>DHRSYS_xcy_sync_user_languageability</protocol>
						<protocol>DHRSYS_xcy_sync_user_outerexperience</protocol>
						<protocol>DHRSYS_xcy_sync_user_political_landscape</protocol>
						<protocol>DHRSYS_xcy_sync_user_rewardinformation</protocol>
						<protocol>DHRSYS_xcy_sync_user_technical_position</protocol>
						<protocol>DHRSYS_xcy_sync_user_traininginformation</protocol>
							</protocols>
		
		<params>
				</params>
		<services>
								<service>
			<serivcename>DhrRetirePersonInfoQuery</serivcename>
			<protocol>DHRSYS_DhrRetirePersonInfoQuery</protocol>
			</service>
						<service>
			<serivcename>manualCostAPI</serivcename>
			<protocol>DHRSYS_manualCostAPI</protocol>
			</service>
						<service>
			<serivcename>xcy_sync_user_certificate</serivcename>
			<protocol>DHRSYS_xcy_sync_user_certificate</protocol>
			</service>
						<service>
			<serivcename>xcy_sync_user_computer</serivcename>
			<protocol>DHRSYS_xcy_sync_user_computer</protocol>
			</service>
						<service>
			<serivcename>xcy_sync_user_cszij</serivcename>
			<protocol>DHRSYS_xcy_sync_user_computer</protocol>
			</service>
						<service>
			<serivcename>xcy_sync_user_educational_experience</serivcename>
			<protocol>DHRSYS_xcy_sync_user_educational_experience</protocol>
			</service>
						<service>
			<serivcename>xcy_sync_user_employeepunishmentinfo</serivcename>
			<protocol>DHRSYS_xcy_sync_user_employeepunishmentinfo</protocol>
			</service>
						<service>
			<serivcename>xcy_sync_user_familyinformation</serivcename>
			<protocol>DHRSYS_xcy_sync_user_familyinformation</protocol>
			</service>
						<service>
			<serivcename>xcy_sync_user_languageability</serivcename>
			<protocol>DHRSYS_xcy_sync_user_languageability</protocol>
			</service>
						<service>
			<serivcename>xcy_sync_user_outerexperience</serivcename>
			<protocol>DHRSYS_xcy_sync_user_outerexperience</protocol>
			</service>
						<service>
			<serivcename>xcy_sync_user_political_landscape</serivcename>
			<protocol>DHRSYS_xcy_sync_user_political_landscape</protocol>
			</service>
						<service>
			<serivcename>xcy_sync_user_rewardinformation</serivcename>
			<protocol>DHRSYS_xcy_sync_user_rewardinformation</protocol>
			</service>
						<service>
			<serivcename>xcy_sync_user_technical_position</serivcename>
			<protocol>DHRSYS_xcy_sync_user_technical_position</protocol>
			</service>
						<service>
			<serivcename>xcy_sync_user_traininginformation</serivcename>
			<protocol>DHRSYS_xcy_sync_user_traininginformation</protocol>
			</service>
						<service>
			<serivcename>ZhyyHrZhrzRcpxJnrcqzfbQuery</serivcename>
			<protocol>DHRSYS_ZhyyHrZhrzRcpxJnrcqzfbQuery</protocol>
			</service>
						<service>
			<serivcename>ZhyyHrZhrzRcpxJnrcxlfbQuery</serivcename>
			<protocol>DHRSYS_ZhyyHrZhrzRcpxJnrcxlfbQuery</protocol>
			</service>
						<service>
			<serivcename>ZhyyHrZhrzRcpxnglrsQuery</serivcename>
			<protocol>DHRSYS_ZhyyHrZhrzRcpxnglrsQuery</protocol>
			</service>
						<service>
			<serivcename>ZhyyHrZhrzRcpxZyjszwfbQuery</serivcename>
			<protocol>DHRSYS_ZhyyHrZhrzRcpxZyjszwfbQuery</protocol>
			</service>
						<service>
			<serivcename>ZhyyHrZhrzRxfxZhzbQuery</serivcename>
			<protocol>DHRSYS_ZhyyHrZhrzRxfxZhzbQuery</protocol>
			</service>
						<service>
			<serivcename>ZhyyHrZhrzSzkqDbrsQuery</serivcename>
			<protocol>DHRSYS_ZhyyHrZhrzSzkqDbrsQuery</protocol>
			</service>
						<service>
			<serivcename>ZhyyHrZhrzSzkqRyxxddQuery</serivcename>
			<protocol>DHRSYS_ZhyyHrZhrzSzkqRyxxddQuery</protocol>
			</service>
						<service>
			<serivcename>ZhyyHrZhrzSzkqZbgzQuery</serivcename>
			<protocol>DHRSYS_ZhyyHrZhrzSzkqZbgzQuery</protocol>
			</service>
						<service>
			<serivcename>ZhyyHrZhrzYyfxBmrzlzQuery</serivcename>
			<protocol>DHRSYS_ZhyyHrZhrzYyfxBmrzlzQuery</protocol>
			</service>
						<service>
			<serivcename>ZhyyHrZhrzYyfxDtcqtjQuery</serivcename>
			<protocol>DHRSYS_ZhyyHrZhrzYyfxDtcqtjQuery</protocol>
			</service>
						<service>
			<serivcename>ZhyyHrZhrzYyfxGhbrsbxjeQuery</serivcename>
			<protocol>DHRSYS_ZhyyHrZhrzYyfxGhbrsbxjeQuery</protocol>
			</service>
						<service>
			<serivcename>ZhyyHrZhrzYyfxGhrhryfbQuery</serivcename>
			<protocol>DHRSYS_ZhyyHrZhrzYyfxGhrhryfbQuery</protocol>
			</service>
						<service>
			<serivcename>ZhyyHrZhrzYyfxGlfbQuery</serivcename>
			<protocol>DHRSYS_ZhyyHrZhrzYyfxGlfbQuery</protocol>
			</service>
						<service>
			<serivcename>ZhyyHrZhrzYyfxGwcjfbQuery</serivcename>
			<protocol>DHRSYS_ZhyyHrZhrzYyfxGwcjfbQuery</protocol>
			</service>
						<service>
			<serivcename>ZhyyHrZhrzYyfxGwxlfbQuery</serivcename>
			<protocol>DHRSYS_ZhyyHrZhrzYyfxGwxlfbQuery</protocol>
			</service>
						<service>
			<serivcename>ZhyyHrZhrzYyfxSycqlQuery</serivcename>
			<protocol>DHRSYS_ZhyyHrZhrzYyfxSycqlQuery</protocol>
			</service>
						<service>
			<serivcename>ZhyyHrZhrzYyfxTxzgrstxbtQuery</serivcename>
			<protocol>DHRSYS_ZhyyHrZhrzYyfxTxzgrstxbtQuery</protocol>
			</service>
						<service>
			<serivcename>ZhyyHrZhrzYyfxZhzbQuery</serivcename>
			<protocol>DHRSYS_ZhyyHrZhrzYyfxZhzbQuery</protocol>
			</service>
						<service>
			<serivcename>ZhyyHrZhrzYyfxZjfxQuery</serivcename>
			<protocol>DHRSYS_ZhyyHrZhrzYyfxZjfxQuery</protocol>
			</service>
						<service>
			<serivcename>ZhyyHrZhrzZyBmygfbQuery</serivcename>
			<protocol>DHRSYS_ZhyyHrZhrzZyBmygfbQuery</protocol>
			</service>
						<service>
			<serivcename>ZhyyHrZhrzZyNlfbQuery</serivcename>
			<protocol>DHRSYS_ZhyyHrZhrzZyNlfbQuery</protocol>
			</service>
						<service>
			<serivcename>ZhyyHrZhrzZyNnfbQuery</serivcename>
			<protocol>DHRSYS_ZhyyHrZhrzZyNnfbQuery</protocol>
			</service>
						<service>
			<serivcename>ZhyyHrZhrzZyXlfbQuery</serivcename>
			<protocol>DHRSYS_ZhyyHrZhrzZyXlfbQuery</protocol>
			</service>
						<service>
			<serivcename>ZhyyHrZhrzZyZhzbQuery</serivcename>
			<protocol>DHRSYS_ZhyyHrZhrzZyZhzbQuery</protocol>
			</service>
						<service>
			<serivcename>ZhyyHrZhrzZyZzmmQuery</serivcename>
			<protocol>DHRSYS_ZhyyHrZhrzZyZzmmQuery</protocol>
			</service>
							</services>
	</servicesystem>
</servicesystems>