<?xml version="1.0" encoding="UTF-8"?>
<servicesystems>
	<servicesystem>
		<serviceSystemName>DLAQSYS</serviceSystemName>
		<serviceSystemDesc>电炉服务</serviceSystemDesc>
		<hostName/>
		<hostIp/>
		<status>add</status>
		
		<protocols>
								<protocol>DLAQSYS_AssessmentItemsGetCurrentList</protocol>
						<protocol>DLAQSYS_AssessmentItemsGetList</protocol>
						<protocol>DLAQSYS_AssessmentItemsSaveAssessment</protocol>
						<protocol>DLAQSYS_AssessmentRecordSaveAccess</protocol>
						<protocol>DLAQSYS_AssessmentUpload</protocol>
						<protocol>DLAQSYS_EmployeeList</protocol>
						<protocol>DLAQSYS_EventLogsList</protocol>
						<protocol>DLAQSYS_HomeGetUserHomePage</protocol>
						<protocol>DLAQSYS_Minio</protocol>
						<protocol>DLAQSYS_QuestionGetCurrentPaper</protocol>
						<protocol>DLAQSYS_QuestionMediaGetCurrentAppraisalMediaUrls</protocol>
						<protocol>DLAQSYS_QuestionMediaUpload</protocol>
						<protocol>DLAQSYS_QuestionSaveBatch</protocol>
						<protocol>DLAQSYS_UserCategoryFinalScoreGetCurrentUserScores</protocol>
						<protocol>DLAQSYS_UserLearningMediaUpload</protocol>
						<protocol>DLAQSYS_UserLearningScoreGetCurrentAppraisalPaperAndUserScores</protocol>
						<protocol>DLAQSYS_UserLearningScoreSaveUserScores</protocol>
						<protocol>DLAQSYS_UserLearningScoreUpdateUserMediaScores</protocol>
							</protocols>
		
		<params>
				</params>
		<services>
								<service>
			<serivcename>AssessmentItemsGetCurrentList</serivcename>
			<protocol>DLAQSYS_AssessmentItemsGetCurrentList</protocol>
			</service>
						<service>
			<serivcename>AssessmentItemsGetList</serivcename>
			<protocol>DLAQSYS_AssessmentItemsGetList</protocol>
			</service>
						<service>
			<serivcename>AssessmentItemsSaveAssessment</serivcename>
			<protocol>DLAQSYS_AssessmentItemsSaveAssessment</protocol>
			</service>
						<service>
			<serivcename>AssessmentRecordSaveAccess</serivcename>
			<protocol>DLAQSYS_AssessmentRecordSaveAccess</protocol>
			</service>
						<service>
			<serivcename>AssessmentUpload</serivcename>
			<protocol>DLAQSYS_AssessmentUpload</protocol>
			</service>
						<service>
			<serivcename>EmployeeList</serivcename>
			<protocol>DLAQSYS_EmployeeList</protocol>
			</service>
						<service>
			<serivcename>EventLogsList</serivcename>
			<protocol>DLAQSYS_EventLogsList</protocol>
			</service>
						<service>
			<serivcename>HomeGetUserHomePage</serivcename>
			<protocol>DLAQSYS_HomeGetUserHomePage</protocol>
			</service>
						<service>
			<serivcename>MinioGet</serivcename>
			<protocol>DLAQSYS_Minio</protocol>
			</service>
						<service>
			<serivcename>QuestionGetCurrentPaper</serivcename>
			<protocol>DLAQSYS_QuestionGetCurrentPaper</protocol>
			</service>
						<service>
			<serivcename>QuestionMediaGetCurrentAppraisalMediaUrls</serivcename>
			<protocol>DLAQSYS_QuestionMediaGetCurrentAppraisalMediaUrls</protocol>
			</service>
						<service>
			<serivcename>QuestionMediaUpload</serivcename>
			<protocol>DLAQSYS_QuestionMediaUpload</protocol>
			</service>
						<service>
			<serivcename>QuestionSaveBatch</serivcename>
			<protocol>DLAQSYS_QuestionSaveBatch</protocol>
			</service>
						<service>
			<serivcename>UserCategoryFinalScoreGetCurrentUserScores</serivcename>
			<protocol>DLAQSYS_UserCategoryFinalScoreGetCurrentUserScores</protocol>
			</service>
						<service>
			<serivcename>UserLearningMediaUpload</serivcename>
			<protocol>DLAQSYS_UserLearningMediaUpload</protocol>
			</service>
						<service>
			<serivcename>UserLearningScoreGetCurrentAppraisalPaperAndUserScores</serivcename>
			<protocol>DLAQSYS_UserLearningScoreGetCurrentAppraisalPaperAndUserScores</protocol>
			</service>
						<service>
			<serivcename>UserLearningScoreSaveUserScores</serivcename>
			<protocol>DLAQSYS_UserLearningScoreSaveUserScores</protocol>
			</service>
						<service>
			<serivcename>UserLearningScoreUpdateUserMediaScores</serivcename>
			<protocol>DLAQSYS_UserLearningScoreUpdateUserMediaScores</protocol>
			</service>
							</services>
	</servicesystem>
</servicesystems>