<?xml version="1.0" encoding="UTF-8"?>
<servicesystems>
	<servicesystem>
		<serviceSystemName>ELT</serviceSystemName>
		<serviceSystemDesc>电子摘挂牌</serviceSystemDesc>
		<hostName/>
		<hostIp/>
		<status>add</status>
		
		<protocols>
								<protocol>ELT_BingBankQuery</protocol>
						<protocol>ELT_EcardAreaQuery</protocol>
						<protocol>ELT_EcardDetailQuery</protocol>
						<protocol>ELT_EditEcardQuery</protocol>
						<protocol>ELT_GetUserInfoQuery</protocol>
						<protocol>ELT_LoginQuery</protocol>
						<protocol>ELT_MaintainancePlanQuery</protocol>
						<protocol>ELT_MsgSendQuery</protocol>
						<protocol>ELT_PowerfulQuery</protocol>
						<protocol>ELT_ProfileQuery</protocol>
						<protocol>ELT_PutImageQuery</protocol>
						<protocol>ELT_VerifyWxTokenQuery</protocol>
							</protocols>
		
		<params>
				</params>
		<services>
								<service>
			<serivcename>BingBankQuery</serivcename>
			<protocol>ELT_BingBankQuery</protocol>
			</service>
						<service>
			<serivcename>EcardAreaQuery</serivcename>
			<protocol>ELT_EcardAreaQuery</protocol>
			</service>
						<service>
			<serivcename>EcardDetailQuery</serivcename>
			<protocol>ELT_EcardDetailQuery</protocol>
			</service>
						<service>
			<serivcename>EditEcardQuery</serivcename>
			<protocol>ELT_EditEcardQuery</protocol>
			</service>
						<service>
			<serivcename>GetUserInfoQuery</serivcename>
			<protocol>ELT_GetUserInfoQuery</protocol>
			</service>
						<service>
			<serivcename>LoginQuery</serivcename>
			<protocol>ELT_LoginQuery</protocol>
			</service>
						<service>
			<serivcename>MaintainancePlanQuery</serivcename>
			<protocol>ELT_MaintainancePlanQuery</protocol>
			</service>
						<service>
			<serivcename>MsgSendQuery</serivcename>
			<protocol>ELT_MsgSendQuery</protocol>
			</service>
						<service>
			<serivcename>PowerfulQuery</serivcename>
			<protocol>ELT_PowerfulQuery</protocol>
			</service>
						<service>
			<serivcename>ProfileQuery</serivcename>
			<protocol>ELT_ProfileQuery</protocol>
			</service>
						<service>
			<serivcename>PutImageQuery</serivcename>
			<protocol>ELT_PutImageQuery</protocol>
			</service>
						<service>
			<serivcename>VerifyWxTokenQuery</serivcename>
			<protocol>ELT_VerifyWxTokenQuery</protocol>
			</service>
							</services>
	</servicesystem>
</servicesystems>