<?xml version="1.0" encoding="UTF-8"?>
<servicesystems>
	<servicesystem>
		<serviceSystemName>ERP</serviceSystemName>
		<serviceSystemDesc>集团ERP</serviceSystemDesc>
		<hostName/>
		<hostIp/>
		<status>add</status>
		
		<protocols>
								<protocol>ERP_ApproveCarLoadPointQuery</protocol>
						<protocol>ERP_BeginSamp</protocol>
						<protocol>ERP_BtnListQuery</protocol>
						<protocol>ERP_BusiBasPurWebService</protocol>
						<protocol>ERP_CamerasByRegionCodeQuery</protocol>
						<protocol>ERP_CamerasHLSUrlByCodeQuery</protocol>
						<protocol>ERP_CarArrivaledInfoQuery</protocol>
						<protocol>ERP_CheckPersonAuthority</protocol>
						<protocol>ERP_ComfirmForEndFlow</protocol>
						<protocol>ERP_ConfirmEndFlow</protocol>
						<protocol>ERP_ContractManageLedgeCodeQuery</protocol>
						<protocol>ERP_ContractManageLedgeQuery</protocol>
						<protocol>ERP_CredentialQuery</protocol>
						<protocol>ERP_CredentialVerifyFlow</protocol>
						<protocol>ERP_CredentialVisitRecordAdd</protocol>
						<protocol>ERP_DbProductionSalesInventoryCuttingQuery</protocol>
						<protocol>ERP_DbProductionStorageJudgmentOfInvalidity</protocol>
						<protocol>ERP_ERPExTicketQueryExTicketInfo</protocol>
						<protocol>ERP_EmergencyCarListQuery</protocol>
						<protocol>ERP_ErpCiaQuery</protocol>
						<protocol>ERP_ErpCiaQueryTest</protocol>
						<protocol>ERP_ErpCostTestQuery</protocol>
						<protocol>ERP_ErpCtjjArchForMro</protocol>
						<protocol>ERP_ErpDbProductionSalesStockQuery</protocol>
						<protocol>ERP_ErpHmjjNGEJEmpQuery</protocol>
						<protocol>ERP_ErpZbProductionSalesStockQuery</protocol>
						<protocol>ERP_FinishSamp</protocol>
						<protocol>ERP_FlatStockQuery</protocol>
						<protocol>ERP_GuomaoAffectContractMesQuery</protocol>
						<protocol>ERP_GuomaoAffectContranctInfoTestQuery</protocol>
						<protocol>ERP_GuomaoApproveInfoTestQuery</protocol>
						<protocol>ERP_GuomaoEntrustResReturnFlow</protocol>
						<protocol>ERP_GuomaoEntrustResReturnGetFlow</protocol>
						<protocol>ERP_GuomaoImportStuffContractFlow</protocol>
						<protocol>ERP_GuomaoInerfaceFlow</protocol>
						<protocol>ERP_GuomaoSpareTrustQuery</protocol>
						<protocol>ERP_GuomaoUserInfoQuery</protocol>
						<protocol>ERP_GuomaoUserMessInfoQuery</protocol>
						<protocol>ERP_HgErpCreateAdd</protocol>
						<protocol>ERP_HgErpGetObjSpecQuery</protocol>
						<protocol>ERP_HgErpIsEmpQuery</protocol>
						<protocol>ERP_HhgShareWebService</protocol>
						<protocol>ERP_ILCommonGetInterface</protocol>
						<protocol>ERP_ILCommonGetInterfaceCS</protocol>
						<protocol>ERP_ILCommonPostInterface</protocol>
						<protocol>ERP_ILCommonPostInterfaceCS</protocol>
						<protocol>ERP_JinmaoBidingInfoAdd</protocol>
						<protocol>ERP_JinmaoBidingInfoDel</protocol>
						<protocol>ERP_LandlineQuery</protocol>
						<protocol>ERP_LineCarGetStoreListQuery</protocol>
						<protocol>ERP_LineCarListQuery</protocol>
						<protocol>ERP_LogisticsNodeDetailQuery</protocol>
						<protocol>ERP_LogisticsNodeQuery</protocol>
						<protocol>ERP_LogonMACSourceByConditionsQuery</protocol>
						<protocol>ERP_MatchedWorkflowListQuery</protocol>
						<protocol>ERP_ModifyCreateClockIn</protocol>
						<protocol>ERP_ModifyEndClockIn</protocol>
						<protocol>ERP_ModifyReachClockIn</protocol>
						<protocol>ERP_ModifySampleTime</protocol>
						<protocol>ERP_MonitorManageAddFlow</protocol>
						<protocol>ERP_MonitorManageCancleVerfityFlow</protocol>
						<protocol>ERP_MonitorManageDeleteFlow</protocol>
						<protocol>ERP_MonitorManageHistoryQuery</protocol>
						<protocol>ERP_MonitorManageQuery</protocol>
						<protocol>ERP_MonitorManageVerifyFlow</protocol>
						<protocol>ERP_MonitorManagerUpdateFlow</protocol>
						<protocol>ERP_MonitorPicUpdate</protocol>
						<protocol>ERP_NewDataByMKCode</protocol>
						<protocol>ERP_PmGeStatisticsDataQuery</protocol>
						<protocol>ERP_PreciseAcessInterfaceFlow</protocol>
						<protocol>ERP_PurchaseCarApproveHistoryQuery</protocol>
						<protocol>ERP_PurchaseCarCUpdate</protocol>
						<protocol>ERP_PurchaseCarCancel</protocol>
						<protocol>ERP_PurchaseCarCancelVerifyFlow</protocol>
						<protocol>ERP_PurchaseCarChooseContractFlow</protocol>
						<protocol>ERP_PurchaseCarCompanyTypeQuery</protocol>
						<protocol>ERP_PurchaseCarDetailDel</protocol>
						<protocol>ERP_PurchaseCarDetailGetAdd</protocol>
						<protocol>ERP_PurchaseCarDetailListQuery</protocol>
						<protocol>ERP_PurchaseCarDetailUpdate</protocol>
						<protocol>ERP_PurchaseCarDispatchVerifyFlow</protocol>
						<protocol>ERP_PurchaseCarEnterQuery</protocol>
						<protocol>ERP_PurchaseCarMainAdd</protocol>
						<protocol>ERP_PurchaseCarMainDel</protocol>
						<protocol>ERP_PurchaseCarMainListQuery</protocol>
						<protocol>ERP_PurchaseCarMainUpdate</protocol>
						<protocol>ERP_PurchaseCarModelQuery</protocol>
						<protocol>ERP_PurchaseCarQuery</protocol>
						<protocol>ERP_PurchaseCarTypeAdd</protocol>
						<protocol>ERP_PurchaseCarVerifyFlow</protocol>
						<protocol>ERP_PurchaseGatekeeperQuery</protocol>
						<protocol>ERP_QLMGetSyzlHgl</protocol>
						<protocol>ERP_QueryListByMKCode</protocol>
						<protocol>ERP_RailArrivaledInfoQuery</protocol>
						<protocol>ERP_SHCommonGetInterface</protocol>
						<protocol>ERP_SHCommonGetInterfaceCS</protocol>
						<protocol>ERP_SHCommonPostInterface</protocol>
						<protocol>ERP_SHCommonPostInterfaceCS</protocol>
						<protocol>ERP_SampTaskListQuery</protocol>
						<protocol>ERP_SampTaskQuery</protocol>
						<protocol>ERP_SamplePointQuery</protocol>
						<protocol>ERP_SendDriverWXTruckAdd</protocol>
						<protocol>ERP_SendDriverWXTruckQuery</protocol>
						<protocol>ERP_SendMessageListQuery</protocol>
						<protocol>ERP_SendPoNoMsgForNBFlow</protocol>
						<protocol>ERP_SentAppJsonMatchQuery</protocol>
						<protocol>ERP_ShipArrivaledInfoQuery</protocol>
						<protocol>ERP_ShipIdReceive</protocol>
						<protocol>ERP_ShipInfoQuery</protocol>
						<protocol>ERP_ShipS1ToNbSysQuery</protocol>
						<protocol>ERP_SlabExportStockFlow</protocol>
						<protocol>ERP_SlabExportStockListQuery</protocol>
						<protocol>ERP_SlabGoodsListQuery</protocol>
						<protocol>ERP_SolidStockTransQueery</protocol>
						<protocol>ERP_SpareDrawMoveFlow</protocol>
						<protocol>ERP_StockArrivedVerifyFlow</protocol>
						<protocol>ERP_StockContractInfoQuery</protocol>
						<protocol>ERP_StockINScanInfoQuery</protocol>
						<protocol>ERP_StockInFromXTFlow</protocol>
						<protocol>ERP_StockInnerReturnFlow</protocol>
						<protocol>ERP_StockScanInfoQuery</protocol>
						<protocol>ERP_StockSpareArrivedFlow</protocol>
						<protocol>ERP_StockSpareSendERPFlow</protocol>
						<protocol>ERP_StockSteelINFlow</protocol>
						<protocol>ERP_StocksUnionReturnFlow</protocol>
						<protocol>ERP_SuplierGeographMainteQuery</protocol>
						<protocol>ERP_SuplierGeographMainteSaveFlow</protocol>
						<protocol>ERP_SupplierContentAdd</protocol>
						<protocol>ERP_SupplierContentDeleteFlow</protocol>
						<protocol>ERP_SupplierContentListFlow</protocol>
						<protocol>ERP_SupplierContentMainteFlow</protocol>
						<protocol>ERP_SupplierContentUpdate</protocol>
						<protocol>ERP_SupplierContentVerifyFlow</protocol>
						<protocol>ERP_ThreeExpensesForSteelRollingQuery</protocol>
						<protocol>ERP_ThreeExpensesOfZhongbangFactoryQuery</protocol>
						<protocol>ERP_TruckSelfGoodsTypeQuery</protocol>
						<protocol>ERP_UserInfoQuery</protocol>
						<protocol>ERP_ViewQuery</protocol>
						<protocol>ERP_WXUserBaseInfoQuery</protocol>
						<protocol>ERP_WasteGoodsDataDetailQuery</protocol>
						<protocol>ERP_WasteGoodsMatchVerifyFlow</protocol>
						<protocol>ERP_WasteGoodsOldQuery</protocol>
						<protocol>ERP_WasteGoodsPassportPDAQuery</protocol>
						<protocol>ERP_WasteGoodsPassportQuery</protocol>
						<protocol>ERP_WasteGoodsQuery</protocol>
						<protocol>ERP_WasteGoodsRecognitionFlow</protocol>
						<protocol>ERP_WasteGoodsSubmitFlow</protocol>
						<protocol>ERP_WasteGoodsUpdate</protocol>
						<protocol>ERP_ZbProductionInventoryRebellioAbandonment</protocol>
						<protocol>ERP_ZbProductionSalesInventoryCuttingQuery</protocol>
						<protocol>ERP_ZnyqYqCommonPostQuery</protocol>
						<protocol>ERP_ZnyqYqCommonQuery</protocol>
						<protocol>ERP_aaCodeInsert</protocol>
						<protocol>ERP_aaCodeInsertTest</protocol>
						<protocol>ERP_billInfoCollectNotice</protocol>
						<protocol>ERP_billInfoEnDoreNotice</protocol>
						<protocol>ERP_billInfoImpawnNotice</protocol>
						<protocol>ERP_billInfoResultNotice</protocol>
						<protocol>ERP_cbjcComLHHQuery</protocol>
						<protocol>ERP_getQIYF01List</protocol>
						<protocol>ERP_hmjjNGEJEmpCSQuery</protocol>
						<protocol>ERP_hmjjNGEJEmpQuery</protocol>
						<protocol>ERP_invoiceOpenResultBackERPNotice</protocol>
							</protocols>
		
		<params>
				</params>
		<services>
								<service>
			<serivcename>aaCodeInsert</serivcename>
			<protocol>ERP_aaCodeInsert</protocol>
			</service>
						<service>
			<serivcename>aaCodeInsertTest</serivcename>
			<protocol>ERP_aaCodeInsertTest</protocol>
			</service>
						<service>
			<serivcename>ApproveCarLoadPointQuery</serivcename>
			<protocol>ERP_ApproveCarLoadPointQuery</protocol>
			</service>
						<service>
			<serivcename>BeginSamp</serivcename>
			<protocol>ERP_BeginSamp</protocol>
			</service>
						<service>
			<serivcename>billInfoCollectNotice</serivcename>
			<protocol>ERP_billInfoCollectNotice</protocol>
			</service>
						<service>
			<serivcename>billInfoEnDoreNotice</serivcename>
			<protocol>ERP_billInfoEnDoreNotice</protocol>
			</service>
						<service>
			<serivcename>billInfoImpawnNotice</serivcename>
			<protocol>ERP_billInfoImpawnNotice</protocol>
			</service>
						<service>
			<serivcename>billInfoResultNotice</serivcename>
			<protocol>ERP_billInfoResultNotice</protocol>
			</service>
						<service>
			<serivcename>BtnListQuery</serivcename>
			<protocol>ERP_BtnListQuery</protocol>
			</service>
						<service>
			<serivcename>BusiBasPurWebService</serivcename>
			<protocol>ERP_BusiBasPurWebService</protocol>
			</service>
						<service>
			<serivcename>CamerasByRegionCodeQuery</serivcename>
			<protocol>ERP_CamerasByRegionCodeQuery</protocol>
			</service>
						<service>
			<serivcename>CamerasHLSUrlByCodeQuery</serivcename>
			<protocol>ERP_CamerasHLSUrlByCodeQuery</protocol>
			</service>
						<service>
			<serivcename>CarArrivaledInfoQuery</serivcename>
			<protocol>ERP_CarArrivaledInfoQuery</protocol>
			</service>
						<service>
			<serivcename>cbjcComLHHQuery</serivcename>
			<protocol>ERP_cbjcComLHHQuery</protocol>
			</service>
						<service>
			<serivcename>CheckPersonAuthority</serivcename>
			<protocol>ERP_CheckPersonAuthority</protocol>
			</service>
						<service>
			<serivcename>ComfirmForEndFlow</serivcename>
			<protocol>ERP_ComfirmForEndFlow</protocol>
			</service>
						<service>
			<serivcename>ConfirmEndFlow</serivcename>
			<protocol>ERP_ConfirmEndFlow</protocol>
			</service>
						<service>
			<serivcename>ContractManageLedgeCodeQuery</serivcename>
			<protocol>ERP_ContractManageLedgeCodeQuery</protocol>
			</service>
						<service>
			<serivcename>ContractManageLedgeQuery</serivcename>
			<protocol>ERP_ContractManageLedgeQuery</protocol>
			</service>
						<service>
			<serivcename>CredentialQuery</serivcename>
			<protocol>ERP_CredentialQuery</protocol>
			</service>
						<service>
			<serivcename>CredentialVerifyFlow</serivcename>
			<protocol>ERP_CredentialVerifyFlow</protocol>
			</service>
						<service>
			<serivcename>CredentialVisitRecordAdd</serivcename>
			<protocol>ERP_CredentialVisitRecordAdd</protocol>
			</service>
						<service>
			<serivcename>DbProductionSalesInventoryCuttingQuery</serivcename>
			<protocol>ERP_DbProductionSalesInventoryCuttingQuery</protocol>
			</service>
						<service>
			<serivcename>DbProductionStorageJudgmentOfInvalidity</serivcename>
			<protocol>ERP_DbProductionStorageJudgmentOfInvalidity</protocol>
			</service>
						<service>
			<serivcename>EmergencyCarListQuery</serivcename>
			<protocol>ERP_EmergencyCarListQuery</protocol>
			</service>
						<service>
			<serivcename>ErpCiaQuery</serivcename>
			<protocol>ERP_ErpCiaQuery</protocol>
			</service>
						<service>
			<serivcename>ErpCiaQueryTest</serivcename>
			<protocol>ERP_ErpCiaQueryTest</protocol>
			</service>
						<service>
			<serivcename>ErpCostTestQuery</serivcename>
			<protocol>ERP_ErpCostTestQuery</protocol>
			</service>
						<service>
			<serivcename>ErpCtjjArchForMro</serivcename>
			<protocol>ERP_ErpCtjjArchForMro</protocol>
			</service>
						<service>
			<serivcename>ErpDbProductionSalesStockQuery</serivcename>
			<protocol>ERP_ErpDbProductionSalesStockQuery</protocol>
			</service>
						<service>
			<serivcename>ERPExTicketQueryExTicketInfo</serivcename>
			<protocol>ERP_ERPExTicketQueryExTicketInfo</protocol>
			</service>
						<service>
			<serivcename>ErpHmjjNGEJEmpQuery</serivcename>
			<protocol>ERP_ErpHmjjNGEJEmpQuery</protocol>
			</service>
						<service>
			<serivcename>ERPPmGetStatisticsDataQuery</serivcename>
			<protocol>ERP_PmGeStatisticsDataQuery</protocol>
			</service>
						<service>
			<serivcename>ErpZbProductionSalesStockQuery</serivcename>
			<protocol>ERP_ErpZbProductionSalesStockQuery</protocol>
			</service>
						<service>
			<serivcename>FinishSamp</serivcename>
			<protocol>ERP_FinishSamp</protocol>
			</service>
						<service>
			<serivcename>FlatStockQuery</serivcename>
			<protocol>ERP_FlatStockQuery</protocol>
			</service>
						<service>
			<serivcename>getQIYF01List</serivcename>
			<protocol>ERP_getQIYF01List</protocol>
			</service>
						<service>
			<serivcename>GuomaoAffectContractMesQuery</serivcename>
			<protocol>ERP_GuomaoAffectContractMesQuery</protocol>
			</service>
						<service>
			<serivcename>GuomaoAffectContranctInfoTestQuery</serivcename>
			<protocol>ERP_GuomaoAffectContranctInfoTestQuery</protocol>
			</service>
						<service>
			<serivcename>GuomaoApproveInfoTestQuery</serivcename>
			<protocol>ERP_GuomaoApproveInfoTestQuery</protocol>
			</service>
						<service>
			<serivcename>GuomaoEntrustResReturnFlow</serivcename>
			<protocol>ERP_GuomaoEntrustResReturnFlow</protocol>
			</service>
						<service>
			<serivcename>GuomaoEntrustResReturnGetFlow</serivcename>
			<protocol>ERP_GuomaoEntrustResReturnGetFlow</protocol>
			</service>
						<service>
			<serivcename>GuomaoImportStuffContractFlow</serivcename>
			<protocol>ERP_GuomaoImportStuffContractFlow</protocol>
			</service>
						<service>
			<serivcename>GuomaoInerfaceFlow</serivcename>
			<protocol>ERP_GuomaoInerfaceFlow</protocol>
			</service>
						<service>
			<serivcename>GuomaoSpareTrustQuery</serivcename>
			<protocol>ERP_GuomaoSpareTrustQuery</protocol>
			</service>
						<service>
			<serivcename>GuomaoUserInfoQuery</serivcename>
			<protocol>ERP_GuomaoUserInfoQuery</protocol>
			</service>
						<service>
			<serivcename>GuomaoUserMessInfoQuery</serivcename>
			<protocol>ERP_GuomaoUserMessInfoQuery</protocol>
			</service>
						<service>
			<serivcename>HgErpCreateAdd</serivcename>
			<protocol>ERP_HgErpCreateAdd</protocol>
			</service>
						<service>
			<serivcename>HgErpGetObjSpecQuery</serivcename>
			<protocol>ERP_HgErpGetObjSpecQuery</protocol>
			</service>
						<service>
			<serivcename>HgErpIsEmpQuery</serivcename>
			<protocol>ERP_HgErpIsEmpQuery</protocol>
			</service>
						<service>
			<serivcename>HhgShareWebService</serivcename>
			<protocol>ERP_HhgShareWebService</protocol>
			</service>
						<service>
			<serivcename>hmjjNGEJEmpCSQuery</serivcename>
			<protocol>ERP_hmjjNGEJEmpCSQuery</protocol>
			</service>
						<service>
			<serivcename>hmjjNGEJEmpQuery</serivcename>
			<protocol>ERP_hmjjNGEJEmpQuery</protocol>
			</service>
						<service>
			<serivcename>ILCommonGetInterface</serivcename>
			<protocol>ERP_ILCommonGetInterface</protocol>
			</service>
						<service>
			<serivcename>ILCommonGetInterfaceCS</serivcename>
			<protocol>ERP_ILCommonGetInterfaceCS</protocol>
			</service>
						<service>
			<serivcename>ILCommonPostInterface</serivcename>
			<protocol>ERP_ILCommonPostInterface</protocol>
			</service>
						<service>
			<serivcename>ILCommonPostInterfaceCS</serivcename>
			<protocol>ERP_ILCommonPostInterfaceCS</protocol>
			</service>
						<service>
			<serivcename>invoiceOpenResultBackERPNotice</serivcename>
			<protocol>ERP_invoiceOpenResultBackERPNotice</protocol>
			</service>
						<service>
			<serivcename>JinmaoBidingInfoAdd</serivcename>
			<protocol>ERP_JinmaoBidingInfoAdd</protocol>
			</service>
						<service>
			<serivcename>JinmaoBidingInfoDel</serivcename>
			<protocol>ERP_JinmaoBidingInfoDel</protocol>
			</service>
						<service>
			<serivcename>LandlineQuery</serivcename>
			<protocol>ERP_LandlineQuery</protocol>
			</service>
						<service>
			<serivcename>LineCarGetStoreListQuery</serivcename>
			<protocol>ERP_LineCarGetStoreListQuery</protocol>
			</service>
						<service>
			<serivcename>LineCarListQuery</serivcename>
			<protocol>ERP_LineCarListQuery</protocol>
			</service>
						<service>
			<serivcename>LogisticsNodeDetailQuery</serivcename>
			<protocol>ERP_LogisticsNodeDetailQuery</protocol>
			</service>
						<service>
			<serivcename>LogisticsNodeQuery</serivcename>
			<protocol>ERP_LogisticsNodeQuery</protocol>
			</service>
						<service>
			<serivcename>LogonMACSourceByConditionsQuery</serivcename>
			<protocol>ERP_LogonMACSourceByConditionsQuery</protocol>
			</service>
						<service>
			<serivcename>MatchedWorkflowListQuery</serivcename>
			<protocol>ERP_MatchedWorkflowListQuery</protocol>
			</service>
						<service>
			<serivcename>ModifyCreateClockIn</serivcename>
			<protocol>ERP_ModifyCreateClockIn</protocol>
			</service>
						<service>
			<serivcename>ModifyEndClockIn</serivcename>
			<protocol>ERP_ModifyEndClockIn</protocol>
			</service>
						<service>
			<serivcename>ModifyReachClockIn</serivcename>
			<protocol>ERP_ModifyReachClockIn</protocol>
			</service>
						<service>
			<serivcename>ModifySampleTime</serivcename>
			<protocol>ERP_ModifySampleTime</protocol>
			</service>
						<service>
			<serivcename>MonitorManageAddFlow</serivcename>
			<protocol>ERP_MonitorManageAddFlow</protocol>
			</service>
						<service>
			<serivcename>MonitorManageCancleVerfityFlow</serivcename>
			<protocol>ERP_MonitorManageCancleVerfityFlow</protocol>
			</service>
						<service>
			<serivcename>MonitorManageDeleteFlow</serivcename>
			<protocol>ERP_MonitorManageDeleteFlow</protocol>
			</service>
						<service>
			<serivcename>MonitorManageHistoryQuery</serivcename>
			<protocol>ERP_MonitorManageHistoryQuery</protocol>
			</service>
						<service>
			<serivcename>MonitorManageQuery</serivcename>
			<protocol>ERP_MonitorManageQuery</protocol>
			</service>
						<service>
			<serivcename>MonitorManagerUpdateFlow</serivcename>
			<protocol>ERP_MonitorManagerUpdateFlow</protocol>
			</service>
						<service>
			<serivcename>MonitorManageVerifyFlow</serivcename>
			<protocol>ERP_MonitorManageVerifyFlow</protocol>
			</service>
						<service>
			<serivcename>MonitorPicUpdate</serivcename>
			<protocol>ERP_MonitorPicUpdate</protocol>
			</service>
						<service>
			<serivcename>NewDataByMKCode</serivcename>
			<protocol>ERP_NewDataByMKCode</protocol>
			</service>
						<service>
			<serivcename>PreciseAcessInterfaceFlow</serivcename>
			<protocol>ERP_PreciseAcessInterfaceFlow</protocol>
			</service>
						<service>
			<serivcename>PurchaseCarApproveHistoryQuery</serivcename>
			<protocol>ERP_PurchaseCarApproveHistoryQuery</protocol>
			</service>
						<service>
			<serivcename>PurchaseCarCancel</serivcename>
			<protocol>ERP_PurchaseCarCancel</protocol>
			</service>
						<service>
			<serivcename>PurchaseCarCancelVerifyFlow</serivcename>
			<protocol>ERP_PurchaseCarCancelVerifyFlow</protocol>
			</service>
						<service>
			<serivcename>PurchaseCarChooseContractFlow</serivcename>
			<protocol>ERP_PurchaseCarChooseContractFlow</protocol>
			</service>
						<service>
			<serivcename>PurchaseCarCompanyTypeQuery</serivcename>
			<protocol>ERP_PurchaseCarCompanyTypeQuery</protocol>
			</service>
						<service>
			<serivcename>PurchaseCarCUpdate</serivcename>
			<protocol>ERP_PurchaseCarCUpdate</protocol>
			</service>
						<service>
			<serivcename>PurchaseCarDetailAdd</serivcename>
			<protocol>ERP_PurchaseCarDetailAdd</protocol>
			</service>
						<service>
			<serivcename>PurchaseCarDetailDel</serivcename>
			<protocol>ERP_PurchaseCarDetailDel</protocol>
			</service>
						<service>
			<serivcename>PurchaseCarDetailGetAdd</serivcename>
			<protocol>ERP_PurchaseCarDetailGetAdd</protocol>
			</service>
						<service>
			<serivcename>PurchaseCarDetailListQuery</serivcename>
			<protocol>ERP_PurchaseCarDetailListQuery</protocol>
			</service>
						<service>
			<serivcename>PurchaseCarDetailUpdate</serivcename>
			<protocol>ERP_PurchaseCarDetailUpdate</protocol>
			</service>
						<service>
			<serivcename>PurchaseCarDispatchVerifyFlow</serivcename>
			<protocol>ERP_PurchaseCarDispatchVerifyFlow</protocol>
			</service>
						<service>
			<serivcename>PurchaseCarEnterQuery</serivcename>
			<protocol>ERP_PurchaseCarEnterQuery</protocol>
			</service>
						<service>
			<serivcename>PurchaseCarMainAdd</serivcename>
			<protocol>ERP_PurchaseCarMainAdd</protocol>
			</service>
						<service>
			<serivcename>PurchaseCarMainDel</serivcename>
			<protocol>ERP_PurchaseCarMainDel</protocol>
			</service>
						<service>
			<serivcename>PurchaseCarMainListQuery</serivcename>
			<protocol>ERP_PurchaseCarMainListQuery</protocol>
			</service>
						<service>
			<serivcename>PurchaseCarMainUpdate</serivcename>
			<protocol>ERP_PurchaseCarMainUpdate</protocol>
			</service>
						<service>
			<serivcename>PurchaseCarModelQuery</serivcename>
			<protocol>ERP_PurchaseCarModelQuery</protocol>
			</service>
						<service>
			<serivcename>PurchaseCarQuery</serivcename>
			<protocol>ERP_PurchaseCarQuery</protocol>
			</service>
						<service>
			<serivcename>PurchaseCarTypeAdd</serivcename>
			<protocol>ERP_PurchaseCarTypeAdd</protocol>
			</service>
						<service>
			<serivcename>PurchaseCarVerifyFlow</serivcename>
			<protocol>ERP_PurchaseCarVerifyFlow</protocol>
			</service>
						<service>
			<serivcename>PurchaseGatekeeperQuery</serivcename>
			<protocol>ERP_PurchaseGatekeeperQuery</protocol>
			</service>
						<service>
			<serivcename>QLMGetSyzlHgl</serivcename>
			<protocol>ERP_QLMGetSyzlHgl</protocol>
			</service>
						<service>
			<serivcename>QueryListByMKCode</serivcename>
			<protocol>ERP_QueryListByMKCode</protocol>
			</service>
						<service>
			<serivcename>RailArrivaledInfoQuery</serivcename>
			<protocol>ERP_RailArrivaledInfoQuery</protocol>
			</service>
						<service>
			<serivcename>SamplePointQuery</serivcename>
			<protocol>ERP_SamplePointQuery</protocol>
			</service>
						<service>
			<serivcename>SampTaskListQuery</serivcename>
			<protocol>ERP_SampTaskListQuery</protocol>
			</service>
						<service>
			<serivcename>SampTaskQuery</serivcename>
			<protocol>ERP_SampTaskQuery</protocol>
			</service>
						<service>
			<serivcename>SendDriverWXTruckAdd</serivcename>
			<protocol>ERP_SendDriverWXTruckAdd</protocol>
			</service>
						<service>
			<serivcename>SendDriverWXTruckQuery</serivcename>
			<protocol>ERP_SendDriverWXTruckQuery</protocol>
			</service>
						<service>
			<serivcename>SendMessageListQuery</serivcename>
			<protocol>ERP_SendMessageListQuery</protocol>
			</service>
						<service>
			<serivcename>SendPoNoMsgForNBFlow</serivcename>
			<protocol>ERP_SendPoNoMsgForNBFlow</protocol>
			</service>
						<service>
			<serivcename>SentAppJsonMatchQuery</serivcename>
			<protocol>ERP_SentAppJsonMatchQuery</protocol>
			</service>
						<service>
			<serivcename>SHCommonGetInterface</serivcename>
			<protocol>ERP_SHCommonGetInterface</protocol>
			</service>
						<service>
			<serivcename>SHCommonGetInterfaceCS</serivcename>
			<protocol>ERP_SHCommonGetInterfaceCS</protocol>
			</service>
						<service>
			<serivcename>SHCommonPostInterface</serivcename>
			<protocol>ERP_SHCommonPostInterface</protocol>
			</service>
						<service>
			<serivcename>SHCommonPostInterfaceCS</serivcename>
			<protocol>ERP_SHCommonPostInterfaceCS</protocol>
			</service>
						<service>
			<serivcename>ShipArrivaledInfoQuery</serivcename>
			<protocol>ERP_ShipArrivaledInfoQuery</protocol>
			</service>
						<service>
			<serivcename>ShipIdReceive</serivcename>
			<protocol>ERP_ShipIdReceive</protocol>
			</service>
						<service>
			<serivcename>ShipInfoQuery</serivcename>
			<protocol>ERP_ShipInfoQuery</protocol>
			</service>
						<service>
			<serivcename>ShipS1ToNbSysQuery</serivcename>
			<protocol>ERP_ShipS1ToNbSysQuery</protocol>
			</service>
						<service>
			<serivcename>SlabExportStockFlow</serivcename>
			<protocol>ERP_SlabExportStockFlow</protocol>
			</service>
						<service>
			<serivcename>SlabExportStockListQuery</serivcename>
			<protocol>ERP_SlabExportStockListQuery</protocol>
			</service>
						<service>
			<serivcename>SlabGoodsListQuery</serivcename>
			<protocol>ERP_SlabGoodsListQuery</protocol>
			</service>
						<service>
			<serivcename>SolidStockTransQueery</serivcename>
			<protocol>ERP_SolidStockTransQueery</protocol>
			</service>
						<service>
			<serivcename>SpareDrawMoveFlow</serivcename>
			<protocol>ERP_SpareDrawMoveFlow</protocol>
			</service>
						<service>
			<serivcename>StockArrivedVerifyFlow</serivcename>
			<protocol>ERP_StockArrivedVerifyFlow</protocol>
			</service>
						<service>
			<serivcename>StockContractInfoQuery</serivcename>
			<protocol>ERP_StockContractInfoQuery</protocol>
			</service>
						<service>
			<serivcename>StockInFromXTFlow</serivcename>
			<protocol>ERP_StockInFromXTFlow</protocol>
			</service>
						<service>
			<serivcename>StockInnerReturnFlow</serivcename>
			<protocol>ERP_StockInnerReturnFlow</protocol>
			</service>
						<service>
			<serivcename>StockINScanInfoQuery</serivcename>
			<protocol>ERP_StockINScanInfoQuery</protocol>
			</service>
						<service>
			<serivcename>StockScanInfoQuery</serivcename>
			<protocol>ERP_StockScanInfoQuery</protocol>
			</service>
						<service>
			<serivcename>StockSpareArrivedFlow</serivcename>
			<protocol>ERP_StockSpareArrivedFlow</protocol>
			</service>
						<service>
			<serivcename>StockSpareSendERPFlow</serivcename>
			<protocol>ERP_StockSpareSendERPFlow</protocol>
			</service>
						<service>
			<serivcename>StockSteelINFlow</serivcename>
			<protocol>ERP_StockSteelINFlow</protocol>
			</service>
						<service>
			<serivcename>StocksUnionReturnFlow</serivcename>
			<protocol>ERP_StocksUnionReturnFlow</protocol>
			</service>
						<service>
			<serivcename>SuplierGeographMainteQuery</serivcename>
			<protocol>ERP_SuplierGeographMainteQuery</protocol>
			</service>
						<service>
			<serivcename>SuplierGeographMainteSaveFlow</serivcename>
			<protocol>ERP_SuplierGeographMainteSaveFlow</protocol>
			</service>
						<service>
			<serivcename>SupplierContentAdd</serivcename>
			<protocol>ERP_SupplierContentAdd</protocol>
			</service>
						<service>
			<serivcename>SupplierContentDeleteFlow</serivcename>
			<protocol>ERP_SupplierContentDeleteFlow</protocol>
			</service>
						<service>
			<serivcename>SupplierContentListFlow</serivcename>
			<protocol>ERP_SupplierContentListFlow</protocol>
			</service>
						<service>
			<serivcename>SupplierContentMainteFlow</serivcename>
			<protocol>ERP_SupplierContentMainteFlow</protocol>
			</service>
						<service>
			<serivcename>SupplierContentUpdate</serivcename>
			<protocol>ERP_SupplierContentUpdate</protocol>
			</service>
						<service>
			<serivcename>SupplierContentVerifyFlow</serivcename>
			<protocol>ERP_SupplierContentVerifyFlow</protocol>
			</service>
						<service>
			<serivcename>ThreeExpensesForSteelRollingQuery</serivcename>
			<protocol>ERP_ThreeExpensesForSteelRollingQuery</protocol>
			</service>
						<service>
			<serivcename>ThreeExpensesOfZhongbangFactoryQuery</serivcename>
			<protocol>ERP_ThreeExpensesOfZhongbangFactoryQuery</protocol>
			</service>
						<service>
			<serivcename>TruckSelfGoodsTypeQuery</serivcename>
			<protocol>ERP_TruckSelfGoodsTypeQuery</protocol>
			</service>
						<service>
			<serivcename>UserInfoQuery</serivcename>
			<protocol>ERP_UserInfoQuery</protocol>
			</service>
						<service>
			<serivcename>ViewQuery</serivcename>
			<protocol>ERP_ViewQuery</protocol>
			</service>
						<service>
			<serivcename>WasteGoodsDataDetailQuery</serivcename>
			<protocol>ERP_WasteGoodsDataDetailQuery</protocol>
			</service>
						<service>
			<serivcename>WasteGoodsMatchVerifyFlow</serivcename>
			<protocol>ERP_WasteGoodsMatchVerifyFlow</protocol>
			</service>
						<service>
			<serivcename>WasteGoodsOldQuery</serivcename>
			<protocol>ERP_WasteGoodsOldQuery</protocol>
			</service>
						<service>
			<serivcename>WasteGoodsPassportPDAQuery</serivcename>
			<protocol>ERP_WasteGoodsPassportPDAQuery</protocol>
			</service>
						<service>
			<serivcename>WasteGoodsPassportQuery</serivcename>
			<protocol>ERP_WasteGoodsPassportQuery</protocol>
			</service>
						<service>
			<serivcename>WasteGoodsQuery</serivcename>
			<protocol>ERP_WasteGoodsQuery</protocol>
			</service>
						<service>
			<serivcename>WasteGoodsRecognitionFlow</serivcename>
			<protocol>ERP_WasteGoodsRecognitionFlow</protocol>
			</service>
						<service>
			<serivcename>WasteGoodsSubmitFlow</serivcename>
			<protocol>ERP_WasteGoodsSubmitFlow</protocol>
			</service>
						<service>
			<serivcename>WasteGoodsUpdate</serivcename>
			<protocol>ERP_WasteGoodsUpdate</protocol>
			</service>
						<service>
			<serivcename>WXUserBaseInfoQuery</serivcename>
			<protocol>ERP_WXUserBaseInfoQuery</protocol>
			</service>
						<service>
			<serivcename>ZbProductionInventoryRebellioAbandonment</serivcename>
			<protocol>ERP_ZbProductionInventoryRebellioAbandonment</protocol>
			</service>
						<service>
			<serivcename>ZbProductionSalesInventoryCuttingQuery</serivcename>
			<protocol>ERP_ZbProductionSalesInventoryCuttingQuery</protocol>
			</service>
						<service>
			<serivcename>ZnyqYqCommonPostQuery</serivcename>
			<protocol>ERP_ZnyqYqCommonPostQuery</protocol>
			</service>
						<service>
			<serivcename>ZnyqYqCommonQuery</serivcename>
			<protocol>ERP_ZnyqYqCommonQuery</protocol>
			</service>
							</services>
	</servicesystem>
</servicesystems>