<?xml version="1.0" encoding="UTF-8"?>
<servicesystems>
	<servicesystem>
		<serviceSystemName>GMICRMT</serviceSystemName>
		<serviceSystemDesc>国贸驾驶舱和供应商</serviceSystemDesc>
		<hostName/>
		<hostIp/>
		<status>add</status>
		
		<protocols>
								<protocol>GMICRMT_asyncSupplier</protocol>
						<protocol>GMICRM_GmAsyncSupplierAndCustom</protocol>
							</protocols>
		
		<params>
				</params>
		<services>
								<service>
			<serivcename>GMAsyncSupplier</serivcename>
			<protocol>GMICRMT_asyncSupplier</protocol>
			</service>
						<service>
			<serivcename>GmAsyncSupplierAndCustom</serivcename>
			<protocol>GMICRM_GmAsyncSupplierAndCustom</protocol>
			</service>
							</services>
	</servicesystem>
</servicesystems>