<?xml version="1.0" encoding="UTF-8"?>
<servicesystems>
	<servicesystem>
		<serviceSystemName>GNXKSYS</serviceSystemName>
		<serviceSystemDesc>港南新库项目</serviceSystemDesc>
		<hostName/>
		<hostIp/>
		<status>add</status>
		
		<protocols>
								<protocol>GNXKSYS_ActiveQuery</protocol>
						<protocol>GNXKSYS_ConfirmUnLoadSync</protocol>
						<protocol>GNXKSYS_RequestNowTrainSync</protocol>
							</protocols>
		
		<params>
				</params>
		<services>
								<service>
			<serivcename>ActiveQuery</serivcename>
			<protocol>GNXKSYS_ActiveQuery</protocol>
			</service>
						<service>
			<serivcename>ConfirmUnLoadSync</serivcename>
			<protocol>GNXKSYS_ConfirmUnLoadSync</protocol>
			</service>
						<service>
			<serivcename>RequestNowTrainSync</serivcename>
			<protocol>GNXKSYS_RequestNowTrainSync</protocol>
			</service>
							</services>
	</servicesystem>
</servicesystems>