<?xml version="1.0" encoding="UTF-8"?>
<servicesystems>
	<servicesystem>
		<serviceSystemName>JYJXKB</serviceSystemName>
		<serviceSystemDesc>经营绩效看板</serviceSystemDesc>
		<hostName/>
		<hostIp/>
		<status>add</status>
		
		<protocols>
								<protocol>JYJXKB_KbInfoQuery</protocol>
							</protocols>
		
		<params>
				</params>
		<services>
								<service>
			<serivcename>KbInfoQuery</serivcename>
			<protocol>JYJXKB_KbInfoQuery</protocol>
			</service>
							</services>
	</servicesystem>
</servicesystems>