<?xml version="1.0" encoding="UTF-8"?>
<servicesystems>
	<servicesystem>
		<serviceSystemName>LJSDB</serviceSystemName>
		<serviceSystemDesc>劳杰斯数据库</serviceSystemDesc>
		<hostName/>
		<hostIp/>
		<status>add</status>
		
		<protocols>
								<protocol>LJSDB_ZhyyDdmsCkgstjzzQuery</protocol>
						<protocol>LJSDB_ZhyyModeMonitorStopWarnQuery</protocol>
						<protocol>LJSDB_ZhyyProIronSteelVisualLJSDBQuery</protocol>
						<protocol>LJSDB_ZhyyRailwayTwoIronWaterTrend</protocol>
						<protocol>LJSDB_ZhyyTdCkggsTotalQuery</protocol>
						<protocol>LJSDB_ZhyyTdCkgstjQuery</protocol>
						<protocol>LJSDB_ZhyyTdDdmsOneIronTrendQuery</protocol>
						<protocol>LJSDB_ZhyyTdDdmsYlgszzlQuery</protocol>
						<protocol>LJSDB_ZhyyTdDdmsYtyjxxQuery</protocol>
						<protocol>LJSDB_ZhyyTdEtDirectionDecisionQuery</protocol>
						<protocol>LJSDB_ZhyyTdGetchutiekouxinxiQuery</protocol>
						<protocol>LJSDB_ZhyyTdJqGtPhTQuery</protocol>
						<protocol>LJSDB_ZhyyTdLgqZtQuery</protocol>
						<protocol>LJSDB_ZhyyTdMonitorStopCostTwovQuery</protocol>
						<protocol>LJSDB_ZhyyTdScrapPreheatingQuery</protocol>
						<protocol>LJSDB_ZhyyTdSteelDgQuery</protocol>
						<protocol>LJSDB_ZhyyTdYlgsTotalQuery</protocol>
						<protocol>LJSDB_ZhyyTdYlgstjQuery</protocol>
						<protocol>LJSDB_ZhyyTdYtDirectionDecisionQuery</protocol>
						<protocol>LJSDB_ZhyyTdjqFeigangQuery</protocol>
						<protocol>LJSDB_ZhyyTdjqGtPhQuery</protocol>
						<protocol>LJSDB_ZhyyTdjqLtgGlgsgQuery</protocol>
						<protocol>LJSDB_ZhyyTdjqLtqGlgQuery</protocol>
						<protocol>LJSDB_ZhyyTdjqLtqGlgSfsgQuery</protocol>
						<protocol>LJSDB_ZhyyTdjqLtqGlsjQuery</protocol>
						<protocol>LJSDB_ZhyyTdjqZtgKgWeiGuoQuery</protocol>
						<protocol>LJSDB_ZhyyTdjqZtgKgYiGuoQuery</protocol>
						<protocol>LJSDB_ZhyyTdjqZtgZgWeiGuoQuery</protocol>
						<protocol>LJSDB_ZhyyTdjqZtgZgYiGuoQuery</protocol>
						<protocol>LJSDB_ZhyyTsfpFeigangQuery</protocol>
						<protocol>LJSDB_ZhyyTsfpFurnaceProductionQuery</protocol>
						<protocol>LJSDB_ZhyyTsfpMoltenIronFlowQuery</protocol>
						<protocol>LJSDB_ZhyyTyEtyjxxQuery</protocol>
							</protocols>
		
		<params>
				</params>
		<services>
								<service>
			<serivcename>ZhyyDdmsCkgstjzzQuery</serivcename>
			<protocol>LJSDB_ZhyyDdmsCkgstjzzQuery</protocol>
			</service>
						<service>
			<serivcename>ZhyyModeMonitorStopWarnQuery</serivcename>
			<protocol>LJSDB_ZhyyModeMonitorStopWarnQuery</protocol>
			</service>
						<service>
			<serivcename>ZhyyProIronSteelVisualLJSDBQuery</serivcename>
			<protocol>LJSDB_ZhyyProIronSteelVisualLJSDBQuery</protocol>
			</service>
						<service>
			<serivcename>ZhyyRailwayTwoIronWaterTrend</serivcename>
			<protocol>LJSDB_ZhyyRailwayTwoIronWaterTrend</protocol>
			</service>
						<service>
			<serivcename>ZhyyTdCkggsTotalQuery</serivcename>
			<protocol>LJSDB_ZhyyTdCkggsTotalQuery</protocol>
			</service>
						<service>
			<serivcename>ZhyyTdCkgstjQuery</serivcename>
			<protocol>LJSDB_ZhyyTdCkgstjQuery</protocol>
			</service>
						<service>
			<serivcename>ZhyyTdDdmsOneIronTrendQuery</serivcename>
			<protocol>LJSDB_ZhyyTdDdmsOneIronTrendQuery</protocol>
			</service>
						<service>
			<serivcename>ZhyyTdDdmsYlgszzlQuery</serivcename>
			<protocol>LJSDB_ZhyyTdDdmsYlgszzlQuery</protocol>
			</service>
						<service>
			<serivcename>ZhyyTdDdmsYtyjxxQuery</serivcename>
			<protocol>LJSDB_ZhyyTdDdmsYtyjxxQuery</protocol>
			</service>
						<service>
			<serivcename>ZhyyTdEtDirectionDecisionQuery</serivcename>
			<protocol>LJSDB_ZhyyTdEtDirectionDecisionQuery</protocol>
			</service>
						<service>
			<serivcename>ZhyyTdGetchutiekouxinxiQuery</serivcename>
			<protocol>LJSDB_ZhyyTdGetchutiekouxinxiQuery</protocol>
			</service>
						<service>
			<serivcename>ZhyyTdjqFeigangQuery</serivcename>
			<protocol>LJSDB_ZhyyTdjqFeigangQuery</protocol>
			</service>
						<service>
			<serivcename>ZhyyTdjqGtPhQuery</serivcename>
			<protocol>LJSDB_ZhyyTdjqGtPhQuery</protocol>
			</service>
						<service>
			<serivcename>ZhyyTdJqGtPhTQuery</serivcename>
			<protocol>LJSDB_ZhyyTdJqGtPhTQuery</protocol>
			</service>
						<service>
			<serivcename>ZhyyTdjqLtgGlgsgQuery</serivcename>
			<protocol>LJSDB_ZhyyTdjqLtgGlgsgQuery</protocol>
			</service>
						<service>
			<serivcename>ZhyyTdjqLtqGlgQuery</serivcename>
			<protocol>LJSDB_ZhyyTdjqLtqGlgQuery</protocol>
			</service>
						<service>
			<serivcename>ZhyyTdjqLtqGlgSfsgQuery</serivcename>
			<protocol>LJSDB_ZhyyTdjqLtqGlgSfsgQuery</protocol>
			</service>
						<service>
			<serivcename>ZhyyTdjqLtqGlsjQuery</serivcename>
			<protocol>LJSDB_ZhyyTdjqLtqGlsjQuery</protocol>
			</service>
						<service>
			<serivcename>ZhyyTdjqZtgKgWeiGuoQuery</serivcename>
			<protocol>LJSDB_ZhyyTdjqZtgKgWeiGuoQuery</protocol>
			</service>
						<service>
			<serivcename>ZhyyTdjqZtgKgYiGuoQuery</serivcename>
			<protocol>LJSDB_ZhyyTdjqZtgKgYiGuoQuery</protocol>
			</service>
						<service>
			<serivcename>ZhyyTdjqZtgZgWeiGuoQuery</serivcename>
			<protocol>LJSDB_ZhyyTdjqZtgZgWeiGuoQuery</protocol>
			</service>
						<service>
			<serivcename>ZhyyTdjqZtgZgYiGuoQuery</serivcename>
			<protocol>LJSDB_ZhyyTdjqZtgZgYiGuoQuery</protocol>
			</service>
						<service>
			<serivcename>ZhyyTdLgqZtQuery</serivcename>
			<protocol>LJSDB_ZhyyTdLgqZtQuery</protocol>
			</service>
						<service>
			<serivcename>ZhyyTdMonitorStopCostTwovQuery</serivcename>
			<protocol>LJSDB_ZhyyTdMonitorStopCostTwovQuery</protocol>
			</service>
						<service>
			<serivcename>ZhyyTdScrapPreheatingQuery</serivcename>
			<protocol>LJSDB_ZhyyTdScrapPreheatingQuery</protocol>
			</service>
						<service>
			<serivcename>ZhyyTdSteelDgQuery</serivcename>
			<protocol>LJSDB_ZhyyTdSteelDgQuery</protocol>
			</service>
						<service>
			<serivcename>ZhyyTdYlgstjQuery</serivcename>
			<protocol>LJSDB_ZhyyTdYlgstjQuery</protocol>
			</service>
						<service>
			<serivcename>ZhyyTdYlgsTotalQuery</serivcename>
			<protocol>LJSDB_ZhyyTdYlgsTotalQuery</protocol>
			</service>
						<service>
			<serivcename>ZhyyTdYtDirectionDecisionQuery</serivcename>
			<protocol>LJSDB_ZhyyTdYtDirectionDecisionQuery</protocol>
			</service>
						<service>
			<serivcename>ZhyyTsfpFeigangQuery</serivcename>
			<protocol>LJSDB_ZhyyTsfpFeigangQuery</protocol>
			</service>
						<service>
			<serivcename>ZhyyTsfpFurnaceProductionQuery</serivcename>
			<protocol>LJSDB_ZhyyTsfpFurnaceProductionQuery</protocol>
			</service>
						<service>
			<serivcename>ZhyyTsfpMoltenIronFlowQuery</serivcename>
			<protocol>LJSDB_ZhyyTsfpMoltenIronFlowQuery</protocol>
			</service>
						<service>
			<serivcename>ZhyyTyEtyjxxQuery</serivcename>
			<protocol>LJSDB_ZhyyTyEtyjxxQuery</protocol>
			</service>
							</services>
	</servicesystem>
</servicesystems>