<?xml version="1.0" encoding="UTF-8"?>
<servicesystems>
	<servicesystem>
		<serviceSystemName>MJSYS</serviceSystemName>
		<serviceSystemDesc>黑烟门禁系统</serviceSystemDesc>
		<hostName/>
		<hostIp/>
		<status>add</status>
		
		<protocols>
								<protocol>MJSYS_MJFileQuery</protocol>
						<protocol>MJSYS_MJVehicleDataUpdate</protocol>
							</protocols>
		
		<params>
				</params>
		<services>
								<service>
			<serivcename>MJFileQuery</serivcename>
			<protocol>MJSYS_MJFileQuery</protocol>
			</service>
						<service>
			<serivcename>MJVehicleDataUpdate</serivcename>
			<protocol>MJSYS_MJVehicleDataUpdate</protocol>
			</service>
							</services>
	</servicesystem>
</servicesystems>