<?xml version="1.0" encoding="UTF-8"?>
<servicesystems>
	<servicesystem>
		<serviceSystemName>NGDGDB</serviceSystemName>
		<serviceSystemDesc>特带厂中转数据库</serviceSystemDesc>
		<hostName/>
		<hostIp/>
		<status>add</status>
		
		<protocols>
								<protocol>NGDGDB_TgszcTdLotnoQuery</protocol>
						<protocol>NGDGDB_TgszgcTdRhfTrackQuery</protocol>
							</protocols>
		
		<params>
				</params>
		<services>
								<service>
			<serivcename>TgszcTdLotnoQuery</serivcename>
			<protocol>NGDGDB_TgszcTdLotnoQuery</protocol>
			</service>
						<service>
			<serivcename>TgszgcTdRhfTrackQuery</serivcename>
			<protocol>NGDGDB_TgszgcTdRhfTrackQuery</protocol>
			</service>
							</services>
	</servicesystem>
</servicesystems>