<?xml version="1.0" encoding="UTF-8"?>
<servicesystems>
	<servicesystem>
		<serviceSystemName>NGMTTS</serviceSystemName>
		<serviceSystemDesc>南钢码头提升系统</serviceSystemDesc>
		<hostName/>
		<hostIp/>
		<status>add</status>
		
		<protocols>
								<protocol>NGMTTS_AdDataInsert</protocol>
						<protocol>NGMTTS_FindAdData</protocol>
						<protocol>NGMTTS_FindAllPoll</protocol>
						<protocol>NGMTTS_InsertPoll</protocol>
						<protocol>NGMTTS_NgmttsFireFightPointQuery</protocol>
						<protocol>NGMTTS_NgmttsGetDustMonitorPointQuery</protocol>
						<protocol>NGMTTS_NgmttsGetFireFightPointQuery</protocol>
						<protocol>NGMTTS_NgmttsGetWaterMonitorPointQuery</protocol>
						<protocol>NGMTTS_ShipImageUpload</protocol>
						<protocol>NGMTTS_YingLiDataInsert</protocol>
						<protocol>NGMTTS_YlErrorData</protocol>
							</protocols>
		
		<params>
				</params>
		<services>
								<service>
			<serivcename>AdDataInsert</serivcename>
			<protocol>NGMTTS_AdDataInsert</protocol>
			</service>
						<service>
			<serivcename>FindAdData</serivcename>
			<protocol>NGMTTS_FindAdData</protocol>
			</service>
						<service>
			<serivcename>FindAllPoll</serivcename>
			<protocol>NGMTTS_FindAllPoll</protocol>
			</service>
						<service>
			<serivcename>InsertPoll</serivcename>
			<protocol>NGMTTS_InsertPoll</protocol>
			</service>
						<service>
			<serivcename>NgmttsFireFightPointQuery</serivcename>
			<protocol>NGMTTS_NgmttsFireFightPointQuery</protocol>
			</service>
						<service>
			<serivcename>NgmttsGetDustMonitorPointQuery</serivcename>
			<protocol>NGMTTS_NgmttsGetDustMonitorPointQuery</protocol>
			</service>
						<service>
			<serivcename>NgmttsGetFireFightPointQuery</serivcename>
			<protocol>NGMTTS_NgmttsGetFireFightPointQuery</protocol>
			</service>
						<service>
			<serivcename>NgmttsGetWaterMonitorPointQuery</serivcename>
			<protocol>NGMTTS_NgmttsGetWaterMonitorPointQuery</protocol>
			</service>
						<service>
			<serivcename>ShipImageUpload</serivcename>
			<protocol>NGMTTS_ShipImageUpload</protocol>
			</service>
						<service>
			<serivcename>YingLiDataInsert</serivcename>
			<protocol>NGMTTS_YingLiDataInsert</protocol>
			</service>
						<service>
			<serivcename>YlErrorData</serivcename>
			<protocol>NGMTTS_YlErrorData</protocol>
			</service>
							</services>
	</servicesystem>
</servicesystems>