<?xml version="1.0" encoding="UTF-8"?>
<servicesystems>
	<servicesystem>
		<serviceSystemName>NISCOSMS</serviceSystemName>
		<serviceSystemDesc>南钢短信平台</serviceSystemDesc>
		<hostName/>
		<hostIp/>
		<status>add</status>
		
		<protocols>
								<protocol>NISCOSMS_MsgSend</protocol>
						<protocol>NISCOSMS_MsgSendNew</protocol>
							</protocols>
		
		<params>
				</params>
		<services>
								<service>
			<serivcename>MsgSend</serivcename>
			<protocol>NISCOSMS_MsgSend</protocol>
			</service>
						<service>
			<serivcename>MsgSendNew</serivcename>
			<protocol>NISCOSMS_MsgSendNew</protocol>
			</service>
							</services>
	</servicesystem>
</servicesystems>