<?xml version="1.0" encoding="UTF-8"?>
<servicesystems>
	<servicesystem>
		<serviceSystemName>OADB</serviceSystemName>
		<serviceSystemDesc>协同OA数据库</serviceSystemDesc>
		<hostName/>
		<hostIp/>
		<status>add</status>
		
		<protocols>
								<protocol>OADB_OADBHrmResourceQuery</protocol>
						<protocol>OADB_OADBWorkflowHandleTimeDetailQuery</protocol>
						<protocol>OADB_OADBWorkflowRequestCountAndHandleTime</protocol>
						<protocol>OADB_OADBWorkflowRequestNodeInfoQuery</protocol>
						<protocol>OADB_OADBWorkflowSupportDomainCount</protocol>
							</protocols>
		
		<params>
				</params>
		<services>
								<service>
			<serivcename>OADBHrmResourceQuery</serivcename>
			<protocol>OADB_OADBHrmResourceQuery</protocol>
			</service>
						<service>
			<serivcename>OADBWorkflowHandleTimeDetailQuery</serivcename>
			<protocol>OADB_OADBWorkflowHandleTimeDetailQuery</protocol>
			</service>
						<service>
			<serivcename>OADBWorkflowRequestCountAndHandleTime</serivcename>
			<protocol>OADB_OADBWorkflowRequestCountAndHandleTime</protocol>
			</service>
						<service>
			<serivcename>OADBWorkflowRequestNodeInfoQuery</serivcename>
			<protocol>OADB_OADBWorkflowRequestNodeInfoQuery</protocol>
			</service>
						<service>
			<serivcename>OADBWorkflowSupportDomainCount</serivcename>
			<protocol>OADB_OADBWorkflowSupportDomainCount</protocol>
			</service>
							</services>
	</servicesystem>
</servicesystems>