<?xml version="1.0" encoding="UTF-8"?>
<servicesystems>
	<servicesystem>
		<serviceSystemName>QMSDORISDB</serviceSystemName>
		<serviceSystemDesc>钢轧集控Doris数据库</serviceSystemDesc>
		<hostName/>
		<hostIp/>
		<status>add</status>
		
		<protocols>
								<protocol>QMSDORISDB_EntryStoveAchievementOutputTestQuery</protocol>
							</protocols>
		
		<params>
				</params>
		<services>
								<service>
			<serivcename>EntryStoveAchievementOutputTestQuery</serivcename>
			<protocol>QMSDORISDB_EntryStoveAchievementOutputTestQuery</protocol>
			</service>
							</services>
	</servicesystem>
</servicesystems>