<?xml version="1.0" encoding="UTF-8"?>
<servicesystems>
	<servicesystem>
		<serviceSystemName>SBGLERPDB</serviceSystemName>
		<serviceSystemDesc>设备管理ERP数据库</serviceSystemDesc>
		<hostName/>
		<hostIp/>
		<status>add</status>
		
		<protocols>
								<protocol>SBGLERPDB_AccessplanQuery</protocol>
						<protocol>SBGLERPDB_Bccpwgt4569Query</protocol>
							</protocols>
		
		<params>
				</params>
		<services>
								<service>
			<serivcename>AccessplanQuery</serivcename>
			<protocol>SBGLERPDB_AccessplanQuery</protocol>
			</service>
						<service>
			<serivcename>Bccpwgt4569Query</serivcename>
			<protocol>SBGLERPDB_Bccpwgt4569Query</protocol>
			</service>
							</services>
	</servicesystem>
</servicesystems>