<?xml version="1.0" encoding="UTF-8"?>
<servicesystems>
	<servicesystem>
		<serviceSystemName>SPMS</serviceSystemName>
		<serviceSystemDesc>物流中心船运管理系统</serviceSystemDesc>
		<hostName/>
		<hostIp/>
		<status>add</status>
		
		<protocols>
								<protocol>SPMS_AddMessageQuery</protocol>
						<protocol>SPMS_AddMessageTestQuery</protocol>
						<protocol>SPMS_AutoCertDownloadQuery</protocol>
						<protocol>SPMS_AutoCertSealUpdate</protocol>
						<protocol>SPMS_AutoCertTokenQuery</protocol>
						<protocol>SPMS_BorrowShipListQuery</protocol>
						<protocol>SPMS_BorrowShipListTestQuery</protocol>
						<protocol>SPMS_BzgkOpenFileDownloadQuery</protocol>
						<protocol>SPMS_BzgkOpenFileDownloadTestQuery</protocol>
						<protocol>SPMS_CostShareAdd</protocol>
						<protocol>SPMS_CostShareUploadFileAdd</protocol>
						<protocol>SPMS_DispatchWeightTestUpdate</protocol>
						<protocol>SPMS_DispatchWeightUpdate</protocol>
						<protocol>SPMS_EditShippingNoTestUpdate</protocol>
						<protocol>SPMS_EditShippingNoUpdate</protocol>
						<protocol>SPMS_ErpCommonQuery</protocol>
						<protocol>SPMS_ErpPortalWorkQuery</protocol>
						<protocol>SPMS_ErpShipAcceptQuery</protocol>
						<protocol>SPMS_ErpShipAriveQuery</protocol>
						<protocol>SPMS_ErpShipTranserInfoQuery</protocol>
						<protocol>SPMS_ErpShippingDivQuery</protocol>
						<protocol>SPMS_OpenBzgkAuthTokenQuery</protocol>
						<protocol>SPMS_OpenBzgkAuthTokenTestQuery</protocol>
						<protocol>SPMS_OpenBzgkReceiveALDateTestUpdate</protocol>
						<protocol>SPMS_OpenBzgkReceiveALDateUpdate</protocol>
						<protocol>SPMS_OpenZhgkAuthTokenTestQuery</protocol>
						<protocol>SPMS_OpenZhgkReceiveALDateTestUpdate</protocol>
						<protocol>SPMS_OpenZhgkReceiveWeightTestUpdate</protocol>
						<protocol>SPMS_OpenZjgkAuthTokenQuery</protocol>
						<protocol>SPMS_OpenZjgkAuthTokenTestQuery</protocol>
						<protocol>SPMS_OpenZjgkReceiveALDateTestUpdate</protocol>
						<protocol>SPMS_OpenZjgkReceiveALDateUpdate</protocol>
						<protocol>SPMS_OpenZjgkReceiveShipRegisterTestUpdate</protocol>
						<protocol>SPMS_OpenZjgkReceiveShipRegisterUpdate</protocol>
						<protocol>SPMS_ShipCarStorageQuery</protocol>
						<protocol>SPMS_ShipSaleProductQuery</protocol>
						<protocol>SPMS_SpmsCcOrderQuery</protocol>
						<protocol>SPMS_SpmsConItemQuery</protocol>
						<protocol>SPMS_SpmsContractQuery</protocol>
						<protocol>SPMS_SpmsOnWayShipQuery</protocol>
						<protocol>SPMS_SpmsOrderByContQuery</protocol>
						<protocol>SPMS_SpmsProdTypeQuery</protocol>
						<protocol>SPMS_SpmsShipRevnoQuery</protocol>
						<protocol>SPMS_SpmsStoreQuery</protocol>
						<protocol>SPMS_SyncShipByErpTestUpdate</protocol>
						<protocol>SPMS_SyncShipByErpUpdate</protocol>
						<protocol>SPMS_TransportCompanyInfoQuery</protocol>
						<protocol>SPMS_WxArrivePortListQuery</protocol>
						<protocol>SPMS_WxArrivePortListTestQuery</protocol>
						<protocol>SPMS_WxBoardInfoListQuery</protocol>
						<protocol>SPMS_WxBoardInfoListTestQuery</protocol>
						<protocol>SPMS_WxCommonInfoQuery</protocol>
						<protocol>SPMS_WxCommonInfoTestQuery</protocol>
						<protocol>SPMS_WxDispatchByIdQuery</protocol>
						<protocol>SPMS_WxDispatchByIdTestQuery</protocol>
						<protocol>SPMS_WxDispatchCancelTestUpdate</protocol>
						<protocol>SPMS_WxDispatchCancelUpdate</protocol>
						<protocol>SPMS_WxDispatchCompanyListQuery</protocol>
						<protocol>SPMS_WxDispatchCompanyListTestQuery</protocol>
						<protocol>SPMS_WxDispatchCompleteTestUpdate</protocol>
						<protocol>SPMS_WxDispatchCompleteUpdate</protocol>
						<protocol>SPMS_WxDispatchInfoTestUpdate</protocol>
						<protocol>SPMS_WxDispatchInfoUpdate</protocol>
						<protocol>SPMS_WxDispatchListQuery</protocol>
						<protocol>SPMS_WxDispatchListTestQuery</protocol>
						<protocol>SPMS_WxDispatchSaveAdd</protocol>
						<protocol>SPMS_WxDispatchSaveTestAdd</protocol>
						<protocol>SPMS_WxDispatchSetArriveTestUpdate</protocol>
						<protocol>SPMS_WxDispatchSetArriveUpdate</protocol>
						<protocol>SPMS_WxDispatchSetDepartTestUpdate</protocol>
						<protocol>SPMS_WxDispatchSetDepartUpdate</protocol>
						<protocol>SPMS_WxDispatchShipByIdQuery</protocol>
						<protocol>SPMS_WxDispatchShipByIdTestQuery</protocol>
						<protocol>SPMS_WxDispatchShipListQuery</protocol>
						<protocol>SPMS_WxDispatchShipListTestQuery</protocol>
						<protocol>SPMS_WxDispatchShipLogQuery</protocol>
						<protocol>SPMS_WxDispatchShipLogTestQuery</protocol>
						<protocol>SPMS_WxDispatchStartTestUpdate</protocol>
						<protocol>SPMS_WxDispatchStartUpdate</protocol>
						<protocol>SPMS_WxDomesticPortsListQuery</protocol>
						<protocol>SPMS_WxDomesticPortsListTestQuery</protocol>
						<protocol>SPMS_WxEarlyMessageByUserNoQuery</protocol>
						<protocol>SPMS_WxEarlyMessageByUserNoTestQuery</protocol>
						<protocol>SPMS_WxEarlyMessageInfoByIdQuery</protocol>
						<protocol>SPMS_WxEarlyMessageInfoByIdTestQuery</protocol>
						<protocol>SPMS_WxEarlyMessageStatusByIdTestUpdate</protocol>
						<protocol>SPMS_WxEarlyMessageStatusByIdUpdate</protocol>
						<protocol>SPMS_WxErpMaterialInfoListQuery</protocol>
						<protocol>SPMS_WxErpMaterialInfoListTestQuery</protocol>
						<protocol>SPMS_WxFindMeberShipQuery</protocol>
						<protocol>SPMS_WxFindMeberShipTestQuery</protocol>
						<protocol>SPMS_WxHgCargoListQuery</protocol>
						<protocol>SPMS_WxHgCargoListTestQuery</protocol>
						<protocol>SPMS_WxLoadPortListQuery</protocol>
						<protocol>SPMS_WxLoadPortListTestQuery</protocol>
						<protocol>SPMS_WxLoginTokenQuery</protocol>
						<protocol>SPMS_WxLoginTokenTestQuery</protocol>
						<protocol>SPMS_WxMaterialTypeListQuery</protocol>
						<protocol>SPMS_WxMaterialTypeListTestQuery</protocol>
						<protocol>SPMS_WxMenuPermissQuery</protocol>
						<protocol>SPMS_WxMenuPermissTestQuery</protocol>
						<protocol>SPMS_WxProductSalesEditAdd</protocol>
						<protocol>SPMS_WxProductSalesEditTestAdd</protocol>
						<protocol>SPMS_WxProductSalesImportAdd</protocol>
						<protocol>SPMS_WxProductSalesImportTestAdd</protocol>
						<protocol>SPMS_WxProductSalesListQuery</protocol>
						<protocol>SPMS_WxProductSalesListTestQuery</protocol>
						<protocol>SPMS_WxProductSalesTempQuery</protocol>
						<protocol>SPMS_WxProductSalesTempTestQuery</protocol>
						<protocol>SPMS_WxSelectMtrlListQuery</protocol>
						<protocol>SPMS_WxSelectMtrlListTestQuery</protocol>
						<protocol>SPMS_WxShipCodeListQuery</protocol>
						<protocol>SPMS_WxShipCodeListTestQuery</protocol>
						<protocol>SPMS_WxTraceCancelShipTestUpdate</protocol>
						<protocol>SPMS_WxTraceCancelShipUpdate</protocol>
						<protocol>SPMS_WxTraceConfirmTestUpdate</protocol>
						<protocol>SPMS_WxTraceConfirmUpdate</protocol>
						<protocol>SPMS_WxTraceFindShipListQuery</protocol>
						<protocol>SPMS_WxTraceFindShipListTestQuery</protocol>
						<protocol>SPMS_WxTraceFindShipQuery</protocol>
						<protocol>SPMS_WxTraceFindShipTestQuery</protocol>
						<protocol>SPMS_WxTraceListQuery</protocol>
						<protocol>SPMS_WxTraceListTestQuery</protocol>
						<protocol>SPMS_WxTracePushPortTestUpdate</protocol>
						<protocol>SPMS_WxTracePushPortUpdate</protocol>
						<protocol>SPMS_WxTraceShipAdd</protocol>
						<protocol>SPMS_WxTraceShipInfoTestUpdate</protocol>
						<protocol>SPMS_WxTraceShipInfoUpdate</protocol>
						<protocol>SPMS_WxTraceShipListQuery</protocol>
						<protocol>SPMS_WxTraceShipListTestQuery</protocol>
						<protocol>SPMS_WxTraceShipTestAdd</protocol>
						<protocol>SPMS_WxTransPoolEditTestUpdate</protocol>
						<protocol>SPMS_WxTransPoolEditUpdate</protocol>
						<protocol>SPMS_WxTransPoolListQuery</protocol>
						<protocol>SPMS_WxTransPoolListTestQuery</protocol>
						<protocol>SPMS_WxTransPoolRouteListQuery</protocol>
						<protocol>SPMS_WxTransPoolRouteListTestQuery</protocol>
						<protocol>SPMS_WxUploadFileAdd</protocol>
						<protocol>SPMS_WxUploadFileTestAdd</protocol>
						<protocol>SPMS_WxUserCompanyTestQuery</protocol>
						<protocol>SPMS_WxUserPasswordTestUpdate</protocol>
						<protocol>SPMS_WxUserPasswordUpdate</protocol>
						<protocol>SPMS_WxUserPhoneTestUpdate</protocol>
						<protocol>SPMS_WxUserPhoneUpdate</protocol>
							</protocols>
		
		<params>
				</params>
		<services>
								<service>
			<serivcename>AddMessageQuery</serivcename>
			<protocol>SPMS_AddMessageQuery</protocol>
			</service>
						<service>
			<serivcename>AddMessageTestQuery</serivcename>
			<protocol>SPMS_AddMessageTestQuery</protocol>
			</service>
						<service>
			<serivcename>AutoCertDownloadQuery</serivcename>
			<protocol>SPMS_AutoCertDownloadQuery</protocol>
			</service>
						<service>
			<serivcename>AutoCertSealUpdate</serivcename>
			<protocol>SPMS_AutoCertSealUpdate</protocol>
			</service>
						<service>
			<serivcename>AutoCertTokenQuery</serivcename>
			<protocol>SPMS_AutoCertTokenQuery</protocol>
			</service>
						<service>
			<serivcename>BorrowShipListQuery</serivcename>
			<protocol>SPMS_BorrowShipListQuery</protocol>
			</service>
						<service>
			<serivcename>BorrowShipListTestQuery</serivcename>
			<protocol>SPMS_BorrowShipListTestQuery</protocol>
			</service>
						<service>
			<serivcename>BzgkOpenFileDownloadQuery</serivcename>
			<protocol>SPMS_BzgkOpenFileDownloadQuery</protocol>
			</service>
						<service>
			<serivcename>BzgkOpenFileDownloadTestQuery</serivcename>
			<protocol>SPMS_BzgkOpenFileDownloadTestQuery</protocol>
			</service>
						<service>
			<serivcename>CostShareAdd</serivcename>
			<protocol>SPMS_CostShareAdd</protocol>
			</service>
						<service>
			<serivcename>CostShareUploadFileAdd</serivcename>
			<protocol>SPMS_CostShareUploadFileAdd</protocol>
			</service>
						<service>
			<serivcename>DispatchWeightTestUpdate</serivcename>
			<protocol>SPMS_DispatchWeightTestUpdate</protocol>
			</service>
						<service>
			<serivcename>DispatchWeightUpdate</serivcename>
			<protocol>SPMS_DispatchWeightUpdate</protocol>
			</service>
						<service>
			<serivcename>EditShippingNoTestUpdate</serivcename>
			<protocol>SPMS_EditShippingNoTestUpdate</protocol>
			</service>
						<service>
			<serivcename>EditShippingNoUpdate</serivcename>
			<protocol>SPMS_EditShippingNoUpdate</protocol>
			</service>
						<service>
			<serivcename>ErpCommonQuery</serivcename>
			<protocol>SPMS_ErpCommonQuery</protocol>
			</service>
						<service>
			<serivcename>ErpPortalWorkQuery</serivcename>
			<protocol>SPMS_ErpPortalWorkQuery</protocol>
			</service>
						<service>
			<serivcename>ErpShipAcceptQuery</serivcename>
			<protocol>SPMS_ErpShipAcceptQuery</protocol>
			</service>
						<service>
			<serivcename>ErpShipAriveQuery</serivcename>
			<protocol>SPMS_ErpShipAriveQuery</protocol>
			</service>
						<service>
			<serivcename>ErpShippingDivQuery</serivcename>
			<protocol>SPMS_ErpShippingDivQuery</protocol>
			</service>
						<service>
			<serivcename>ErpShipTranserInfoQuery</serivcename>
			<protocol>SPMS_ErpShipTranserInfoQuery</protocol>
			</service>
						<service>
			<serivcename>IntTradeOutBoundWayBillDataQuery</serivcename>
			<protocol>SPMS_IntTradeOutBoundWayBillDataQuery</protocol>
			</service>
						<service>
			<serivcename>OpenBzgkAuthTokenQuery</serivcename>
			<protocol>SPMS_OpenBzgkAuthTokenQuery</protocol>
			</service>
						<service>
			<serivcename>OpenBzgkAuthTokenTestQuery</serivcename>
			<protocol>SPMS_OpenBzgkAuthTokenTestQuery</protocol>
			</service>
						<service>
			<serivcename>OpenBzgkReceiveALDateTestUpdate</serivcename>
			<protocol>SPMS_OpenBzgkReceiveALDateTestUpdate</protocol>
			</service>
						<service>
			<serivcename>OpenBzgkReceiveALDateUpdate</serivcename>
			<protocol>SPMS_OpenBzgkReceiveALDateUpdate</protocol>
			</service>
						<service>
			<serivcename>OpenZhgkAuthTokenTestQuery</serivcename>
			<protocol>SPMS_OpenZhgkAuthTokenTestQuery</protocol>
			</service>
						<service>
			<serivcename>OpenZhgkReceiveALDateTestUpdate</serivcename>
			<protocol>SPMS_OpenZhgkReceiveALDateTestUpdate</protocol>
			</service>
						<service>
			<serivcename>OpenZhgkReceiveWeightTestUpdate</serivcename>
			<protocol>SPMS_OpenZhgkReceiveWeightTestUpdate</protocol>
			</service>
						<service>
			<serivcename>OpenZjgkAuthTokenQuery</serivcename>
			<protocol>SPMS_OpenZjgkAuthTokenQuery</protocol>
			</service>
						<service>
			<serivcename>OpenZjgkAuthTokenTestQuery</serivcename>
			<protocol>SPMS_OpenZjgkAuthTokenTestQuery</protocol>
			</service>
						<service>
			<serivcename>OpenZjgkReceiveALDateTestUpdate</serivcename>
			<protocol>SPMS_OpenZjgkReceiveALDateTestUpdate</protocol>
			</service>
						<service>
			<serivcename>OpenZjgkReceiveALDateUpdate</serivcename>
			<protocol>SPMS_OpenZjgkReceiveALDateUpdate</protocol>
			</service>
						<service>
			<serivcename>OpenZjgkReceiveShipRegisterTestUpdate</serivcename>
			<protocol>SPMS_OpenZjgkReceiveShipRegisterTestUpdate</protocol>
			</service>
						<service>
			<serivcename>OpenZjgkReceiveShipRegisterUpdate</serivcename>
			<protocol>SPMS_OpenZjgkReceiveShipRegisterUpdate</protocol>
			</service>
						<service>
			<serivcename>ShipCarStorageQuery</serivcename>
			<protocol>SPMS_ShipCarStorageQuery</protocol>
			</service>
						<service>
			<serivcename>ShipSaleProductQuery</serivcename>
			<protocol>SPMS_ShipSaleProductQuery</protocol>
			</service>
						<service>
			<serivcename>SpmsCcOrderQuery</serivcename>
			<protocol>SPMS_SpmsCcOrderQuery</protocol>
			</service>
						<service>
			<serivcename>SpmsConItemQuery</serivcename>
			<protocol>SPMS_SpmsConItemQuery</protocol>
			</service>
						<service>
			<serivcename>SpmsContractQuery</serivcename>
			<protocol>SPMS_SpmsContractQuery</protocol>
			</service>
						<service>
			<serivcename>SpmsOnWayShipQuery</serivcename>
			<protocol>SPMS_SpmsOnWayShipQuery</protocol>
			</service>
						<service>
			<serivcename>SpmsOrderByContQuery</serivcename>
			<protocol>SPMS_SpmsOrderByContQuery</protocol>
			</service>
						<service>
			<serivcename>SpmsProdTypeQuery</serivcename>
			<protocol>SPMS_SpmsProdTypeQuery</protocol>
			</service>
						<service>
			<serivcename>SpmsShipRevnoQuery</serivcename>
			<protocol>SPMS_SpmsShipRevnoQuery</protocol>
			</service>
						<service>
			<serivcename>SpmsStoreQuery</serivcename>
			<protocol>SPMS_SpmsStoreQuery</protocol>
			</service>
						<service>
			<serivcename>SyncShipByErpTestUpdate</serivcename>
			<protocol>SPMS_SyncShipByErpTestUpdate</protocol>
			</service>
						<service>
			<serivcename>SyncShipByErpUpdate</serivcename>
			<protocol>SPMS_SyncShipByErpUpdate</protocol>
			</service>
						<service>
			<serivcename>TransportCompanyInfoQuery</serivcename>
			<protocol>SPMS_TransportCompanyInfoQuery</protocol>
			</service>
						<service>
			<serivcename>WxArrivePortListQuery</serivcename>
			<protocol>SPMS_WxArrivePortListQuery</protocol>
			</service>
						<service>
			<serivcename>WxArrivePortListTestQuery</serivcename>
			<protocol>SPMS_WxArrivePortListTestQuery</protocol>
			</service>
						<service>
			<serivcename>WxBoardInfoListQuery</serivcename>
			<protocol>SPMS_WxBoardInfoListQuery</protocol>
			</service>
						<service>
			<serivcename>WxBoardInfoListTestQuery</serivcename>
			<protocol>SPMS_WxBoardInfoListTestQuery</protocol>
			</service>
						<service>
			<serivcename>WxCommonInfoQuery</serivcename>
			<protocol>SPMS_WxCommonInfoQuery</protocol>
			</service>
						<service>
			<serivcename>WxCommonInfoTestQuery</serivcename>
			<protocol>SPMS_WxCommonInfoTestQuery</protocol>
			</service>
						<service>
			<serivcename>WxDispatchByIdQuery</serivcename>
			<protocol>SPMS_WxDispatchByIdQuery</protocol>
			</service>
						<service>
			<serivcename>WxDispatchByIdTestQuery</serivcename>
			<protocol>SPMS_WxDispatchByIdTestQuery</protocol>
			</service>
						<service>
			<serivcename>WxDispatchCancelTestUpdate</serivcename>
			<protocol>SPMS_WxDispatchCancelTestUpdate</protocol>
			</service>
						<service>
			<serivcename>WxDispatchCancelUpdate</serivcename>
			<protocol>SPMS_WxDispatchCancelUpdate</protocol>
			</service>
						<service>
			<serivcename>WxDispatchCompanyListQuery</serivcename>
			<protocol>SPMS_WxDispatchCompanyListQuery</protocol>
			</service>
						<service>
			<serivcename>WxDispatchCompanyListTestQuery</serivcename>
			<protocol>SPMS_WxDispatchCompanyListTestQuery</protocol>
			</service>
						<service>
			<serivcename>WxDispatchCompleteTestUpdate</serivcename>
			<protocol>SPMS_WxDispatchCompleteTestUpdate</protocol>
			</service>
						<service>
			<serivcename>WxDispatchCompleteUpdate</serivcename>
			<protocol>SPMS_WxDispatchCompleteUpdate</protocol>
			</service>
						<service>
			<serivcename>WxDispatchInfoTestUpdate</serivcename>
			<protocol>SPMS_WxDispatchInfoTestUpdate</protocol>
			</service>
						<service>
			<serivcename>WxDispatchInfoUpdate</serivcename>
			<protocol>SPMS_WxDispatchInfoUpdate</protocol>
			</service>
						<service>
			<serivcename>WxDispatchListQuery</serivcename>
			<protocol>SPMS_WxDispatchListQuery</protocol>
			</service>
						<service>
			<serivcename>WxDispatchListTestQuery</serivcename>
			<protocol>SPMS_WxDispatchListTestQuery</protocol>
			</service>
						<service>
			<serivcename>WxDispatchSaveAdd</serivcename>
			<protocol>SPMS_WxDispatchSaveAdd</protocol>
			</service>
						<service>
			<serivcename>WxDispatchSaveTestAdd</serivcename>
			<protocol>SPMS_WxDispatchSaveTestAdd</protocol>
			</service>
						<service>
			<serivcename>WxDispatchSetArriveTestUpdate</serivcename>
			<protocol>SPMS_WxDispatchSetArriveTestUpdate</protocol>
			</service>
						<service>
			<serivcename>WxDispatchSetArriveUpdate</serivcename>
			<protocol>SPMS_WxDispatchSetArriveUpdate</protocol>
			</service>
						<service>
			<serivcename>WxDispatchSetDepartTestUpdate</serivcename>
			<protocol>SPMS_WxDispatchSetDepartTestUpdate</protocol>
			</service>
						<service>
			<serivcename>WxDispatchSetDepartUpdate</serivcename>
			<protocol>SPMS_WxDispatchSetDepartUpdate</protocol>
			</service>
						<service>
			<serivcename>WxDispatchShipByIdQuery</serivcename>
			<protocol>SPMS_WxDispatchShipByIdQuery</protocol>
			</service>
						<service>
			<serivcename>WxDispatchShipByIdTestQuery</serivcename>
			<protocol>SPMS_WxDispatchShipByIdTestQuery</protocol>
			</service>
						<service>
			<serivcename>WxDispatchShipListQuery</serivcename>
			<protocol>SPMS_WxDispatchShipListQuery</protocol>
			</service>
						<service>
			<serivcename>WxDispatchShipListTestQuery</serivcename>
			<protocol>SPMS_WxDispatchShipListTestQuery</protocol>
			</service>
						<service>
			<serivcename>WxDispatchShipLogQuery</serivcename>
			<protocol>SPMS_WxDispatchShipLogQuery</protocol>
			</service>
						<service>
			<serivcename>WxDispatchShipLogTestQuery</serivcename>
			<protocol>SPMS_WxDispatchShipLogTestQuery</protocol>
			</service>
						<service>
			<serivcename>WxDispatchStartTestUpdate</serivcename>
			<protocol>SPMS_WxDispatchStartTestUpdate</protocol>
			</service>
						<service>
			<serivcename>WxDispatchStartUpdate</serivcename>
			<protocol>SPMS_WxDispatchStartUpdate</protocol>
			</service>
						<service>
			<serivcename>WxDomesticPortsListQuery</serivcename>
			<protocol>SPMS_WxDomesticPortsListQuery</protocol>
			</service>
						<service>
			<serivcename>WxDomesticPortsListTestQuery</serivcename>
			<protocol>SPMS_WxDomesticPortsListTestQuery</protocol>
			</service>
						<service>
			<serivcename>WxEarlyMessageByUserNoQuery</serivcename>
			<protocol>SPMS_WxEarlyMessageByUserNoQuery</protocol>
			</service>
						<service>
			<serivcename>WxEarlyMessageByUserNoTestQuery</serivcename>
			<protocol>SPMS_WxEarlyMessageByUserNoTestQuery</protocol>
			</service>
						<service>
			<serivcename>WxEarlyMessageInfoByIdQuery</serivcename>
			<protocol>SPMS_WxEarlyMessageInfoByIdQuery</protocol>
			</service>
						<service>
			<serivcename>WxEarlyMessageInfoByIdTestQuery</serivcename>
			<protocol>SPMS_WxEarlyMessageInfoByIdTestQuery</protocol>
			</service>
						<service>
			<serivcename>WxEarlyMessageStatusByIdTestUpdate</serivcename>
			<protocol>SPMS_WxEarlyMessageStatusByIdTestUpdate</protocol>
			</service>
						<service>
			<serivcename>WxEarlyMessageStatusByIdUpdate</serivcename>
			<protocol>SPMS_WxEarlyMessageStatusByIdUpdate</protocol>
			</service>
						<service>
			<serivcename>WxErpMaterialInfoListQuery</serivcename>
			<protocol>SPMS_WxErpMaterialInfoListQuery</protocol>
			</service>
						<service>
			<serivcename>WxErpMaterialInfoListTestQuery</serivcename>
			<protocol>SPMS_WxErpMaterialInfoListTestQuery</protocol>
			</service>
						<service>
			<serivcename>WxFindMeberShipQuery</serivcename>
			<protocol>SPMS_WxFindMeberShipQuery</protocol>
			</service>
						<service>
			<serivcename>WxFindMeberShipTestQuery</serivcename>
			<protocol>SPMS_WxFindMeberShipTestQuery</protocol>
			</service>
						<service>
			<serivcename>WxHgCargoListQuery</serivcename>
			<protocol>SPMS_WxHgCargoListQuery</protocol>
			</service>
						<service>
			<serivcename>WxHgCargoListTestQuery</serivcename>
			<protocol>SPMS_WxHgCargoListTestQuery</protocol>
			</service>
						<service>
			<serivcename>WxLoadPortListQuery</serivcename>
			<protocol>SPMS_WxLoadPortListQuery</protocol>
			</service>
						<service>
			<serivcename>WxLoadPortListTestQuery</serivcename>
			<protocol>SPMS_WxLoadPortListTestQuery</protocol>
			</service>
						<service>
			<serivcename>WxLoginTokenQuery</serivcename>
			<protocol>SPMS_WxLoginTokenQuery</protocol>
			</service>
						<service>
			<serivcename>WxLoginTokenTestQuery</serivcename>
			<protocol>SPMS_WxLoginTokenTestQuery</protocol>
			</service>
						<service>
			<serivcename>WxMaterialTypeListQuery</serivcename>
			<protocol>SPMS_WxMaterialTypeListQuery</protocol>
			</service>
						<service>
			<serivcename>WxMaterialTypeListTestQuery</serivcename>
			<protocol>SPMS_WxMaterialTypeListTestQuery</protocol>
			</service>
						<service>
			<serivcename>WxMenuPermissQuery</serivcename>
			<protocol>SPMS_WxMenuPermissQuery</protocol>
			</service>
						<service>
			<serivcename>WxMenuPermissTestQuery</serivcename>
			<protocol>SPMS_WxMenuPermissTestQuery</protocol>
			</service>
						<service>
			<serivcename>WxProductSalesEditAdd</serivcename>
			<protocol>SPMS_WxProductSalesEditAdd</protocol>
			</service>
						<service>
			<serivcename>WxProductSalesEditTestAdd</serivcename>
			<protocol>SPMS_WxProductSalesEditTestAdd</protocol>
			</service>
						<service>
			<serivcename>WxProductSalesImportAdd</serivcename>
			<protocol>SPMS_WxProductSalesImportAdd</protocol>
			</service>
						<service>
			<serivcename>WxProductSalesImportTestAdd</serivcename>
			<protocol>SPMS_WxProductSalesImportTestAdd</protocol>
			</service>
						<service>
			<serivcename>WxProductSalesListQuery</serivcename>
			<protocol>SPMS_WxProductSalesListQuery</protocol>
			</service>
						<service>
			<serivcename>WxProductSalesListTestQuery</serivcename>
			<protocol>SPMS_WxProductSalesListTestQuery</protocol>
			</service>
						<service>
			<serivcename>WxProductSalesTempQuery</serivcename>
			<protocol>SPMS_WxProductSalesTempQuery</protocol>
			</service>
						<service>
			<serivcename>WxProductSalesTempTestQuery</serivcename>
			<protocol>SPMS_WxProductSalesTempTestQuery</protocol>
			</service>
						<service>
			<serivcename>WxSelectMtrlListQuery</serivcename>
			<protocol>SPMS_WxSelectMtrlListQuery</protocol>
			</service>
						<service>
			<serivcename>WxSelectMtrlListTestQuery</serivcename>
			<protocol>SPMS_WxSelectMtrlListTestQuery</protocol>
			</service>
						<service>
			<serivcename>WxShipCodeListQuery</serivcename>
			<protocol>SPMS_WxShipCodeListQuery</protocol>
			</service>
						<service>
			<serivcename>WxShipCodeListTestQuery</serivcename>
			<protocol>SPMS_WxShipCodeListTestQuery</protocol>
			</service>
						<service>
			<serivcename>WxTraceCancelShipTestUpdate</serivcename>
			<protocol>SPMS_WxTraceCancelShipTestUpdate</protocol>
			</service>
						<service>
			<serivcename>WxTraceCancelShipUpdate</serivcename>
			<protocol>SPMS_WxTraceCancelShipUpdate</protocol>
			</service>
						<service>
			<serivcename>WxTraceConfirmTestUpdate</serivcename>
			<protocol>SPMS_WxTraceConfirmTestUpdate</protocol>
			</service>
						<service>
			<serivcename>WxTraceConfirmUpdate</serivcename>
			<protocol>SPMS_WxTraceConfirmUpdate</protocol>
			</service>
						<service>
			<serivcename>WxTraceFindShipListQuery</serivcename>
			<protocol>SPMS_WxTraceFindShipListQuery</protocol>
			</service>
						<service>
			<serivcename>WxTraceFindShipListTestQuery</serivcename>
			<protocol>SPMS_WxTraceFindShipListTestQuery</protocol>
			</service>
						<service>
			<serivcename>WxTraceFindShipQuery</serivcename>
			<protocol>SPMS_WxTraceFindShipQuery</protocol>
			</service>
						<service>
			<serivcename>WxTraceFindShipTestQuery</serivcename>
			<protocol>SPMS_WxTraceFindShipTestQuery</protocol>
			</service>
						<service>
			<serivcename>WxTraceListQuery</serivcename>
			<protocol>SPMS_WxTraceListQuery</protocol>
			</service>
						<service>
			<serivcename>WxTraceListTestQuery</serivcename>
			<protocol>SPMS_WxTraceListTestQuery</protocol>
			</service>
						<service>
			<serivcename>WxTracePushPortTestUpdate</serivcename>
			<protocol>SPMS_WxTracePushPortTestUpdate</protocol>
			</service>
						<service>
			<serivcename>WxTracePushPortUpdate</serivcename>
			<protocol>SPMS_WxTracePushPortUpdate</protocol>
			</service>
						<service>
			<serivcename>WxTraceShipAdd</serivcename>
			<protocol>SPMS_WxTraceShipAdd</protocol>
			</service>
						<service>
			<serivcename>WxTraceShipInfoTestUpdate</serivcename>
			<protocol>SPMS_WxTraceShipInfoTestUpdate</protocol>
			</service>
						<service>
			<serivcename>WxTraceShipInfoUpdate</serivcename>
			<protocol>SPMS_WxTraceShipInfoUpdate</protocol>
			</service>
						<service>
			<serivcename>WxTraceShipListQuery</serivcename>
			<protocol>SPMS_WxTraceShipListQuery</protocol>
			</service>
						<service>
			<serivcename>WxTraceShipListTestQuery</serivcename>
			<protocol>SPMS_WxTraceShipListTestQuery</protocol>
			</service>
						<service>
			<serivcename>WxTraceShipTestAdd</serivcename>
			<protocol>SPMS_WxTraceShipTestAdd</protocol>
			</service>
						<service>
			<serivcename>WxTransPoolEditTestUpdate</serivcename>
			<protocol>SPMS_WxTransPoolEditTestUpdate</protocol>
			</service>
						<service>
			<serivcename>WxTransPoolEditUpdate</serivcename>
			<protocol>SPMS_WxTransPoolEditUpdate</protocol>
			</service>
						<service>
			<serivcename>WxTransPoolListQuery</serivcename>
			<protocol>SPMS_WxTransPoolListQuery</protocol>
			</service>
						<service>
			<serivcename>WxTransPoolListTestQuery</serivcename>
			<protocol>SPMS_WxTransPoolListTestQuery</protocol>
			</service>
						<service>
			<serivcename>WxTransPoolRouteListQuery</serivcename>
			<protocol>SPMS_WxTransPoolRouteListQuery</protocol>
			</service>
						<service>
			<serivcename>WxTransPoolRouteListTestQuery</serivcename>
			<protocol>SPMS_WxTransPoolRouteListTestQuery</protocol>
			</service>
						<service>
			<serivcename>WxUploadFileAdd</serivcename>
			<protocol>SPMS_WxUploadFileAdd</protocol>
			</service>
						<service>
			<serivcename>WxUploadFileTestAdd</serivcename>
			<protocol>SPMS_WxUploadFileTestAdd</protocol>
			</service>
						<service>
			<serivcename>WxUserCompanyTestQuery</serivcename>
			<protocol>SPMS_WxUserCompanyTestQuery</protocol>
			</service>
						<service>
			<serivcename>WxUserPasswordTestUpdate</serivcename>
			<protocol>SPMS_WxUserPasswordTestUpdate</protocol>
			</service>
						<service>
			<serivcename>WxUserPasswordUpdate</serivcename>
			<protocol>SPMS_WxUserPasswordUpdate</protocol>
			</service>
						<service>
			<serivcename>WxUserPhoneTestUpdate</serivcename>
			<protocol>SPMS_WxUserPhoneTestUpdate</protocol>
			</service>
						<service>
			<serivcename>WxUserPhoneUpdate</serivcename>
			<protocol>SPMS_WxUserPhoneUpdate</protocol>
			</service>
							</services>
	</servicesystem>
</servicesystems>