<?xml version="1.0" encoding="UTF-8"?>
<servicesystems>
	<servicesystem>
		<serviceSystemName>TCDB</serviceSystemName>
		<serviceSystemDesc>铁次数据库</serviceSystemDesc>
		<hostName/>
		<hostIp/>
		<status>add</status>
		
		<protocols>
								<protocol>TCDB_TieciQuery</protocol>
						<protocol>TCDB_YiliangangirononQuery</protocol>
							</protocols>
		
		<params>
				</params>
		<services>
								<service>
			<serivcename>TieciQuery</serivcename>
			<protocol>TCDB_TieciQuery</protocol>
			</service>
						<service>
			<serivcename>YiliangangirononQuery</serivcename>
			<protocol>TCDB_YiliangangirononQuery</protocol>
			</service>
							</services>
	</servicesystem>
</servicesystems>