<?xml version="1.0" encoding="UTF-8"?>
<servicesystems>
	<servicesystem>
		<serviceSystemName>TGMESZBDB</serviceSystemName>
		<serviceSystemDesc>特钢MES灾备数据库</serviceSystemDesc>
		<hostName/>
		<hostIp/>
		<status>add</status>
		
		<protocols>
								<protocol>TGMESZBDB_3DqxQuery</protocol>
						<protocol>TGMESZBDB_AlertQuery</protocol>
						<protocol>TGMESZBDB_AlertReasonQuery</protocol>
						<protocol>TGMESZBDB_AlllushuQuery</protocol>
						<protocol>TGMESZBDB_AvgcycleQuery</protocol>
						<protocol>TGMESZBDB_BcczuoyelvQuery</protocol>
						<protocol>TGMESZBDB_BphhjclQuery</protocol>
						<protocol>TGMESZBDB_BphjlflflQuery</protocol>
						<protocol>TGMESZBDB_BphjlflhjQuery</protocol>
						<protocol>TGMESZBDB_BphjlflwsQuery</protocol>
						<protocol>TGMESZBDB_BphlfsjQuery</protocol>
						<protocol>TGMESZBDB_BphljflclQuery</protocol>
						<protocol>TGMESZBDB_BphrhsjQuery</protocol>
						<protocol>TGMESZBDB_BphzlhjflsjQuery</protocol>
						<protocol>TGMESZBDB_BphzlhjhjsjQuery</protocol>
						<protocol>TGMESZBDB_BphzlsjQuery</protocol>
						<protocol>TGMESZBDB_BphzlsjwssjQuery</protocol>
						<protocol>TGMESZBDB_BynyhglQuery</protocol>
						<protocol>TGMESZBDB_CDaylotenergyQuery</protocol>
						<protocol>TGMESZBDB_CLotHeatartsQuery</protocol>
						<protocol>TGMESZBDB_CLotRollartsQuery</protocol>
						<protocol>TGMESZBDB_CLotheattimePartQuery</protocol>
						<protocol>TGMESZBDB_CMonthHeatpcsQuery</protocol>
						<protocol>TGMESZBDB_CRollDataQuery</protocol>
						<protocol>TGMESZBDB_CSteelAirtotalQuery</protocol>
						<protocol>TGMESZBDB_CTradeWgtQuery</protocol>
						<protocol>TGMESZBDB_CalertDetailQuery</protocol>
						<protocol>TGMESZBDB_CheatCountQuery</protocol>
						<protocol>TGMESZBDB_ClgcQuery</protocol>
						<protocol>TGMESZBDB_CrollCountQuery</protocol>
						<protocol>TGMESZBDB_CsizeCountQuery</protocol>
						<protocol>TGMESZBDB_DateWgtQuery</protocol>
						<protocol>TGMESZBDB_DayCheatdetailQuery</protocol>
						<protocol>TGMESZBDB_DayCrolldetailQuery</protocol>
						<protocol>TGMESZBDB_DuanmianHeatnoQuery</protocol>
						<protocol>TGMESZBDB_EnergyMonthQuery</protocol>
						<protocol>TGMESZBDB_EnergySingleQuery</protocol>
						<protocol>TGMESZBDB_EnergyYearQuery</protocol>
						<protocol>TGMESZBDB_GbylhglQuery</protocol>
						<protocol>TGMESZBDB_GelushuQuery</protocol>
						<protocol>TGMESZBDB_GemaxQuery</protocol>
						<protocol>TGMESZBDB_HeatPcsQuery</protocol>
						<protocol>TGMESZBDB_HeatTradeQuery</protocol>
						<protocol>TGMESZBDB_HomePage001Query</protocol>
						<protocol>TGMESZBDB_HtmzlvQuery</protocol>
						<protocol>TGMESZBDB_InpcsMonthQuery</protocol>
						<protocol>TGMESZBDB_IronelementTieciQuery</protocol>
						<protocol>TGMESZBDB_IronplanQuery</protocol>
						<protocol>TGMESZBDB_LastLotnoScoresQuery</protocol>
						<protocol>TGMESZBDB_Lfavgwgt30Query</protocol>
						<protocol>TGMESZBDB_LfavgwgtQuery</protocol>
						<protocol>TGMESZBDB_LfcfQuery</protocol>
						<protocol>TGMESZBDB_Lfrhdaywgt30Query</protocol>
						<protocol>TGMESZBDB_LfrhdaywgtQuery</protocol>
						<protocol>TGMESZBDB_LotnoTenQuery</protocol>
						<protocol>TGMESZBDB_LwgcQuery</protocol>
						<protocol>TGMESZBDB_Lzwgt30Query</protocol>
						<protocol>TGMESZBDB_LzwgtQuery</protocol>
						<protocol>TGMESZBDB_MLotArtsQuery</protocol>
						<protocol>TGMESZBDB_MesLotPrintQuery</protocol>
						<protocol>TGMESZBDB_MinhglQuery</protocol>
						<protocol>TGMESZBDB_MonthCaipctQuery</protocol>
						<protocol>TGMESZBDB_MonthCheckwasteQuery</protocol>
						<protocol>TGMESZBDB_MonthMidwasteQuery</protocol>
						<protocol>TGMESZBDB_MonthPasspctQuery</protocol>
						<protocol>TGMESZBDB_MonthWgtQuery</protocol>
						<protocol>TGMESZBDB_MonthWorkpctQuery</protocol>
						<protocol>TGMESZBDB_NearclQuery</protocol>
						<protocol>TGMESZBDB_NengyuanNyxhDayQuery</protocol>
						<protocol>TGMESZBDB_NengyuanNyxhQuery</protocol>
						<protocol>TGMESZBDB_NkyelQuery</protocol>
						<protocol>TGMESZBDB_OutputTs02Query</protocol>
						<protocol>TGMESZBDB_OutputTs03Query</protocol>
						<protocol>TGMESZBDB_PassdayWgtQuery</protocol>
						<protocol>TGMESZBDB_PerformancePrediction4Query</protocol>
						<protocol>TGMESZBDB_PerformancePredictionm1Query</protocol>
						<protocol>TGMESZBDB_PerformancePredictionm20Query</protocol>
						<protocol>TGMESZBDB_PlanWgtdelayQuery</protocol>
						<protocol>TGMESZBDB_PlanYearwgtQuery</protocol>
						<protocol>TGMESZBDB_PlanenergyQuery</protocol>
						<protocol>TGMESZBDB_PressLess18Query</protocol>
						<protocol>TGMESZBDB_PressMore18Less20Query</protocol>
						<protocol>TGMESZBDB_PressMore20Query</protocol>
						<protocol>TGMESZBDB_ProInformationQuery</protocol>
						<protocol>TGMESZBDB_PzdzQuery</protocol>
						<protocol>TGMESZBDB_RatInformationQuery</protocol>
						<protocol>TGMESZBDB_RhcfQuery</protocol>
						<protocol>TGMESZBDB_RingNewtimeQuery</protocol>
						<protocol>TGMESZBDB_SbllQuery</protocol>
						<protocol>TGMESZBDB_ShiftSizewgtQuery</protocol>
						<protocol>TGMESZBDB_SlglclQuery</protocol>
						<protocol>TGMESZBDB_SpecyieldQuery</protocol>
						<protocol>TGMESZBDB_SyhqueryQuery</protocol>
						<protocol>TGMESZBDB_TestDataQuery</protocol>
						<protocol>TGMESZBDB_ThreesjtshglQuery</protocol>
						<protocol>TGMESZBDB_ThreesjtshglYearQuery</protocol>
						<protocol>TGMESZBDB_ThreesteelwgtQuery</protocol>
						<protocol>TGMESZBDB_TsctsoQuery</protocol>
						<protocol>TGMESZBDB_TslevelQuery</protocol>
						<protocol>TGMESZBDB_YcgpQuery</protocol>
						<protocol>TGMESZBDB_YearWgtQuery</protocol>
						<protocol>TGMESZBDB_YlzqQuery</protocol>
						<protocol>TGMESZBDB_YulanquBccQuery</protocol>
						<protocol>TGMESZBDB_YulanquEafQuery</protocol>
						<protocol>TGMESZBDB_ZdshglQuery</protocol>
						<protocol>TGMESZBDB_ZhiliangAlt12Query</protocol>
						<protocol>TGMESZBDB_ZhiliangBt12Query</protocol>
						<protocol>TGMESZBDB_ZhiliangDb12Query</protocol>
						<protocol>TGMESZBDB_ZhiliangDcf12Query</protocol>
						<protocol>TGMESZBDB_ZhiliangDcfQuery</protocol>
						<protocol>TGMESZBDB_ZhiliangFgQuery</protocol>
						<protocol>TGMESZBDB_ZhiliangGrd12Query</protocol>
						<protocol>TGMESZBDB_ZhiliangHjQuery</protocol>
						<protocol>TGMESZBDB_ZhiliangLc12Query</protocol>
						<protocol>TGMESZBDB_ZhiliangPwQuery</protocol>
						<protocol>TGMESZBDB_ZhiliangPzrQuery</protocol>
						<protocol>TGMESZBDB_ZhiliangQcbt12Query</protocol>
						<protocol>TGMESZBDB_ZlbjsjQuery</protocol>
						<protocol>TGMESZBDB_ZlcbQuery</protocol>
						<protocol>TGMESZBDB_ZlcbmxQuery</protocol>
						<protocol>TGMESZBDB_ZlcbzylQuery</protocol>
						<protocol>TGMESZBDB_ZlcfQuery</protocol>
						<protocol>TGMESZBDB_ZlcfbdQuery</protocol>
						<protocol>TGMESZBDB_ZlcpcfQuery</protocol>
						<protocol>TGMESZBDB_ZzhglvQuery</protocol>
							</protocols>
		
		<params>
				</params>
		<services>
								<service>
			<serivcename>AlertQuery</serivcename>
			<protocol>TGMESZBDB_AlertQuery</protocol>
			</service>
						<service>
			<serivcename>AlertReasonQuery</serivcename>
			<protocol>TGMESZBDB_AlertReasonQuery</protocol>
			</service>
						<service>
			<serivcename>AlllushuQuery</serivcename>
			<protocol>TGMESZBDB_AlllushuQuery</protocol>
			</service>
						<service>
			<serivcename>AvgcycleQuery</serivcename>
			<protocol>TGMESZBDB_AvgcycleQuery</protocol>
			</service>
						<service>
			<serivcename>BcczuoyelvQuery</serivcename>
			<protocol>TGMESZBDB_BcczuoyelvQuery</protocol>
			</service>
						<service>
			<serivcename>BphhjclQuery</serivcename>
			<protocol>TGMESZBDB_BphhjclQuery</protocol>
			</service>
						<service>
			<serivcename>BphjlflflQuery</serivcename>
			<protocol>TGMESZBDB_BphjlflflQuery</protocol>
			</service>
						<service>
			<serivcename>BphjlflhjQuery</serivcename>
			<protocol>TGMESZBDB_BphjlflhjQuery</protocol>
			</service>
						<service>
			<serivcename>BphjlflwsQuery</serivcename>
			<protocol>TGMESZBDB_BphjlflwsQuery</protocol>
			</service>
						<service>
			<serivcename>BphlfsjQuery</serivcename>
			<protocol>TGMESZBDB_BphlfsjQuery</protocol>
			</service>
						<service>
			<serivcename>BphljflclQuery</serivcename>
			<protocol>TGMESZBDB_BphljflclQuery</protocol>
			</service>
						<service>
			<serivcename>BphrhsjQuery</serivcename>
			<protocol>TGMESZBDB_BphrhsjQuery</protocol>
			</service>
						<service>
			<serivcename>BphzlhjflsjQuery</serivcename>
			<protocol>TGMESZBDB_BphzlhjflsjQuery</protocol>
			</service>
						<service>
			<serivcename>BphzlhjhjsjQuery</serivcename>
			<protocol>TGMESZBDB_BphzlhjhjsjQuery</protocol>
			</service>
						<service>
			<serivcename>BphzlsjQuery</serivcename>
			<protocol>TGMESZBDB_BphzlsjQuery</protocol>
			</service>
						<service>
			<serivcename>BphzlsjwssjQuery</serivcename>
			<protocol>TGMESZBDB_BphzlsjwssjQuery</protocol>
			</service>
						<service>
			<serivcename>BynyhglQuery</serivcename>
			<protocol>TGMESZBDB_BynyhglQuery</protocol>
			</service>
						<service>
			<serivcename>CalertDetailQuery</serivcename>
			<protocol>TGMESZBDB_CalertDetailQuery</protocol>
			</service>
						<service>
			<serivcename>CDaylotenergyQuery</serivcename>
			<protocol>TGMESZBDB_CDaylotenergyQuery</protocol>
			</service>
						<service>
			<serivcename>CheatCountQuery</serivcename>
			<protocol>TGMESZBDB_CheatCountQuery</protocol>
			</service>
						<service>
			<serivcename>ClgcQuery</serivcename>
			<protocol>TGMESZBDB_ClgcQuery</protocol>
			</service>
						<service>
			<serivcename>CLotHeatartsQuery</serivcename>
			<protocol>TGMESZBDB_CLotHeatartsQuery</protocol>
			</service>
						<service>
			<serivcename>CLotheattimePartQuery</serivcename>
			<protocol>TGMESZBDB_CLotheattimePartQuery</protocol>
			</service>
						<service>
			<serivcename>CLotRollartsQuery</serivcename>
			<protocol>TGMESZBDB_CLotRollartsQuery</protocol>
			</service>
						<service>
			<serivcename>CMonthHeatpcsQuery</serivcename>
			<protocol>TGMESZBDB_CMonthHeatpcsQuery</protocol>
			</service>
						<service>
			<serivcename>CrollCountQuery</serivcename>
			<protocol>TGMESZBDB_CrollCountQuery</protocol>
			</service>
						<service>
			<serivcename>CRollDataQuery</serivcename>
			<protocol>TGMESZBDB_CRollDataQuery</protocol>
			</service>
						<service>
			<serivcename>CsizeCountQuery</serivcename>
			<protocol>TGMESZBDB_CsizeCountQuery</protocol>
			</service>
						<service>
			<serivcename>CSteelAirtotalQuery</serivcename>
			<protocol>TGMESZBDB_CSteelAirtotalQuery</protocol>
			</service>
						<service>
			<serivcename>CTradeWgtQuery</serivcename>
			<protocol>TGMESZBDB_CTradeWgtQuery</protocol>
			</service>
						<service>
			<serivcename>DateWgtQuery</serivcename>
			<protocol>TGMESZBDB_DateWgtQuery</protocol>
			</service>
						<service>
			<serivcename>DayCheatdetailQuery</serivcename>
			<protocol>TGMESZBDB_DayCheatdetailQuery</protocol>
			</service>
						<service>
			<serivcename>DayCrolldetailQuery</serivcename>
			<protocol>TGMESZBDB_DayCrolldetailQuery</protocol>
			</service>
						<service>
			<serivcename>DuanmianHeatnoQuery</serivcename>
			<protocol>TGMESZBDB_DuanmianHeatnoQuery</protocol>
			</service>
						<service>
			<serivcename>EnergyMonthQuery</serivcename>
			<protocol>TGMESZBDB_EnergyMonthQuery</protocol>
			</service>
						<service>
			<serivcename>EnergySingleQuery</serivcename>
			<protocol>TGMESZBDB_EnergySingleQuery</protocol>
			</service>
						<service>
			<serivcename>EnergyYearQuery</serivcename>
			<protocol>TGMESZBDB_EnergyYearQuery</protocol>
			</service>
						<service>
			<serivcename>GbylhglQuery</serivcename>
			<protocol>TGMESZBDB_GbylhglQuery</protocol>
			</service>
						<service>
			<serivcename>GelushuQuery</serivcename>
			<protocol>TGMESZBDB_GelushuQuery</protocol>
			</service>
						<service>
			<serivcename>GemaxQuery</serivcename>
			<protocol>TGMESZBDB_GemaxQuery</protocol>
			</service>
						<service>
			<serivcename>HeatPcsQuery</serivcename>
			<protocol>TGMESZBDB_HeatPcsQuery</protocol>
			</service>
						<service>
			<serivcename>HeatTradeQuery</serivcename>
			<protocol>TGMESZBDB_HeatTradeQuery</protocol>
			</service>
						<service>
			<serivcename>HomePage001Query</serivcename>
			<protocol>TGMESZBDB_HomePage001Query</protocol>
			</service>
						<service>
			<serivcename>HtmzlvQuery</serivcename>
			<protocol>TGMESZBDB_HtmzlvQuery</protocol>
			</service>
						<service>
			<serivcename>InpcsMonthQuery</serivcename>
			<protocol>TGMESZBDB_InpcsMonthQuery</protocol>
			</service>
						<service>
			<serivcename>IronelementTieciQuery</serivcename>
			<protocol>TGMESZBDB_IronelementTieciQuery</protocol>
			</service>
						<service>
			<serivcename>IronplanQuery</serivcename>
			<protocol>TGMESZBDB_IronplanQuery</protocol>
			</service>
						<service>
			<serivcename>LastLotnoScoresQuery</serivcename>
			<protocol>TGMESZBDB_LastLotnoScoresQuery</protocol>
			</service>
						<service>
			<serivcename>Lfavgwgt30Query</serivcename>
			<protocol>TGMESZBDB_Lfavgwgt30Query</protocol>
			</service>
						<service>
			<serivcename>LfavgwgtQuery</serivcename>
			<protocol>TGMESZBDB_LfavgwgtQuery</protocol>
			</service>
						<service>
			<serivcename>LfcfQuery</serivcename>
			<protocol>TGMESZBDB_LfcfQuery</protocol>
			</service>
						<service>
			<serivcename>Lfrhdaywgt30Query</serivcename>
			<protocol>TGMESZBDB_Lfrhdaywgt30Query</protocol>
			</service>
						<service>
			<serivcename>LfrhdaywgtQuery</serivcename>
			<protocol>TGMESZBDB_LfrhdaywgtQuery</protocol>
			</service>
						<service>
			<serivcename>LotnoTenQuery</serivcename>
			<protocol>TGMESZBDB_LotnoTenQuery</protocol>
			</service>
						<service>
			<serivcename>LwgcQuery</serivcename>
			<protocol>TGMESZBDB_LwgcQuery</protocol>
			</service>
						<service>
			<serivcename>Lzwgt30Query</serivcename>
			<protocol>TGMESZBDB_Lzwgt30Query</protocol>
			</service>
						<service>
			<serivcename>LzwgtQuery</serivcename>
			<protocol>TGMESZBDB_LzwgtQuery</protocol>
			</service>
						<service>
			<serivcename>MesLotPrintQuery</serivcename>
			<protocol>TGMESZBDB_MesLotPrintQuery</protocol>
			</service>
						<service>
			<serivcename>MinhglQuery</serivcename>
			<protocol>TGMESZBDB_MinhglQuery</protocol>
			</service>
						<service>
			<serivcename>MLotArtsQuery</serivcename>
			<protocol>TGMESZBDB_MLotArtsQuery</protocol>
			</service>
						<service>
			<serivcename>MonthCaipctQuery</serivcename>
			<protocol>TGMESZBDB_MonthCaipctQuery</protocol>
			</service>
						<service>
			<serivcename>MonthCheckwasteQuery</serivcename>
			<protocol>TGMESZBDB_MonthCheckwasteQuery</protocol>
			</service>
						<service>
			<serivcename>MonthMidwasteQuery</serivcename>
			<protocol>TGMESZBDB_MonthMidwasteQuery</protocol>
			</service>
						<service>
			<serivcename>MonthPasspctQuery</serivcename>
			<protocol>TGMESZBDB_MonthPasspctQuery</protocol>
			</service>
						<service>
			<serivcename>MonthWgtQuery</serivcename>
			<protocol>TGMESZBDB_MonthWgtQuery</protocol>
			</service>
						<service>
			<serivcename>MonthWorkpctQuery</serivcename>
			<protocol>TGMESZBDB_MonthWorkpctQuery</protocol>
			</service>
						<service>
			<serivcename>NearclQuery</serivcename>
			<protocol>TGMESZBDB_NearclQuery</protocol>
			</service>
						<service>
			<serivcename>NengyuanNyxhDayQuery</serivcename>
			<protocol>TGMESZBDB_NengyuanNyxhDayQuery</protocol>
			</service>
						<service>
			<serivcename>NengyuanNyxhQuery</serivcename>
			<protocol>TGMESZBDB_NengyuanNyxhQuery</protocol>
			</service>
						<service>
			<serivcename>NkyelQuery</serivcename>
			<protocol>TGMESZBDB_NkyelQuery</protocol>
			</service>
						<service>
			<serivcename>OutputTs02Query</serivcename>
			<protocol>TGMESZBDB_OutputTs02Query</protocol>
			</service>
						<service>
			<serivcename>OutputTs03Query</serivcename>
			<protocol>TGMESZBDB_OutputTs03Query</protocol>
			</service>
						<service>
			<serivcename>PassdayWgtQuery</serivcename>
			<protocol>TGMESZBDB_PassdayWgtQuery</protocol>
			</service>
						<service>
			<serivcename>PerformancePrediction4Query</serivcename>
			<protocol>TGMESZBDB_PerformancePrediction4Query</protocol>
			</service>
						<service>
			<serivcename>PerformancePredictionm1Query</serivcename>
			<protocol>TGMESZBDB_PerformancePredictionm1Query</protocol>
			</service>
						<service>
			<serivcename>PerformancePredictionm20Query</serivcename>
			<protocol>TGMESZBDB_PerformancePredictionm20Query</protocol>
			</service>
						<service>
			<serivcename>PlanenergyQuery</serivcename>
			<protocol>TGMESZBDB_PlanenergyQuery</protocol>
			</service>
						<service>
			<serivcename>PlanWgtdelayQuery</serivcename>
			<protocol>TGMESZBDB_PlanWgtdelayQuery</protocol>
			</service>
						<service>
			<serivcename>PlanYearwgtQuery</serivcename>
			<protocol>TGMESZBDB_PlanYearwgtQuery</protocol>
			</service>
						<service>
			<serivcename>PressLess18Query</serivcename>
			<protocol>TGMESZBDB_PressLess18Query</protocol>
			</service>
						<service>
			<serivcename>PressMore18Less20Query</serivcename>
			<protocol>TGMESZBDB_PressMore18Less20Query</protocol>
			</service>
						<service>
			<serivcename>PressMore20Query</serivcename>
			<protocol>TGMESZBDB_PressMore20Query</protocol>
			</service>
						<service>
			<serivcename>ProInformationQuery</serivcename>
			<protocol>TGMESZBDB_ProInformationQuery</protocol>
			</service>
						<service>
			<serivcename>PzdzQuery</serivcename>
			<protocol>TGMESZBDB_PzdzQuery</protocol>
			</service>
						<service>
			<serivcename>RatInformationQuery</serivcename>
			<protocol>TGMESZBDB_RatInformationQuery</protocol>
			</service>
						<service>
			<serivcename>RhcfQuery</serivcename>
			<protocol>TGMESZBDB_RhcfQuery</protocol>
			</service>
						<service>
			<serivcename>RingNewtimeQuery</serivcename>
			<protocol>TGMESZBDB_RingNewtimeQuery</protocol>
			</service>
						<service>
			<serivcename>SbllQuery</serivcename>
			<protocol>TGMESZBDB_SbllQuery</protocol>
			</service>
						<service>
			<serivcename>ShiftSizewgtQuery</serivcename>
			<protocol>TGMESZBDB_ShiftSizewgtQuery</protocol>
			</service>
						<service>
			<serivcename>SlglclQuery</serivcename>
			<protocol>TGMESZBDB_SlglclQuery</protocol>
			</service>
						<service>
			<serivcename>SpecyieldQuery</serivcename>
			<protocol>TGMESZBDB_SpecyieldQuery</protocol>
			</service>
						<service>
			<serivcename>SyhqueryQuery</serivcename>
			<protocol>TGMESZBDB_SyhqueryQuery</protocol>
			</service>
						<service>
			<serivcename>TestDataQuery</serivcename>
			<protocol>TGMESZBDB_TestDataQuery</protocol>
			</service>
						<service>
			<serivcename>Tg3DqxQuery</serivcename>
			<protocol>TGMESZBDB_3DqxQuery</protocol>
			</service>
						<service>
			<serivcename>ThreesjtshglQuery</serivcename>
			<protocol>TGMESZBDB_ThreesjtshglQuery</protocol>
			</service>
						<service>
			<serivcename>ThreesjtshglYearQuery</serivcename>
			<protocol>TGMESZBDB_ThreesjtshglYearQuery</protocol>
			</service>
						<service>
			<serivcename>ThreesteelwgtQuery</serivcename>
			<protocol>TGMESZBDB_ThreesteelwgtQuery</protocol>
			</service>
						<service>
			<serivcename>TsctsoQuery</serivcename>
			<protocol>TGMESZBDB_TsctsoQuery</protocol>
			</service>
						<service>
			<serivcename>TslevelQuery</serivcename>
			<protocol>TGMESZBDB_TslevelQuery</protocol>
			</service>
						<service>
			<serivcename>YcgpQuery</serivcename>
			<protocol>TGMESZBDB_YcgpQuery</protocol>
			</service>
						<service>
			<serivcename>YearWgtQuery</serivcename>
			<protocol>TGMESZBDB_YearWgtQuery</protocol>
			</service>
						<service>
			<serivcename>YlzqQuery</serivcename>
			<protocol>TGMESZBDB_YlzqQuery</protocol>
			</service>
						<service>
			<serivcename>YulanquBccQuery</serivcename>
			<protocol>TGMESZBDB_YulanquBccQuery</protocol>
			</service>
						<service>
			<serivcename>YulanquEafQuery</serivcename>
			<protocol>TGMESZBDB_YulanquEafQuery</protocol>
			</service>
						<service>
			<serivcename>ZdshglQuery</serivcename>
			<protocol>TGMESZBDB_ZdshglQuery</protocol>
			</service>
						<service>
			<serivcename>ZhiliangAlt12Query</serivcename>
			<protocol>TGMESZBDB_ZhiliangAlt12Query</protocol>
			</service>
						<service>
			<serivcename>ZhiliangBt12Query</serivcename>
			<protocol>TGMESZBDB_ZhiliangBt12Query</protocol>
			</service>
						<service>
			<serivcename>ZhiliangDb12Query</serivcename>
			<protocol>TGMESZBDB_ZhiliangDb12Query</protocol>
			</service>
						<service>
			<serivcename>ZhiliangDcf12Query</serivcename>
			<protocol>TGMESZBDB_ZhiliangDcf12Query</protocol>
			</service>
						<service>
			<serivcename>ZhiliangDcfQuery</serivcename>
			<protocol>TGMESZBDB_ZhiliangDcfQuery</protocol>
			</service>
						<service>
			<serivcename>ZhiliangFgQuery</serivcename>
			<protocol>TGMESZBDB_ZhiliangFgQuery</protocol>
			</service>
						<service>
			<serivcename>ZhiliangGrd12Query</serivcename>
			<protocol>TGMESZBDB_ZhiliangGrd12Query</protocol>
			</service>
						<service>
			<serivcename>ZhiliangHjQuery</serivcename>
			<protocol>TGMESZBDB_ZhiliangHjQuery</protocol>
			</service>
						<service>
			<serivcename>ZhiliangLc12Query</serivcename>
			<protocol>TGMESZBDB_ZhiliangLc12Query</protocol>
			</service>
						<service>
			<serivcename>ZhiliangPwQuery</serivcename>
			<protocol>TGMESZBDB_ZhiliangPwQuery</protocol>
			</service>
						<service>
			<serivcename>ZhiliangPzrQuery</serivcename>
			<protocol>TGMESZBDB_ZhiliangPzrQuery</protocol>
			</service>
						<service>
			<serivcename>ZhiliangQcbt12Query</serivcename>
			<protocol>TGMESZBDB_ZhiliangQcbt12Query</protocol>
			</service>
						<service>
			<serivcename>ZlbjsjQuery</serivcename>
			<protocol>TGMESZBDB_ZlbjsjQuery</protocol>
			</service>
						<service>
			<serivcename>ZlcbmxQuery</serivcename>
			<protocol>TGMESZBDB_ZlcbmxQuery</protocol>
			</service>
						<service>
			<serivcename>ZlcbQuery</serivcename>
			<protocol>TGMESZBDB_ZlcbQuery</protocol>
			</service>
						<service>
			<serivcename>ZlcbzylQuery</serivcename>
			<protocol>TGMESZBDB_ZlcbzylQuery</protocol>
			</service>
						<service>
			<serivcename>ZlcfbdQuery</serivcename>
			<protocol>TGMESZBDB_ZlcfbdQuery</protocol>
			</service>
						<service>
			<serivcename>ZlcfQuery</serivcename>
			<protocol>TGMESZBDB_ZlcfQuery</protocol>
			</service>
						<service>
			<serivcename>ZlcpcfQuery</serivcename>
			<protocol>TGMESZBDB_ZlcpcfQuery</protocol>
			</service>
						<service>
			<serivcename>ZzhglvQuery</serivcename>
			<protocol>TGMESZBDB_ZzhglvQuery</protocol>
			</service>
							</services>
	</servicesystem>
</servicesystems>