<?xml version="1.0" encoding="UTF-8"?>
<servicesystems>
	<servicesystem>
		<serviceSystemName>TGSYS</serviceSystemName>
		<serviceSystemDesc>特钢相关系统</serviceSystemDesc>
		<hostName/>
		<hostIp/>
		<status>add</status>
		
		<protocols>
								<protocol>TGSYS_ERPContractApproveFileDownload</protocol>
						<protocol>TGSYS_ERPIdIdMoveReceivePostFlow</protocol>
						<protocol>TGSYS_ERPIdIdRStorePostFlow</protocol>
						<protocol>TGSYS_ERPIdIdReceivePostFlow</protocol>
						<protocol>TGSYS_ERPIlDoGetFlow</protocol>
						<protocol>TGSYS_ERPIlDoPostFlow</protocol>
						<protocol>TGSYS_ERPLaDoGetFlow</protocol>
						<protocol>TGSYS_ERPLaDoPostFlow</protocol>
						<protocol>TGSYS_ERPLaIajcServicePostFlow</protocol>
						<protocol>TGSYS_ERPSoDoPostFlow</protocol>
						<protocol>TGSYS_TgmesBoardStackSteelNumQuery</protocol>
						<protocol>TGSYS_TgmesBoardStackUpdate</protocol>
						<protocol>TGSYS_TgmesBoardStacksInLibraryQuery</protocol>
						<protocol>TGSYS_TgmesJZCNewVarietyVerifyFlow</protocol>
						<protocol>TGSYS_TgmesJZCVarietyQUery</protocol>
						<protocol>TGSYS_TgmesJZMaterialAcceptRecordQuery</protocol>
						<protocol>TGSYS_TgmesOnlineBoardInLoadFlow</protocol>
						<protocol>TGSYS_TgmesOnlineBoardNumQuery</protocol>
						<protocol>TGSYS_TgmesProductExistsCodeNumQuery</protocol>
						<protocol>TGSYS_TgmesProductLoadBoardInfoQuery</protocol>
						<protocol>TGSYS_TgmesProductLoadCancel</protocol>
						<protocol>TGSYS_TgmesProductLoadConfigAdd</protocol>
						<protocol>TGSYS_TgmesProductLoadConfigDel</protocol>
						<protocol>TGSYS_TgmesProductLoadConfigNumQuery</protocol>
						<protocol>TGSYS_TgmesProductLoadConfigUpdate</protocol>
						<protocol>TGSYS_TgmesProductLoadFinishVerifyFlow</protocol>
						<protocol>TGSYS_TgmesProductLoadFlow</protocol>
						<protocol>TGSYS_TgmesProductLoadStacksQuery</protocol>
						<protocol>TGSYS_TgmesProductLoadSteelNumQuery</protocol>
						<protocol>TGSYS_TgmesProductUnloadBoardInfoQuery</protocol>
						<protocol>TGSYS_TgmesProductUnloadFlow</protocol>
						<protocol>TGSYS_TgmesProductUnloadTurnNumQuery</protocol>
						<protocol>TGSYS_TgmesSteelMaterialDetailQuery</protocol>
						<protocol>TGSYS_TgmesStoreLocationListQuery</protocol>
						<protocol>TGSYS_TgmesStoreLocationQuery</protocol>
						<protocol>TGSYS_TgmesStoreLocationUpdate</protocol>
						<protocol>TGSYS_TgmesTimePeriodSteelBoardQuery</protocol>
						<protocol>TGSYS_TgmesTurnListRecordQuery</protocol>
						<protocol>TGSYS_TgmesTurnStoreLoadFlow</protocol>
						<protocol>TGSYS_TgmesTurnStoreLoadQuery</protocol>
						<protocol>TGSYS_TgmesTurnStoreLoadUpdate</protocol>
						<protocol>TGSYS_TgmesTurnStoreTurnTruckQuery</protocol>
						<protocol>TGSYS_TgmesUnloadDataBoardNumQuery</protocol>
						<protocol>TGSYS_TgmesWLCodeScanOutLibraryFlow</protocol>
						<protocol>TGSYS_TgmesWLCodeScanOutLibraryVerifyFlow</protocol>
						<protocol>TGSYS_TgmesWXMQualityRecordAdd</protocol>
						<protocol>TGSYS_TgmesWXMQualityRecordQuery</protocol>
						<protocol>TGSYS_TgmesZBMaterialAcceptCancel</protocol>
						<protocol>TGSYS_TgmesZBMaterialAdd</protocol>
						<protocol>TGSYS_TgmesZBMaterialRecordQuery</protocol>
						<protocol>TGSYS_TgmesZTListRecordQuery</protocol>
							</protocols>
		
		<params>
				</params>
		<services>
								<service>
			<serivcename>ERPContractApproveFileDownload</serivcename>
			<protocol>TGSYS_ERPContractApproveFileDownload</protocol>
			</service>
						<service>
			<serivcename>ERPIdIdMoveReceivePostFlow</serivcename>
			<protocol>TGSYS_ERPIdIdMoveReceivePostFlow</protocol>
			</service>
						<service>
			<serivcename>ERPIdIdReceivePostFlow</serivcename>
			<protocol>TGSYS_ERPIdIdReceivePostFlow</protocol>
			</service>
						<service>
			<serivcename>ERPIdIdRStorePostFlow</serivcename>
			<protocol>TGSYS_ERPIdIdRStorePostFlow</protocol>
			</service>
						<service>
			<serivcename>ERPIlDoGetFlow</serivcename>
			<protocol>TGSYS_ERPIlDoGetFlow</protocol>
			</service>
						<service>
			<serivcename>ERPIlDoPostFlow</serivcename>
			<protocol>TGSYS_ERPIlDoPostFlow</protocol>
			</service>
						<service>
			<serivcename>ERPLaDoGetFlow</serivcename>
			<protocol>TGSYS_ERPLaDoGetFlow</protocol>
			</service>
						<service>
			<serivcename>ERPLaDoPostFlow</serivcename>
			<protocol>TGSYS_ERPLaDoPostFlow</protocol>
			</service>
						<service>
			<serivcename>ERPLaIajcServicePostFlow</serivcename>
			<protocol>TGSYS_ERPLaIajcServicePostFlow</protocol>
			</service>
						<service>
			<serivcename>ERPSoDoPostFlow</serivcename>
			<protocol>TGSYS_ERPSoDoPostFlow</protocol>
			</service>
						<service>
			<serivcename>TgmesBoardStacksInLibraryQuery</serivcename>
			<protocol>TGSYS_TgmesBoardStacksInLibraryQuery</protocol>
			</service>
						<service>
			<serivcename>TgmesBoardStackSteelNumQuery</serivcename>
			<protocol>TGSYS_TgmesBoardStackSteelNumQuery</protocol>
			</service>
						<service>
			<serivcename>TgmesBoardStackUpdate</serivcename>
			<protocol>TGSYS_TgmesBoardStackUpdate</protocol>
			</service>
						<service>
			<serivcename>TgmesJZCNewVarietyVerifyFlow</serivcename>
			<protocol>TGSYS_TgmesJZCNewVarietyVerifyFlow</protocol>
			</service>
						<service>
			<serivcename>TgmesJZCVarietyQUery</serivcename>
			<protocol>TGSYS_TgmesJZCVarietyQUery</protocol>
			</service>
						<service>
			<serivcename>TgmesJZMaterialAcceptRecordQuery</serivcename>
			<protocol>TGSYS_TgmesJZMaterialAcceptRecordQuery</protocol>
			</service>
						<service>
			<serivcename>TgmesOnlineBoardInLoadFlow</serivcename>
			<protocol>TGSYS_TgmesOnlineBoardInLoadFlow</protocol>
			</service>
						<service>
			<serivcename>TgmesOnlineBoardNumQuery</serivcename>
			<protocol>TGSYS_TgmesOnlineBoardNumQuery</protocol>
			</service>
						<service>
			<serivcename>TgmesProductExistsCodeNumQuery</serivcename>
			<protocol>TGSYS_TgmesProductExistsCodeNumQuery</protocol>
			</service>
						<service>
			<serivcename>TgmesProductLoadBoardInfoQuery</serivcename>
			<protocol>TGSYS_TgmesProductLoadBoardInfoQuery</protocol>
			</service>
						<service>
			<serivcename>TgmesProductLoadCancel</serivcename>
			<protocol>TGSYS_TgmesProductLoadCancel</protocol>
			</service>
						<service>
			<serivcename>TgmesProductLoadConfigAdd</serivcename>
			<protocol>TGSYS_TgmesProductLoadConfigAdd</protocol>
			</service>
						<service>
			<serivcename>TgmesProductLoadConfigDel</serivcename>
			<protocol>TGSYS_TgmesProductLoadConfigDel</protocol>
			</service>
						<service>
			<serivcename>TgmesProductLoadConfigNumQuery</serivcename>
			<protocol>TGSYS_TgmesProductLoadConfigNumQuery</protocol>
			</service>
						<service>
			<serivcename>TgmesProductLoadConfigUpdate</serivcename>
			<protocol>TGSYS_TgmesProductLoadConfigUpdate</protocol>
			</service>
						<service>
			<serivcename>TgmesProductLoadFinishVerifyFlow</serivcename>
			<protocol>TGSYS_TgmesProductLoadFinishVerifyFlow</protocol>
			</service>
						<service>
			<serivcename>TgmesProductLoadFlow</serivcename>
			<protocol>TGSYS_TgmesProductLoadFlow</protocol>
			</service>
						<service>
			<serivcename>TgmesProductLoadStacksQuery</serivcename>
			<protocol>TGSYS_TgmesProductLoadStacksQuery</protocol>
			</service>
						<service>
			<serivcename>TgmesProductLoadSteelNumQuery</serivcename>
			<protocol>TGSYS_TgmesProductLoadSteelNumQuery</protocol>
			</service>
						<service>
			<serivcename>TgmesProductUnloadBoardInfoQuery</serivcename>
			<protocol>TGSYS_TgmesProductUnloadBoardInfoQuery</protocol>
			</service>
						<service>
			<serivcename>TgmesProductUnloadFlow</serivcename>
			<protocol>TGSYS_TgmesProductUnloadFlow</protocol>
			</service>
						<service>
			<serivcename>TgmesProductUnloadTurnNumQuery</serivcename>
			<protocol>TGSYS_TgmesProductUnloadTurnNumQuery</protocol>
			</service>
						<service>
			<serivcename>TgmesSteelMaterialDetailQuery</serivcename>
			<protocol>TGSYS_TgmesSteelMaterialDetailQuery</protocol>
			</service>
						<service>
			<serivcename>TgmesStoreLocationListQuery</serivcename>
			<protocol>TGSYS_TgmesStoreLocationListQuery</protocol>
			</service>
						<service>
			<serivcename>TgmesStoreLocationQuery</serivcename>
			<protocol>TGSYS_TgmesStoreLocationQuery</protocol>
			</service>
						<service>
			<serivcename>TgmesStoreLocationUpdate</serivcename>
			<protocol>TGSYS_TgmesStoreLocationUpdate</protocol>
			</service>
						<service>
			<serivcename>TgmesTimePeriodSteelBoardQuery</serivcename>
			<protocol>TGSYS_TgmesTimePeriodSteelBoardQuery</protocol>
			</service>
						<service>
			<serivcename>TgmesTurnListRecordQuery</serivcename>
			<protocol>TGSYS_TgmesTurnListRecordQuery</protocol>
			</service>
						<service>
			<serivcename>TgmesTurnStoreLoadFlow</serivcename>
			<protocol>TGSYS_TgmesTurnStoreLoadFlow</protocol>
			</service>
						<service>
			<serivcename>TgmesTurnStoreLoadQuery</serivcename>
			<protocol>TGSYS_TgmesTurnStoreLoadQuery</protocol>
			</service>
						<service>
			<serivcename>TgmesTurnStoreLoadUpdate</serivcename>
			<protocol>TGSYS_TgmesTurnStoreLoadUpdate</protocol>
			</service>
						<service>
			<serivcename>TgmesTurnStoreTurnTruckQuery</serivcename>
			<protocol>TGSYS_TgmesTurnStoreTurnTruckQuery</protocol>
			</service>
						<service>
			<serivcename>TgmesUnloadDataBoardNumQuery</serivcename>
			<protocol>TGSYS_TgmesUnloadDataBoardNumQuery</protocol>
			</service>
						<service>
			<serivcename>TgmesWLCodeScanOutLibraryFlow</serivcename>
			<protocol>TGSYS_TgmesWLCodeScanOutLibraryFlow</protocol>
			</service>
						<service>
			<serivcename>TgmesWLCodeScanOutLibraryVerifyFlow</serivcename>
			<protocol>TGSYS_TgmesWLCodeScanOutLibraryVerifyFlow</protocol>
			</service>
						<service>
			<serivcename>TgmesWXMQualityRecordAdd</serivcename>
			<protocol>TGSYS_TgmesWXMQualityRecordAdd</protocol>
			</service>
						<service>
			<serivcename>TgmesWXMQualityRecordQuery</serivcename>
			<protocol>TGSYS_TgmesWXMQualityRecordQuery</protocol>
			</service>
						<service>
			<serivcename>TgmesZBMaterialAcceptCancel</serivcename>
			<protocol>TGSYS_TgmesZBMaterialAcceptCancel</protocol>
			</service>
						<service>
			<serivcename>TgmesZBMaterialAdd</serivcename>
			<protocol>TGSYS_TgmesZBMaterialAdd</protocol>
			</service>
						<service>
			<serivcename>TgmesZBMaterialRecordQuery</serivcename>
			<protocol>TGSYS_TgmesZBMaterialRecordQuery</protocol>
			</service>
						<service>
			<serivcename>TgmesZTListRecordQuery</serivcename>
			<protocol>TGSYS_TgmesZTListRecordQuery</protocol>
			</service>
							</services>
	</servicesystem>
</servicesystems>