<?xml version="1.0" encoding="UTF-8"?>
<servicesystems>
	<servicesystem>
		<serviceSystemName>TGSZGCWYQY</serviceSystemName>
		<serviceSystemDesc>特钢数字工厂网易迁移</serviceSystemDesc>
		<hostName/>
		<hostIp/>
		<status>add</status>
		
		<protocols>
								<protocol>TGSZGCWYQY_DybcdhQuery</protocol>
						<protocol>TGSZGCWYQY_ElgSjQuery</protocol>
						<protocol>TGSZGCWYQY_ElgTcQuery</protocol>
						<protocol>TGSZGCWYQY_ElggtlxhabbQuery</protocol>
						<protocol>TGSZGCWYQY_EnergyQuery</protocol>
						<protocol>TGSZGCWYQY_GxahcxnycQuery</protocol>
						<protocol>TGSZGCWYQY_GxdnnhQuery</protocol>
						<protocol>TGSZGCWYQY_GxzxykgbzlQuery</protocol>
						<protocol>TGSZGCWYQY_NgSlgEjTgsjQuery</protocol>
						<protocol>TGSZGCWYQY_NgSlgTcxxQuery</protocol>
						<protocol>TGSZGCWYQY_SlgMxsjQuery</protocol>
						<protocol>TGSZGCWYQY_SlgZlglsjZllQuery</protocol>
						<protocol>TGSZGCWYQY_ZbcdbclQuery</protocol>
						<protocol>TGSZGCWYQY_ZbcdnclQuery</protocol>
						<protocol>TGSZGCWYQY_ZbcdrclQuery</protocol>
						<protocol>TGSZGCWYQY_ZbcdyclQuery</protocol>
						<protocol>TGSZGCWYQY_ZbcxsclQUery</protocol>
						<protocol>TGSZGCWYQY_ZbczrclQuery</protocol>
						<protocol>TGSZGCWYQY_ZbjrllngzQuery</protocol>
						<protocol>TGSZGCWYQY_ZbkxdwyjhbjQuery</protocol>
						<protocol>TGSZGCWYQY_ZbyfcclQuery</protocol>
						<protocol>TGSZGCWYQY_ZbzjjczxxxQuery</protocol>
							</protocols>
		
		<params>
				</params>
		<services>
								<service>
			<serivcename>DybcdhQuery</serivcename>
			<protocol>TGSZGCWYQY_DybcdhQuery</protocol>
			</service>
						<service>
			<serivcename>ElggtlxhabbQuery</serivcename>
			<protocol>TGSZGCWYQY_ElggtlxhabbQuery</protocol>
			</service>
						<service>
			<serivcename>ElgSjQuery</serivcename>
			<protocol>TGSZGCWYQY_ElgSjQuery</protocol>
			</service>
						<service>
			<serivcename>ElgTcQuery</serivcename>
			<protocol>TGSZGCWYQY_ElgTcQuery</protocol>
			</service>
						<service>
			<serivcename>EnergyQuery</serivcename>
			<protocol>TGSZGCWYQY_EnergyQuery</protocol>
			</service>
						<service>
			<serivcename>GxahcxnycQuery</serivcename>
			<protocol>TGSZGCWYQY_GxahcxnycQuery</protocol>
			</service>
						<service>
			<serivcename>GxdnnhQuery</serivcename>
			<protocol>TGSZGCWYQY_GxdnnhQuery</protocol>
			</service>
						<service>
			<serivcename>GxzxykgbzlQuery</serivcename>
			<protocol>TGSZGCWYQY_GxzxykgbzlQuery</protocol>
			</service>
						<service>
			<serivcename>NgSlgEjTgsjQuery</serivcename>
			<protocol>TGSZGCWYQY_NgSlgEjTgsjQuery</protocol>
			</service>
						<service>
			<serivcename>NgSlgTcxxQuery</serivcename>
			<protocol>TGSZGCWYQY_NgSlgTcxxQuery</protocol>
			</service>
						<service>
			<serivcename>SlgMxsjQuery</serivcename>
			<protocol>TGSZGCWYQY_SlgMxsjQuery</protocol>
			</service>
						<service>
			<serivcename>SlgZlglsjZllQuery</serivcename>
			<protocol>TGSZGCWYQY_SlgZlglsjZllQuery</protocol>
			</service>
						<service>
			<serivcename>ZbcdbclQuery</serivcename>
			<protocol>TGSZGCWYQY_ZbcdbclQuery</protocol>
			</service>
						<service>
			<serivcename>ZbcdnclQuery</serivcename>
			<protocol>TGSZGCWYQY_ZbcdnclQuery</protocol>
			</service>
						<service>
			<serivcename>ZbcdrclQuery</serivcename>
			<protocol>TGSZGCWYQY_ZbcdrclQuery</protocol>
			</service>
						<service>
			<serivcename>ZbcdyclQuery</serivcename>
			<protocol>TGSZGCWYQY_ZbcdyclQuery</protocol>
			</service>
						<service>
			<serivcename>ZbcxsclQUery</serivcename>
			<protocol>TGSZGCWYQY_ZbcxsclQUery</protocol>
			</service>
						<service>
			<serivcename>ZbczrclQuery</serivcename>
			<protocol>TGSZGCWYQY_ZbczrclQuery</protocol>
			</service>
						<service>
			<serivcename>ZbjrllngzQuery</serivcename>
			<protocol>TGSZGCWYQY_ZbjrllngzQuery</protocol>
			</service>
						<service>
			<serivcename>ZbkxdwyjhbjQuery</serivcename>
			<protocol>TGSZGCWYQY_ZbkxdwyjhbjQuery</protocol>
			</service>
						<service>
			<serivcename>ZbyfcclQuery</serivcename>
			<protocol>TGSZGCWYQY_ZbyfcclQuery</protocol>
			</service>
						<service>
			<serivcename>ZbzjjczxxxQuery</serivcename>
			<protocol>TGSZGCWYQY_ZbzjjczxxxQuery</protocol>
			</service>
							</services>
	</servicesystem>
</servicesystems>