<?xml version="1.0" encoding="UTF-8"?>
<servicesystems>
	<servicesystem>
		<serviceSystemName>TYRLKSYS</serviceSystemName>
		<serviceSystemDesc>南钢统一人脸库系统</serviceSystemDesc>
		<hostName/>
		<hostIp/>
		<status>add</status>
		
		<protocols>
								<protocol>TYRLKSYS_HKFaceInfoAddTagPic</protocol>
						<protocol>TYRLKSYS_HKFaceInfoCheckByIdentity</protocol>
						<protocol>TYRLKSYS_HKFaceInfoDeleteAndCreateInfo</protocol>
						<protocol>TYRLKSYS_HKFaceInfoGetDailyNewFaceInfoByDate</protocol>
						<protocol>TYRLKSYS_HKFaceInfoGetDepartmentInfo</protocol>
						<protocol>TYRLKSYS_HKFaceInfoGetFaceInfoList</protocol>
						<protocol>TYRLKSYS_HKFaceInfoGetFaceScore</protocol>
						<protocol>TYRLKSYS_HKFaceInfoGetFaceTagPicIncrease</protocol>
						<protocol>TYRLKSYS_HKFaceInfoGetInfoByFaceOneVsN</protocol>
						<protocol>TYRLKSYS_HKFaceInfoGetInfoByFaceOneVsOne</protocol>
						<protocol>TYRLKSYS_HKFaceInfoGetInfoByPersonNo</protocol>
						<protocol>TYRLKSYS_HKFaceInfoGetMainPicByIc</protocol>
						<protocol>TYRLKSYS_HKFaceInfoGetOrgInfoLIst</protocol>
						<protocol>TYRLKSYS_HKFaceInfoGetPersonInfoList</protocol>
						<protocol>TYRLKSYS_HKFaceInfoGetQueryLog</protocol>
						<protocol>TYRLKSYS_HKFaceInfoGetTagPicByIc</protocol>
						<protocol>TYRLKSYS_HKFaceInfoPresidentOrgInfo</protocol>
						<protocol>TYRLKSYS_HKFaceInfoPresidentPersonFace</protocol>
						<protocol>TYRLKSYS_HKFaceInfoPresidentPersonInfo</protocol>
							</protocols>
		
		<params>
				</params>
		<services>
								<service>
			<serivcename>HKFaceInfoAddTagPic</serivcename>
			<protocol>TYRLKSYS_HKFaceInfoAddTagPic</protocol>
			</service>
						<service>
			<serivcename>HKFaceInfoCheckByIdentity</serivcename>
			<protocol>TYRLKSYS_HKFaceInfoCheckByIdentity</protocol>
			</service>
						<service>
			<serivcename>HKFaceInfoDeleteAndCreateInfo</serivcename>
			<protocol>TYRLKSYS_HKFaceInfoDeleteAndCreateInfo</protocol>
			</service>
						<service>
			<serivcename>HKFaceInfoGetDailyNewFaceInfoByDate</serivcename>
			<protocol>TYRLKSYS_HKFaceInfoGetDailyNewFaceInfoByDate</protocol>
			</service>
						<service>
			<serivcename>HKFaceInfoGetDepartmentInfo</serivcename>
			<protocol>TYRLKSYS_HKFaceInfoGetDepartmentInfo</protocol>
			</service>
						<service>
			<serivcename>HKFaceInfoGetFaceInfoList</serivcename>
			<protocol>TYRLKSYS_HKFaceInfoGetFaceInfoList</protocol>
			</service>
						<service>
			<serivcename>HKFaceInfoGetFaceScore</serivcename>
			<protocol>TYRLKSYS_HKFaceInfoGetFaceScore</protocol>
			</service>
						<service>
			<serivcename>HKFaceInfoGetFaceTagPicIncrease</serivcename>
			<protocol>TYRLKSYS_HKFaceInfoGetFaceTagPicIncrease</protocol>
			</service>
						<service>
			<serivcename>HKFaceInfoGetInfoByFaceOneVsN</serivcename>
			<protocol>TYRLKSYS_HKFaceInfoGetInfoByFaceOneVsN</protocol>
			</service>
						<service>
			<serivcename>HKFaceInfoGetInfoByFaceOneVsOne</serivcename>
			<protocol>TYRLKSYS_HKFaceInfoGetInfoByFaceOneVsOne</protocol>
			</service>
						<service>
			<serivcename>HKFaceInfoGetInfoByPersonNo</serivcename>
			<protocol>TYRLKSYS_HKFaceInfoGetInfoByPersonNo</protocol>
			</service>
						<service>
			<serivcename>HKFaceInfoGetMainPicByIc</serivcename>
			<protocol>TYRLKSYS_HKFaceInfoGetMainPicByIc</protocol>
			</service>
						<service>
			<serivcename>HKFaceInfoGetOrgInfoLIst</serivcename>
			<protocol>TYRLKSYS_HKFaceInfoGetOrgInfoLIst</protocol>
			</service>
						<service>
			<serivcename>HKFaceInfoGetPersonInfoList</serivcename>
			<protocol>TYRLKSYS_HKFaceInfoGetPersonInfoList</protocol>
			</service>
						<service>
			<serivcename>HKFaceInfoGetQueryLog</serivcename>
			<protocol>TYRLKSYS_HKFaceInfoGetQueryLog</protocol>
			</service>
						<service>
			<serivcename>HKFaceInfoGetTagPicByIc</serivcename>
			<protocol>TYRLKSYS_HKFaceInfoGetTagPicByIc</protocol>
			</service>
						<service>
			<serivcename>HKFaceInfoPresidentOrgInfo</serivcename>
			<protocol>TYRLKSYS_HKFaceInfoPresidentOrgInfo</protocol>
			</service>
						<service>
			<serivcename>HKFaceInfoPresidentPersonFace</serivcename>
			<protocol>TYRLKSYS_HKFaceInfoPresidentPersonFace</protocol>
			</service>
						<service>
			<serivcename>HKFaceInfoPresidentPersonInfo</serivcename>
			<protocol>TYRLKSYS_HKFaceInfoPresidentPersonInfo</protocol>
			</service>
							</services>
	</servicesystem>
</servicesystems>