<?xml version="1.0" encoding="UTF-8"?>
<servicesystems>
	<servicesystem>
		<serviceSystemName>XCYTWOSYS</serviceSystemName>
		<serviceSystemDesc>新产业投资集团信息化系统二期</serviceSystemDesc>
		<hostName/>
		<hostIp/>
		<status>add</status>
		
		<protocols>
								<protocol>XCYTWOSYS_XcyAddHazardInspection</protocol>
						<protocol>XCYTWOSYS_XcyAddHazardInspectionTest</protocol>
						<protocol>XCYTWOSYS_XcyAddNonBidResAnn</protocol>
						<protocol>XCYTWOSYS_XcyAddNonBidResAnnTest</protocol>
						<protocol>XCYTWOSYS_XcyAddPmTenderRequest</protocol>
						<protocol>XCYTWOSYS_XcyAddPmTenderRequestTest</protocol>
						<protocol>XCYTWOSYS_XcyGetWexinArticle</protocol>
						<protocol>XCYTWOSYS_XcyQueryGetApprovalNumber</protocol>
						<protocol>XCYTWOSYS_XcyQueryGetApprovalNumberTest</protocol>
						<protocol>XCYTWOSYS_XcyQueryOaAgency</protocol>
						<protocol>XCYTWOSYS_XcyQueryProjectApprovalNumber</protocol>
						<protocol>XCYTWOSYS_XcyQueryProjectApprovalNumberTest</protocol>
						<protocol>XCYTWOSYS_XcyQueryProjectManager</protocol>
						<protocol>XCYTWOSYS_XcyQueryProjectManagerTest</protocol>
							</protocols>
		
		<params>
				</params>
		<services>
								<service>
			<serivcename>getUserInfoDemo</serivcename>
			<protocol>XCYTWOSYS_getUserInfoDemo</protocol>
			</service>
						<service>
			<serivcename>XcyAddHazardInspection</serivcename>
			<protocol>XCYTWOSYS_XcyAddHazardInspection</protocol>
			</service>
						<service>
			<serivcename>XcyAddHazardInspectionTest</serivcename>
			<protocol>XCYTWOSYS_XcyAddHazardInspectionTest</protocol>
			</service>
						<service>
			<serivcename>XcyAddNonBidResAnn</serivcename>
			<protocol>XCYTWOSYS_XcyAddNonBidResAnn</protocol>
			</service>
						<service>
			<serivcename>XcyAddNonBidResAnnTest</serivcename>
			<protocol>XCYTWOSYS_XcyAddNonBidResAnnTest</protocol>
			</service>
						<service>
			<serivcename>XcyAddPmTenderRequest</serivcename>
			<protocol>XCYTWOSYS_XcyAddPmTenderRequest</protocol>
			</service>
						<service>
			<serivcename>XcyAddPmTenderRequestTest</serivcename>
			<protocol>XCYTWOSYS_XcyAddPmTenderRequestTest</protocol>
			</service>
						<service>
			<serivcename>XcyGetWexinArticle</serivcename>
			<protocol>XCYTWOSYS_XcyGetWexinArticle</protocol>
			</service>
						<service>
			<serivcename>XcyQueryGetApprovalNumber</serivcename>
			<protocol>XCYTWOSYS_XcyQueryGetApprovalNumber</protocol>
			</service>
						<service>
			<serivcename>XcyQueryGetApprovalNumberTest</serivcename>
			<protocol>XCYTWOSYS_XcyQueryGetApprovalNumberTest</protocol>
			</service>
						<service>
			<serivcename>XcyQueryOaAgency</serivcename>
			<protocol>XCYTWOSYS_XcyQueryOaAgency</protocol>
			</service>
						<service>
			<serivcename>XcyQueryProjectApprovalNumber</serivcename>
			<protocol>XCYTWOSYS_XcyQueryProjectApprovalNumber</protocol>
			</service>
						<service>
			<serivcename>XcyQueryProjectApprovalNumberTest</serivcename>
			<protocol>XCYTWOSYS_XcyQueryProjectApprovalNumberTest</protocol>
			</service>
						<service>
			<serivcename>XcyQueryProjectManager</serivcename>
			<protocol>XCYTWOSYS_XcyQueryProjectManager</protocol>
			</service>
						<service>
			<serivcename>XcyQueryProjectManagerTest</serivcename>
			<protocol>XCYTWOSYS_XcyQueryProjectManagerTest</protocol>
			</service>
							</services>
	</servicesystem>
</servicesystems>