<?xml version="1.0" encoding="UTF-8"?>
<servicesystems>
	<servicesystem>
		<serviceSystemName>XFKSHSYS</serviceSystemName>
		<serviceSystemDesc>消防可视化系统</serviceSystemDesc>
		<hostName/>
		<hostIp/>
		<status>add</status>
		
		<protocols>
								<protocol>XFKSHSYS_KshTelDeviceAlarm</protocol>
						<protocol>XFKSHSYS_KshTelDeviceHistoryVideo</protocol>
						<protocol>XFKSHSYS_KshTelDeviceLocation</protocol>
						<protocol>XFKSHSYS_KshTelDeviceStatus</protocol>
						<protocol>XFKSHSYS_KshUserLoginCheckByAccount</protocol>
							</protocols>
		
		<params>
				</params>
		<services>
								<service>
			<serivcename>KshTelDeviceAlarm</serivcename>
			<protocol>XFKSHSYS_KshTelDeviceAlarm</protocol>
			</service>
						<service>
			<serivcename>KshTelDeviceHistoryVideo</serivcename>
			<protocol>XFKSHSYS_KshTelDeviceHistoryVideo</protocol>
			</service>
						<service>
			<serivcename>KshTelDeviceLocation</serivcename>
			<protocol>XFKSHSYS_KshTelDeviceLocation</protocol>
			</service>
						<service>
			<serivcename>KshTelDeviceStatus</serivcename>
			<protocol>XFKSHSYS_KshTelDeviceStatus</protocol>
			</service>
						<service>
			<serivcename>KshUserLoginCheckByAccount</serivcename>
			<protocol>XFKSHSYS_KshUserLoginCheckByAccount</protocol>
			</service>
							</services>
	</servicesystem>
</servicesystems>