<?xml version="1.0" encoding="UTF-8"?>
<servicesystems>
	<servicesystem>
		<serviceSystemName>XZLGYL</serviceSystemName>
		<serviceSystemDesc>鑫智链供应链</serviceSystemDesc>
		<hostName/>
		<hostIp/>
		<status>add</status>
		
		<protocols>
								<protocol>XZLGYL_ApiBusiApplicationRollback</protocol>
						<protocol>XZLGYL_ApiBusiCreateApplyAdd</protocol>
						<protocol>XZLGYL_ApiBusiErpAuditCallBack</protocol>
						<protocol>XZLGYL_ApiBusiReceiveCloudDataFlow</protocol>
						<protocol>XZLGYL_ApiBusiReceiveScanDataFlow</protocol>
						<protocol>XZLGYL_ApiBusiStateQuery</protocol>
						<protocol>XZLGYL_ApiBusiTenderSync</protocol>
						<protocol>XZLGYL_ApiFinanceCustomApplyCallBackNotice</protocol>
						<protocol>XZLGYL_ApiFinancePayBackProgressNotice</protocol>
						<protocol>XZLGYL_ApiFinanceProgressNotice</protocol>
						<protocol>XZLGYL_ApiInsuranceDecryptAdd</protocol>
						<protocol>XZLGYL_ApiInsurancePolicyApplyNotice</protocol>
						<protocol>XZLGYL_ApiInsurancePolicyRestoreNotice</protocol>
						<protocol>XZLGYL_ApiInsurancePolicyVerifyNotice</protocol>
						<protocol>XZLGYL_ApiMybankNotice</protocol>
						<protocol>XZLGYL_ApiQuitApplyNotice</protocol>
						<protocol>XZLGYL_AssetApplyResultNotice</protocol>
						<protocol>XZLGYL_AssetApplyResultTestNotice</protocol>
						<protocol>XZLGYL_ChainByTxHashQuery</protocol>
						<protocol>XZLGYL_ChainFileEvidenceQuery</protocol>
						<protocol>XZLGYL_ChainStoreDataToBlockChainFlow</protocol>
						<protocol>XZLGYL_ChainStoreResultQuery</protocol>
						<protocol>XZLGYL_CoreBankUserBookBuildApplyAdd</protocol>
						<protocol>XZLGYL_CoreBankUserBookBuildQuery</protocol>
						<protocol>XZLGYL_CoreBankUserBookBuildResultNotice</protocol>
						<protocol>XZLGYL_CoreBankUserFinanceProgressQuery</protocol>
						<protocol>XZLGYL_CoreBankUserLoanApplyAdd</protocol>
						<protocol>XZLGYL_CoreBankUserLoanApplyResultNotice</protocol>
						<protocol>XZLGYL_CoreBankUserPayBackProgressQuery</protocol>
						<protocol>XZLGYL_CoreBankUserPayBackResultNotice</protocol>
						<protocol>XZLGYL_CoreBidLoanApplyAdd</protocol>
						<protocol>XZLGYL_CoreBidLoanNotifyNotice</protocol>
						<protocol>XZLGYL_CoreBidLoanSupplementRecordAdd</protocol>
						<protocol>XZLGYL_CoreInsurancePayResultNotice</protocol>
						<protocol>XZLGYL_CoreInsurancePolicyApplyAdd</protocol>
						<protocol>XZLGYL_CoreInsurancePolicyApplyNotice</protocol>
						<protocol>XZLGYL_CoreInsurancePolicyRestoreNotice</protocol>
						<protocol>XZLGYL_CoreInsurancePolicyRestoreRollback</protocol>
						<protocol>XZLGYL_CoreInsurancePolicyVerifyNotice</protocol>
						<protocol>XZLGYL_CoreInsuranceQuitApplyAdd</protocol>
						<protocol>XZLGYL_CoreInsuranceQuitApplyNotice</protocol>
						<protocol>XZLGYL_CoreProductListQuery</protocol>
						<protocol>XZLGYL_CoreProductPushListSync</protocol>
						<protocol>XZLGYL_ERPApDoPostTestFlow</protocol>
						<protocol>XZLGYL_FTAuthorizationEncryptionQRCodeGen</protocol>
						<protocol>XZLGYL_FTConcentrateDecryptFlow</protocol>
						<protocol>XZLGYL_FTConcentrateEncryptFlow</protocol>
						<protocol>XZLGYL_FTDecryptInfoQuery</protocol>
						<protocol>XZLGYL_FTDecryptQRCodeContentGen</protocol>
						<protocol>XZLGYL_FTEncryptUserAndCertInfoExtFlow</protocol>
						<protocol>XZLGYL_FTEncryptUserAndCertInfoFlow</protocol>
						<protocol>XZLGYL_FTEncryptUserCertInfoFlow</protocol>
						<protocol>XZLGYL_FTEncryptionStrToAppServiceFlow</protocol>
						<protocol>XZLGYL_FTLastSignatureInfoGen</protocol>
						<protocol>XZLGYL_FTQRCodeContentGen</protocol>
						<protocol>XZLGYL_FTQRCodeIsScanedQuery</protocol>
						<protocol>XZLGYL_FTQRCodeLoginInfoQuery</protocol>
						<protocol>XZLGYL_FTQRCodeSignInfoQuery</protocol>
						<protocol>XZLGYL_FTReceiveScanDataFlow</protocol>
						<protocol>XZLGYL_FTSignFlow</protocol>
						<protocol>XZLGYL_FTSignVerifyFlow</protocol>
						<protocol>XZLGYL_FTSignatureQRCodeContentGen</protocol>
						<protocol>XZLGYL_FTSignatureValueFlow</protocol>
						<protocol>XZLGYL_FTTidingsSignQRCodeContentGen</protocol>
						<protocol>XZLGYL_FTUserQRCodeContentGen</protocol>
						<protocol>XZLGYL_GetProjectQuery</protocol>
						<protocol>XZLGYL_GetProjectTestQuery</protocol>
						<protocol>XZLGYL_PushAssetListDataPlatformNotice</protocol>
						<protocol>XZLGYL_PushAssetListDataPlatformTestNotice</protocol>
						<protocol>XZLGYL_PushContractInfoSync</protocol>
						<protocol>XZLGYL_PushContractInfoTestSync</protocol>
						<protocol>XZLGYL_PushContractStatusSync</protocol>
						<protocol>XZLGYL_PushPaymentPlatformSync</protocol>
						<protocol>XZLGYL_PushPaymentPlatformTestSync</protocol>
						<protocol>XZLGYL_PushProjectDataSync</protocol>
						<protocol>XZLGYL_PushProjectDataTestSync</protocol>
						<protocol>XZLGYL_PushReportOrderListInfoSync</protocol>
						<protocol>XZLGYL_PushReportOrderListInfoTestSync</protocol>
						<protocol>XZLGYL_ReceiveInvoiceListSync</protocol>
						<protocol>XZLGYL_ReceiveInvoiceListTestSync</protocol>
						<protocol>XZLGYL_ReceiveInvoiceNotice</protocol>
						<protocol>XZLGYL_ReceiveRequestInfoByJsonTestQuery</protocol>
						<protocol>XZLGYL_ReflushSync</protocol>
						<protocol>XZLGYL_ReflushTestSync</protocol>
						<protocol>XZLGYL_RevokeAdjustNotice</protocol>
						<protocol>XZLGYL_RevokeAdjustTestNotice</protocol>
						<protocol>XZLGYL_RollBackERPAssetList</protocol>
						<protocol>XZLGYL_RollBackERPAssetTestList</protocol>
						<protocol>XZLGYL_UserRequestInfoByJsonTestDel</protocol>
						<protocol>XZLGYL_VenaChain</protocol>
						<protocol>XZLGYL_ZFProQuery</protocol>
						<protocol>XZLGYL_ZFTestQuery</protocol>
							</protocols>
		
		<params>
				</params>
		<services>
								<service>
			<serivcename>ApiBusiApplicationRollback</serivcename>
			<protocol>XZLGYL_ApiBusiApplicationRollback</protocol>
			</service>
						<service>
			<serivcename>ApiBusiCreateApplyAdd</serivcename>
			<protocol>XZLGYL_ApiBusiCreateApplyAdd</protocol>
			</service>
						<service>
			<serivcename>ApiBusiErpAuditCallBack</serivcename>
			<protocol>XZLGYL_ApiBusiErpAuditCallBack</protocol>
			</service>
						<service>
			<serivcename>ApiBusiReceiveCloudDataFlow</serivcename>
			<protocol>XZLGYL_ApiBusiReceiveCloudDataFlow</protocol>
			</service>
						<service>
			<serivcename>ApiBusiReceiveScanDataFlow</serivcename>
			<protocol>XZLGYL_ApiBusiReceiveScanDataFlow</protocol>
			</service>
						<service>
			<serivcename>ApiBusiStateQuery</serivcename>
			<protocol>XZLGYL_ApiBusiStateQuery</protocol>
			</service>
						<service>
			<serivcename>ApiBusiTenderSync</serivcename>
			<protocol>XZLGYL_ApiBusiTenderSync</protocol>
			</service>
						<service>
			<serivcename>ApiFinanceCustomApplyCallBackNotice</serivcename>
			<protocol>XZLGYL_ApiFinanceCustomApplyCallBackNotice</protocol>
			</service>
						<service>
			<serivcename>ApiFinancePayBackProgressNotice</serivcename>
			<protocol>XZLGYL_ApiFinancePayBackProgressNotice</protocol>
			</service>
						<service>
			<serivcename>ApiFinanceProgressNotice</serivcename>
			<protocol>XZLGYL_ApiFinanceProgressNotice</protocol>
			</service>
						<service>
			<serivcename>ApiInsuranceDecryptAdd</serivcename>
			<protocol>XZLGYL_ApiInsuranceDecryptAdd</protocol>
			</service>
						<service>
			<serivcename>ApiInsurancePolicyApplyNotice</serivcename>
			<protocol>XZLGYL_ApiInsurancePolicyApplyNotice</protocol>
			</service>
						<service>
			<serivcename>ApiInsurancePolicyRestoreNotice</serivcename>
			<protocol>XZLGYL_ApiInsurancePolicyRestoreNotice</protocol>
			</service>
						<service>
			<serivcename>ApiInsurancePolicyVerifyNotice</serivcename>
			<protocol>XZLGYL_ApiInsurancePolicyVerifyNotice</protocol>
			</service>
						<service>
			<serivcename>ApiMybankNotice</serivcename>
			<protocol>XZLGYL_ApiMybankNotice</protocol>
			</service>
						<service>
			<serivcename>ApiQuitApplyNotice</serivcename>
			<protocol>XZLGYL_ApiQuitApplyNotice</protocol>
			</service>
						<service>
			<serivcename>AssetApplyResultNotice</serivcename>
			<protocol>XZLGYL_AssetApplyResultNotice</protocol>
			</service>
						<service>
			<serivcename>AssetApplyResultTestNotice</serivcename>
			<protocol>XZLGYL_AssetApplyResultTestNotice</protocol>
			</service>
						<service>
			<serivcename>ChainByTxHashQuery</serivcename>
			<protocol>XZLGYL_ChainByTxHashQuery</protocol>
			</service>
						<service>
			<serivcename>ChainFileEvidenceQuery</serivcename>
			<protocol>XZLGYL_ChainFileEvidenceQuery</protocol>
			</service>
						<service>
			<serivcename>ChainStoreDataToBlockChainFlow</serivcename>
			<protocol>XZLGYL_ChainStoreDataToBlockChainFlow</protocol>
			</service>
						<service>
			<serivcename>ChainStoreResultQuery</serivcename>
			<protocol>XZLGYL_ChainStoreResultQuery</protocol>
			</service>
						<service>
			<serivcename>CoreBankUserBookBuildApplyAdd</serivcename>
			<protocol>XZLGYL_CoreBankUserBookBuildApplyAdd</protocol>
			</service>
						<service>
			<serivcename>CoreBankUserBookBuildQuery</serivcename>
			<protocol>XZLGYL_CoreBankUserBookBuildQuery</protocol>
			</service>
						<service>
			<serivcename>CoreBankUserBookBuildResultNotice</serivcename>
			<protocol>XZLGYL_CoreBankUserBookBuildResultNotice</protocol>
			</service>
						<service>
			<serivcename>CoreBankUserFinanceProgressQuery</serivcename>
			<protocol>XZLGYL_CoreBankUserFinanceProgressQuery</protocol>
			</service>
						<service>
			<serivcename>CoreBankUserLoanApplyAdd</serivcename>
			<protocol>XZLGYL_CoreBankUserLoanApplyAdd</protocol>
			</service>
						<service>
			<serivcename>CoreBankUserLoanApplyResultNotice</serivcename>
			<protocol>XZLGYL_CoreBankUserLoanApplyResultNotice</protocol>
			</service>
						<service>
			<serivcename>CoreBankUserPayBackProgressQuery</serivcename>
			<protocol>XZLGYL_CoreBankUserPayBackProgressQuery</protocol>
			</service>
						<service>
			<serivcename>CoreBankUserPayBackResultNotice</serivcename>
			<protocol>XZLGYL_CoreBankUserPayBackResultNotice</protocol>
			</service>
						<service>
			<serivcename>CoreBidLoanApplyAdd</serivcename>
			<protocol>XZLGYL_CoreBidLoanApplyAdd</protocol>
			</service>
						<service>
			<serivcename>CoreBidLoanNotifyNotice</serivcename>
			<protocol>XZLGYL_CoreBidLoanNotifyNotice</protocol>
			</service>
						<service>
			<serivcename>CoreBidLoanSupplementRecordAdd</serivcename>
			<protocol>XZLGYL_CoreBidLoanSupplementRecordAdd</protocol>
			</service>
						<service>
			<serivcename>CoreInsurancePayResultNotice</serivcename>
			<protocol>XZLGYL_CoreInsurancePayResultNotice</protocol>
			</service>
						<service>
			<serivcename>CoreInsurancePolicyApplyAdd</serivcename>
			<protocol>XZLGYL_CoreInsurancePolicyApplyAdd</protocol>
			</service>
						<service>
			<serivcename>CoreInsurancePolicyApplyNotice</serivcename>
			<protocol>XZLGYL_CoreInsurancePolicyApplyNotice</protocol>
			</service>
						<service>
			<serivcename>CoreInsurancePolicyRestoreNotice</serivcename>
			<protocol>XZLGYL_CoreInsurancePolicyRestoreNotice</protocol>
			</service>
						<service>
			<serivcename>CoreInsurancePolicyRestoreRollback</serivcename>
			<protocol>XZLGYL_CoreInsurancePolicyRestoreRollback</protocol>
			</service>
						<service>
			<serivcename>CoreInsurancePolicyVerifyNotice</serivcename>
			<protocol>XZLGYL_CoreInsurancePolicyVerifyNotice</protocol>
			</service>
						<service>
			<serivcename>CoreInsuranceQuitApplyAdd</serivcename>
			<protocol>XZLGYL_CoreInsuranceQuitApplyAdd</protocol>
			</service>
						<service>
			<serivcename>CoreInsuranceQuitApplyNotice</serivcename>
			<protocol>XZLGYL_CoreInsuranceQuitApplyNotice</protocol>
			</service>
						<service>
			<serivcename>CoreProductListQuery</serivcename>
			<protocol>XZLGYL_CoreProductListQuery</protocol>
			</service>
						<service>
			<serivcename>CoreProductPushListSync</serivcename>
			<protocol>XZLGYL_CoreProductPushListSync</protocol>
			</service>
						<service>
			<serivcename>ERPApDoPostTestFlow</serivcename>
			<protocol>XZLGYL_ERPApDoPostTestFlow</protocol>
			</service>
						<service>
			<serivcename>FTAuthorizationEncryptionQRCodeGen</serivcename>
			<protocol>XZLGYL_FTAuthorizationEncryptionQRCodeGen</protocol>
			</service>
						<service>
			<serivcename>FTConcentrateDecryptFlow</serivcename>
			<protocol>XZLGYL_FTConcentrateDecryptFlow</protocol>
			</service>
						<service>
			<serivcename>FTConcentrateEncryptFlow</serivcename>
			<protocol>XZLGYL_FTConcentrateEncryptFlow</protocol>
			</service>
						<service>
			<serivcename>FTDecryptInfoQuery</serivcename>
			<protocol>XZLGYL_FTDecryptInfoQuery</protocol>
			</service>
						<service>
			<serivcename>FTDecryptQRCodeContentGen</serivcename>
			<protocol>XZLGYL_FTDecryptQRCodeContentGen</protocol>
			</service>
						<service>
			<serivcename>FTEncryptionStrToAppServiceFlow</serivcename>
			<protocol>XZLGYL_FTEncryptionStrToAppServiceFlow</protocol>
			</service>
						<service>
			<serivcename>FTEncryptUserAndCertInfoExtFlow</serivcename>
			<protocol>XZLGYL_FTEncryptUserAndCertInfoExtFlow</protocol>
			</service>
						<service>
			<serivcename>FTEncryptUserAndCertInfoFlow</serivcename>
			<protocol>XZLGYL_FTEncryptUserAndCertInfoFlow</protocol>
			</service>
						<service>
			<serivcename>FTEncryptUserCertInfoFlow</serivcename>
			<protocol>XZLGYL_FTEncryptUserCertInfoFlow</protocol>
			</service>
						<service>
			<serivcename>FTLastSignatureInfoGen</serivcename>
			<protocol>XZLGYL_FTLastSignatureInfoGen</protocol>
			</service>
						<service>
			<serivcename>FTQRCodeContentGen</serivcename>
			<protocol>XZLGYL_FTQRCodeContentGen</protocol>
			</service>
						<service>
			<serivcename>FTQRCodeIsScanedQuery</serivcename>
			<protocol>XZLGYL_FTQRCodeIsScanedQuery</protocol>
			</service>
						<service>
			<serivcename>FTQRCodeLoginInfoQuery</serivcename>
			<protocol>XZLGYL_FTQRCodeLoginInfoQuery</protocol>
			</service>
						<service>
			<serivcename>FTQRCodeSignInfoQuery</serivcename>
			<protocol>XZLGYL_FTQRCodeSignInfoQuery</protocol>
			</service>
						<service>
			<serivcename>FTReceiveScanDataFlow</serivcename>
			<protocol>XZLGYL_FTReceiveScanDataFlow</protocol>
			</service>
						<service>
			<serivcename>FTSignatureQRCodeContentGen</serivcename>
			<protocol>XZLGYL_FTSignatureQRCodeContentGen</protocol>
			</service>
						<service>
			<serivcename>FTSignatureValueFlow</serivcename>
			<protocol>XZLGYL_FTSignatureValueFlow</protocol>
			</service>
						<service>
			<serivcename>FTSignFlow</serivcename>
			<protocol>XZLGYL_FTSignFlow</protocol>
			</service>
						<service>
			<serivcename>FTSignVerifyFlow</serivcename>
			<protocol>XZLGYL_FTSignVerifyFlow</protocol>
			</service>
						<service>
			<serivcename>FTTidingsSignQRCodeContentGen</serivcename>
			<protocol>XZLGYL_FTTidingsSignQRCodeContentGen</protocol>
			</service>
						<service>
			<serivcename>FTUserQRCodeContentGen</serivcename>
			<protocol>XZLGYL_FTUserQRCodeContentGen</protocol>
			</service>
						<service>
			<serivcename>GetProjectQuery</serivcename>
			<protocol>XZLGYL_GetProjectQuery</protocol>
			</service>
						<service>
			<serivcename>GetProjectTestQuery</serivcename>
			<protocol>XZLGYL_GetProjectTestQuery</protocol>
			</service>
						<service>
			<serivcename>PushAssetListDataPlatformNotice</serivcename>
			<protocol>XZLGYL_PushAssetListDataPlatformNotice</protocol>
			</service>
						<service>
			<serivcename>PushAssetListDataPlatformTestNotice</serivcename>
			<protocol>XZLGYL_PushAssetListDataPlatformTestNotice</protocol>
			</service>
						<service>
			<serivcename>PushContractInfoSync</serivcename>
			<protocol>XZLGYL_PushContractInfoSync</protocol>
			</service>
						<service>
			<serivcename>PushContractInfoTestSync</serivcename>
			<protocol>XZLGYL_PushContractInfoTestSync</protocol>
			</service>
						<service>
			<serivcename>PushContractStatusSync</serivcename>
			<protocol>XZLGYL_PushContractStatusSync</protocol>
			</service>
						<service>
			<serivcename>PushPaymentPlatformSync</serivcename>
			<protocol>XZLGYL_PushPaymentPlatformSync</protocol>
			</service>
						<service>
			<serivcename>PushPaymentPlatformTestSync</serivcename>
			<protocol>XZLGYL_PushPaymentPlatformTestSync</protocol>
			</service>
						<service>
			<serivcename>PushProjectDataSync</serivcename>
			<protocol>XZLGYL_PushProjectDataSync</protocol>
			</service>
						<service>
			<serivcename>PushProjectDataTestSync</serivcename>
			<protocol>XZLGYL_PushProjectDataTestSync</protocol>
			</service>
						<service>
			<serivcename>PushReportOrderListInfoSync</serivcename>
			<protocol>XZLGYL_PushReportOrderListInfoSync</protocol>
			</service>
						<service>
			<serivcename>PushReportOrderListInfoTestSync</serivcename>
			<protocol>XZLGYL_PushReportOrderListInfoTestSync</protocol>
			</service>
						<service>
			<serivcename>ReceiveInvoiceListSync</serivcename>
			<protocol>XZLGYL_ReceiveInvoiceListSync</protocol>
			</service>
						<service>
			<serivcename>ReceiveInvoiceListTestSync</serivcename>
			<protocol>XZLGYL_ReceiveInvoiceListTestSync</protocol>
			</service>
						<service>
			<serivcename>ReceiveInvoiceNotice</serivcename>
			<protocol>XZLGYL_ReceiveInvoiceNotice</protocol>
			</service>
						<service>
			<serivcename>ReceiveRequestInfoByJsonTestQuery</serivcename>
			<protocol>XZLGYL_ReceiveRequestInfoByJsonTestQuery</protocol>
			</service>
						<service>
			<serivcename>ReflushSync</serivcename>
			<protocol>XZLGYL_ReflushSync</protocol>
			</service>
						<service>
			<serivcename>ReflushTestSync</serivcename>
			<protocol>XZLGYL_ReflushTestSync</protocol>
			</service>
						<service>
			<serivcename>RevokeAdjustNotice</serivcename>
			<protocol>XZLGYL_RevokeAdjustNotice</protocol>
			</service>
						<service>
			<serivcename>RevokeAdjustTestNotice</serivcename>
			<protocol>XZLGYL_RevokeAdjustTestNotice</protocol>
			</service>
						<service>
			<serivcename>RollBackERPAssetList</serivcename>
			<protocol>XZLGYL_RollBackERPAssetList</protocol>
			</service>
						<service>
			<serivcename>RollBackERPAssetTestList</serivcename>
			<protocol>XZLGYL_RollBackERPAssetTestList</protocol>
			</service>
						<service>
			<serivcename>UserRequestInfoByJsonTestDel</serivcename>
			<protocol>XZLGYL_UserRequestInfoByJsonTestDel</protocol>
			</service>
						<service>
			<serivcename>VenaChain</serivcename>
			<protocol>XZLGYL_VenaChain</protocol>
			</service>
						<service>
			<serivcename>ZFProQuery</serivcename>
			<protocol>XZLGYL_ZFProQuery</protocol>
			</service>
						<service>
			<serivcename>ZFTestQuery</serivcename>
			<protocol>XZLGYL_ZFTestQuery</protocol>
			</service>
							</services>
	</servicesystem>
</servicesystems>