<?xml version="1.0" encoding="UTF-8"?>
<servicesystems>
	<servicesystem>
		<serviceSystemName>ZBZSJDB</serviceSystemName>
		<serviceSystemDesc>招标正式机数据库</serviceSystemDesc>
		<hostName/>
		<hostIp/>
		<status>add</status>
		
		<protocols>
								<protocol>ZBZSJDB_ZhyyLog1FgjcGyspjQuery</protocol>
						<protocol>ZBZSJDB_ZhyyPur1GysdaglJbxxQuery</protocol>
						<protocol>ZBZSJDB_ZhyyPur1GysfbQuery</protocol>
						<protocol>ZBZSJDB_ZhyyPur1HggysjgQuery</protocol>
						<protocol>ZBZSJDB_ZhyyPurGysgsxqGyspjQuery</protocol>
						<protocol>ZBZSJDB_ZhyySal1GysfbQuery</protocol>
						<protocol>ZBZSJDB_ZhyySal1GysjgQuery</protocol>
						<protocol>ZBZSJDB_ZhyySal1GyspjGyspfCcQuery</protocol>
						<protocol>ZBZSJDB_ZhyySal1GyspjGyspfQuery</protocol>
						<protocol>ZBZSJDB_ZhyySal1GyspjGyspfTbfwCcQuery</protocol>
						<protocol>ZBZSJDB_ZhyySal1HggysjgQuery</protocol>
						<protocol>ZBZSJDB_ZhyySal1JzbcftsQuery</protocol>
						<protocol>ZBZSJDB_ZhyySal1YdjzbcfQuery</protocol>
						<protocol>ZBZSJDB_ZhyyZhfkGysgl1Query</protocol>
						<protocol>ZBZSJDB_ZhyyZhfkGysgl2Query</protocol>
							</protocols>
		
		<params>
				</params>
		<services>
								<service>
			<serivcename>ZhyyLog1FgjcGyspjQuery</serivcename>
			<protocol>ZBZSJDB_ZhyyLog1FgjcGyspjQuery</protocol>
			</service>
						<service>
			<serivcename>ZhyyPur1GysdaglJbxxQuery</serivcename>
			<protocol>ZBZSJDB_ZhyyPur1GysdaglJbxxQuery</protocol>
			</service>
						<service>
			<serivcename>ZhyyPur1GysfbQuery</serivcename>
			<protocol>ZBZSJDB_ZhyyPur1GysfbQuery</protocol>
			</service>
						<service>
			<serivcename>ZhyyPur1HggysjgQuery</serivcename>
			<protocol>ZBZSJDB_ZhyyPur1HggysjgQuery</protocol>
			</service>
						<service>
			<serivcename>ZhyyPurGysgsxqGyspjQuery</serivcename>
			<protocol>ZBZSJDB_ZhyyPurGysgsxqGyspjQuery</protocol>
			</service>
						<service>
			<serivcename>ZhyySal1GysfbQuery</serivcename>
			<protocol>ZBZSJDB_ZhyySal1GysfbQuery</protocol>
			</service>
						<service>
			<serivcename>ZhyySal1GysjgQuery</serivcename>
			<protocol>ZBZSJDB_ZhyySal1GysjgQuery</protocol>
			</service>
						<service>
			<serivcename>ZhyySal1GyspjGyspfCcQuery</serivcename>
			<protocol>ZBZSJDB_ZhyySal1GyspjGyspfCcQuery</protocol>
			</service>
						<service>
			<serivcename>ZhyySal1GyspjGyspfQuery</serivcename>
			<protocol>ZBZSJDB_ZhyySal1GyspjGyspfQuery</protocol>
			</service>
						<service>
			<serivcename>ZhyySal1GyspjGyspfTbfwCcQuery</serivcename>
			<protocol>ZBZSJDB_ZhyySal1GyspjGyspfTbfwCcQuery</protocol>
			</service>
						<service>
			<serivcename>ZhyySal1HggysjgQuery</serivcename>
			<protocol>ZBZSJDB_ZhyySal1HggysjgQuery</protocol>
			</service>
						<service>
			<serivcename>ZhyySal1JzbcftsQuery</serivcename>
			<protocol>ZBZSJDB_ZhyySal1JzbcftsQuery</protocol>
			</service>
						<service>
			<serivcename>ZhyySal1YdjzbcfQuery</serivcename>
			<protocol>ZBZSJDB_ZhyySal1YdjzbcfQuery</protocol>
			</service>
						<service>
			<serivcename>ZhyyZhfkGysgl1Query</serivcename>
			<protocol>ZBZSJDB_ZhyyZhfkGysgl1Query</protocol>
			</service>
						<service>
			<serivcename>ZhyyZhfkGysgl2Query</serivcename>
			<protocol>ZBZSJDB_ZhyyZhfkGysgl2Query</protocol>
			</service>
							</services>
	</servicesystem>
</servicesystems>