<?xml version="1.0" encoding="UTF-8"?>
<servicesystems>
	<servicesystem>
		<serviceSystemName>ZHFWDB</serviceSystemName>
		<serviceSystemDesc>智慧法务</serviceSystemDesc>
		<hostName/>
		<hostIp/>
		<status>add</status>
		
		<protocols>
								<protocol>ZHFWDB_ZhyyZhfwFlpxmxQuery</protocol>
						<protocol>ZHFWDB_ZhyyZhfwFlpxzsQuery</protocol>
						<protocol>ZHFWDB_ZhyyZhfwFwtjQuery</protocol>
						<protocol>ZHFWDB_ZhyyZhfwHtfbzsQuery</protocol>
						<protocol>ZHFWDB_ZhyyZhfwHtflshQuery</protocol>
						<protocol>ZHFWDB_ZhyyZhfwJjthfwglQuery</protocol>
						<protocol>ZHFWDB_ZhyyZhfwJjtzfwfnQuery</protocol>
						<protocol>ZHFWDB_ZhyyZhfwKszxmxQuery</protocol>
						<protocol>ZHFWDB_ZhyyZhfwKszxzsQuery</protocol>
						<protocol>ZHFWDB_ZhyyZhfwSbkmxQuery</protocol>
						<protocol>ZHFWDB_ZhyyZhfwSbkzsQuery</protocol>
						<protocol>ZHFWDB_ZhyyZhfwSsajQuery</protocol>
						<protocol>ZHFWDB_ZhyyZhfwSsayQuery</protocol>
						<protocol>ZHFWDB_ZhyyZhfwSssabmQuery</protocol>
							</protocols>
		
		<params>
				</params>
		<services>
								<service>
			<serivcename>ZhyyZhfwFlpxmxQuery</serivcename>
			<protocol>ZHFWDB_ZhyyZhfwFlpxmxQuery</protocol>
			</service>
						<service>
			<serivcename>ZhyyZhfwFlpxzsQuery</serivcename>
			<protocol>ZHFWDB_ZhyyZhfwFlpxzsQuery</protocol>
			</service>
						<service>
			<serivcename>ZhyyZhfwFwtjQuery</serivcename>
			<protocol>ZHFWDB_ZhyyZhfwFwtjQuery</protocol>
			</service>
						<service>
			<serivcename>ZhyyZhfwHtfbzsQuery</serivcename>
			<protocol>ZHFWDB_ZhyyZhfwHtfbzsQuery</protocol>
			</service>
						<service>
			<serivcename>ZhyyZhfwHtflshQuery</serivcename>
			<protocol>ZHFWDB_ZhyyZhfwHtflshQuery</protocol>
			</service>
						<service>
			<serivcename>ZhyyZhfwJjthfwglQuery</serivcename>
			<protocol>ZHFWDB_ZhyyZhfwJjthfwglQuery</protocol>
			</service>
						<service>
			<serivcename>ZhyyZhfwJjtzfwfnQuery</serivcename>
			<protocol>ZHFWDB_ZhyyZhfwJjtzfwfnQuery</protocol>
			</service>
						<service>
			<serivcename>ZhyyZhfwKszxmxQuery</serivcename>
			<protocol>ZHFWDB_ZhyyZhfwKszxmxQuery</protocol>
			</service>
						<service>
			<serivcename>ZhyyZhfwKszxzsQuery</serivcename>
			<protocol>ZHFWDB_ZhyyZhfwKszxzsQuery</protocol>
			</service>
						<service>
			<serivcename>ZhyyZhfwSbkmxQuery</serivcename>
			<protocol>ZHFWDB_ZhyyZhfwSbkmxQuery</protocol>
			</service>
						<service>
			<serivcename>ZhyyZhfwSbkzsQuery</serivcename>
			<protocol>ZHFWDB_ZhyyZhfwSbkzsQuery</protocol>
			</service>
						<service>
			<serivcename>ZhyyZhfwSsajQuery</serivcename>
			<protocol>ZHFWDB_ZhyyZhfwSsajQuery</protocol>
			</service>
						<service>
			<serivcename>ZhyyZhfwSsayQuery</serivcename>
			<protocol>ZHFWDB_ZhyyZhfwSsayQuery</protocol>
			</service>
						<service>
			<serivcename>ZhyyZhfwSssabmQuery</serivcename>
			<protocol>ZHFWDB_ZhyyZhfwSssabmQuery</protocol>
			</service>
							</services>
	</servicesystem>
</servicesystems>