<?xml version="1.0" encoding="UTF-8"?>
<servicesystems>
	<servicesystem>
		<serviceSystemName>ZHYYDB</serviceSystemName>
		<serviceSystemDesc>智慧运营数据库</serviceSystemDesc>
		<hostName/>
		<hostIp/>
		<status>add</status>
		
		<protocols>
								<protocol>ZHYYDB_EmsZhhyNjphMqCn</protocol>
						<protocol>ZHYYDB_EmsZhhyNjphMqDyjy</protocol>
						<protocol>ZHYYDB_EmsZhhyNjphMqFdfh</protocol>
						<protocol>ZHYYDB_EmsZhhyNjphMqFsl</protocol>
						<protocol>ZHYYDB_EmsZhhyNjphMqHn</protocol>
						<protocol>ZHYYDB_EmsZhhyNjphMqLctfour</protocol>
						<protocol>ZHYYDB_EmsZhhyNjphMqLctone</protocol>
						<protocol>ZHYYDB_EmsZhhyNjphMqLctthree</protocol>
						<protocol>ZHYYDB_EmsZhhyNjphMqLcttwo</protocol>
						<protocol>ZHYYDB_EmsZhhyNjphMqNybjxx</protocol>
						<protocol>ZHYYDB_EmsZhhyNjphMqQgccl</protocol>
						<protocol>ZHYYDB_EmsZhhyNjphYdyaDqzycs</protocol>
						<protocol>ZHYYDB_EmsZhhyNjphYdyaDqzymssl</protocol>
						<protocol>ZHYYDB_EmsZhhyNjphYdyaDqzymsxq</protocol>
						<protocol>ZHYYDB_EmsZhhyNjphYdyaKjts</protocol>
						<protocol>ZHYYDB_EmsZhhyNjphYdyaKyz</protocol>
						<protocol>ZHYYDB_EmsZhhyNjphYdyaKyzzb</protocol>
						<protocol>ZHYYDB_EmsZhhyNjphYdyaYqyqljss</protocol>
						<protocol>ZHYYDB_EmsZhhyNjphYdyaYskqljss</protocol>
						<protocol>ZHYYDB_EmsZhhyNjphYdyaYskqzyljss</protocol>
						<protocol>ZHYYDB_EmsZhhyNjphYdyaZycs</protocol>
						<protocol>ZHYYDB_EmsZhhyNjphYdyaZyddyd</protocol>
						<protocol>ZHYYDB_EmsZhhyNjphYdyaZymssl</protocol>
						<protocol>ZHYYDB_EmsZhhyNjphYdyaZymsxq</protocol>
						<protocol>ZHYYDB_EmsZhhyNjphYdyaZyy</protocol>
						<protocol>ZHYYDB_EmsZhhyNjphYdyaZyydyyyq</protocol>
						<protocol>ZHYYDB_EmsZhhyNjphZqDyjy</protocol>
						<protocol>ZHYYDB_EmsZhhyNjphZqLctOne</protocol>
						<protocol>ZHYYDB_EmsZhhyNjphZqLctTwo</protocol>
						<protocol>ZHYYDB_EmsZhhyNjphZqNybjxx</protocol>
						<protocol>ZHYYDB_EmsZhhyNjphZqZsylzwgl</protocol>
						<protocol>ZHYYDB_EmsZhhyNydtFdxq</protocol>
						<protocol>ZHYYDB_EmsZhhyNydtFsl</protocol>
						<protocol>ZHYYDB_EmsZhhyNydtGdglys</protocol>
						<protocol>ZHYYDB_EmsZhhyNydtGdxlqs</protocol>
						<protocol>ZHYYDB_EmsZhhyNydtGlmq</protocol>
						<protocol>ZHYYDB_EmsZhhyNydtHbjd</protocol>
						<protocol>ZHYYDB_EmsZhhyNydtJlmq</protocol>
						<protocol>ZHYYDB_EmsZhhyNydtJqzyyh</protocol>
						<protocol>ZHYYDB_EmsZhhyNydtWxzytj</protocol>
						<protocol>ZHYYDB_EmsZhhyNydtWxzytjxq</protocol>
						<protocol>ZHYYDB_EmsZhhyNydtYdq</protocol>
						<protocol>ZHYYDB_EmsZhhyNydtYskq</protocol>
						<protocol>ZHYYDB_EmsZhhyNydtZfdbl</protocol>
						<protocol>ZHYYDB_ZhyyDangerouAreaListQuery</protocol>
						<protocol>ZHYYDB_ZhyyDangerouAreaPeopleQuery</protocol>
						<protocol>ZHYYDB_ZhyyGasPredictionDataQuery</protocol>
						<protocol>ZHYYDB_ZhyyGetBcMesTgBalanceInfo</protocol>
						<protocol>ZHYYDB_ZhyyHr12MonthysryydfbjqsQuery</protocol>
						<protocol>ZHYYDB_ZhyyHrCyyxlqyjzlQuery</protocol>
						<protocol>ZHYYDB_ZhyyHrCzszxfbQuery</protocol>
						<protocol>ZHYYDB_ZhyyHrJ5nlrryyxnQuery</protocol>
						<protocol>ZHYYDB_ZhyyHrJ5nysyrlcbQuery</protocol>
						<protocol>ZHYYDB_ZhyyHrMyxsxsQuery</protocol>
						<protocol>ZHYYDB_ZhyyHrPxslfbQuery</protocol>
						<protocol>ZHYYDB_ZhyyHrRlzyzshyQuery</protocol>
						<protocol>ZHYYDB_ZhyyHrZhzbwhQuery</protocol>
						<protocol>ZHYYDB_ZhyyItepGghGeneration</protocol>
						<protocol>ZHYYDB_ZhyyKeyHiddenDangerQuery</protocol>
						<protocol>ZHYYDB_ZhyyMEvalBcbgldtQuery</protocol>
						<protocol>ZHYYDB_ZhyyMEvalBczbsfzbbtQuery</protocol>
						<protocol>ZHYYDB_ZhyyMEvalCbldtQuery</protocol>
						<protocol>ZHYYDB_ZhyyMEvalCbzbsfzbbtQuery</protocol>
						<protocol>ZHYYDB_ZhyyMEvalCxjzbclyjdfqshhtQuery</protocol>
						<protocol>ZHYYDB_ZhyyMEvalCxjzbcsQuery</protocol>
						<protocol>ZHYYDB_ZhyyMEvalCxjzbcsejtczxtQuery</protocol>
						<protocol>ZHYYDB_ZhyyMEvalCxjzbmclbQuery</protocol>
						<protocol>ZHYYDB_ZhyyMEvalCxsmtb1Query</protocol>
						<protocol>ZHYYDB_ZhyyMEvalCxsmtb2Query</protocol>
						<protocol>ZHYYDB_ZhyyMEvalDrzbdfqkhhtQuery</protocol>
						<protocol>ZHYYDB_ZhyyMEvalFxzjlbQuery</protocol>
						<protocol>ZHYYDB_ZhyyMEvalGbfsfzzsfzbbtQuery</protocol>
						<protocol>ZHYYDB_ZhyyMEvalGbfsfzzsfzbqszxtQuery</protocol>
						<protocol>ZHYYDB_ZhyyMEvalGgsjzbsjhdjsjQuery</protocol>
						<protocol>ZHYYDB_ZhyyMEvalGsjzbclyjdfqshhtQuery</protocol>
						<protocol>ZHYYDB_ZhyyMEvalGsjzbcsQuery</protocol>
						<protocol>ZHYYDB_ZhyyMEvalGsjzbcsejtcrhbsjQuery</protocol>
						<protocol>ZHYYDB_ZhyyMEvalGsjzbcsejtczxtQuery</protocol>
						<protocol>ZHYYDB_ZhyyMEvalGspjdfejtclsqsrhbQuery</protocol>
						<protocol>ZHYYDB_ZhyyMEvalGspjdfejtclsqstQuery</protocol>
						<protocol>ZHYYDB_ZhyyMEvalGspjsjQuery</protocol>
						<protocol>ZHYYDB_ZhyyMEvalGsyxqkzlQuery</protocol>
						<protocol>ZHYYDB_ZhyyMEvalNyldtQuery</protocol>
						<protocol>ZHYYDB_ZhyyMEvalNyzbsfzbbtQuery</protocol>
						<protocol>ZHYYDB_ZhyyMEvalSqfxbtQuery</protocol>
						<protocol>ZHYYDB_ZhyyMEvalXlldtQuery</protocol>
						<protocol>ZHYYDB_ZhyyMEvalXlzbsfzbbtQuery</protocol>
						<protocol>ZHYYDB_ZhyyMEvalZlldtQuery</protocol>
						<protocol>ZHYYDB_ZhyyMEvalZlzbsfzbbtQuery</protocol>
						<protocol>ZHYYDB_ZhyyMajorHazardSourceQuery</protocol>
						<protocol>ZHYYDB_ZhyyMenuDetailClickQuery</protocol>
						<protocol>ZHYYDB_ZhyyMqphXhdDetailQuery</protocol>
						<protocol>ZHYYDB_ZhyyPcKeyHiddenDangerQuery</protocol>
						<protocol>ZHYYDB_ZhyyProAlarmDeCloseAbnormalHandleQuery</protocol>
						<protocol>ZHYYDB_ZhyyProAlarmDetailAbnormalHandleQuery</protocol>
						<protocol>ZHYYDB_ZhyyProAlarmDetailClassesQuery</protocol>
						<protocol>ZHYYDB_ZhyyProAlarmDetailCloseQuery</protocol>
						<protocol>ZHYYDB_ZhyyProAlarmDetailFollowQuery</protocol>
						<protocol>ZHYYDB_ZhyyProAlarmDetailsNumberByTypeQuery</protocol>
						<protocol>ZHYYDB_ZhyyProAlarmDetailsNumberQuery</protocol>
						<protocol>ZHYYDB_ZhyyProAlarmDetailsPieFinalQuery</protocol>
						<protocol>ZHYYDB_ZhyyProAlarmDetailsQuery</protocol>
						<protocol>ZHYYDB_ZhyyProAlarmRecordQuery</protocol>
						<protocol>ZHYYDB_ZhyyProAlarmTodayQuery</protocol>
						<protocol>ZHYYDB_ZhyyProIronSteelVisualZHYYDBQuery</protocol>
						<protocol>ZHYYDB_ZhyyProZbv2BjczbhbbQuery</protocol>
						<protocol>ZHYYDB_ZhyyProZbv2JrgzxdsxQuery</protocol>
						<protocol>ZHYYDB_ZhyyProZbv2JrgzzdgzQuery</protocol>
						<protocol>ZHYYDB_ZhyyProZbv2YjbjhjQuery</protocol>
						<protocol>ZHYYDB_ZhyyQjCxyJointInnoPlatformEventQuery</protocol>
						<protocol>ZHYYDB_ZhyyQjCxyJointInnoPlatformStatsQuery</protocol>
						<protocol>ZHYYDB_ZhyyQjCxySjyszdxmsjzQuery</protocol>
						<protocol>ZHYYDB_ZhyySafZbAlarmSiteQuery</protocol>
						<protocol>ZHYYDB_ZhyySafZbBrFactoryExcPushQuery</protocol>
						<protocol>ZHYYDB_ZhyySafZbKeyWorkVoiceQuery</protocol>
						<protocol>ZHYYDB_ZhyySalKhfuZHYYQuery</protocol>
						<protocol>ZHYYDB_ZhyyScMqphFsdQuery</protocol>
						<protocol>ZHYYDB_ZhyyScMqphXhdQuery</protocol>
						<protocol>ZHYYDB_ZhyyScreenVersionInfoQuery</protocol>
						<protocol>ZHYYDB_ZhyyYjEmergSupportDetailsQuery</protocol>
						<protocol>ZHYYDB_ZhyyYjEmergSupportTypeQuery</protocol>
						<protocol>ZHYYDB_ZhyyYjmsymtcqdyQueryy</protocol>
						<protocol>ZHYYDB_ZhyyYjymGqJqQuery</protocol>
						<protocol>ZHYYDB_ZhyyYjymPhjgFdjzQuery</protocol>
						<protocol>ZHYYDB_ZhyyYjymZqQuery</protocol>
						<protocol>ZHYYDB_ZhyyYxdjlBmdjlRankQuery</protocol>
						<protocol>ZHYYDB_ZhyyYxdjlBsdjlRankQuery</protocol>
						<protocol>ZHYYDB_ZhyyYxdjlClicksTrendQuery</protocol>
						<protocol>ZHYYDB_ZhyyYxdjlGetDepartmentQuery</protocol>
						<protocol>ZHYYDB_ZhyyYxdjlHmdjlRankQuery</protocol>
						<protocol>ZHYYDB_ZhyyYxdjlViewsAndVisitorsQuey</protocol>
							</protocols>
		
		<params>
				</params>
		<services>
								<service>
			<serivcename>EmsZhhyNjphMqCn</serivcename>
			<protocol>ZHYYDB_EmsZhhyNjphMqCn</protocol>
			</service>
						<service>
			<serivcename>EmsZhhyNjphMqDyjy</serivcename>
			<protocol>ZHYYDB_EmsZhhyNjphMqDyjy</protocol>
			</service>
						<service>
			<serivcename>EmsZhhyNjphMqFdfh</serivcename>
			<protocol>ZHYYDB_EmsZhhyNjphMqFdfh</protocol>
			</service>
						<service>
			<serivcename>EmsZhhyNjphMqFsl</serivcename>
			<protocol>ZHYYDB_EmsZhhyNjphMqFsl</protocol>
			</service>
						<service>
			<serivcename>EmsZhhyNjphMqHn</serivcename>
			<protocol>ZHYYDB_EmsZhhyNjphMqHn</protocol>
			</service>
						<service>
			<serivcename>EmsZhhyNjphMqLctfour</serivcename>
			<protocol>ZHYYDB_EmsZhhyNjphMqLctfour</protocol>
			</service>
						<service>
			<serivcename>EmsZhhyNjphMqLctone</serivcename>
			<protocol>ZHYYDB_EmsZhhyNjphMqLctone</protocol>
			</service>
						<service>
			<serivcename>EmsZhhyNjphMqLctthree</serivcename>
			<protocol>ZHYYDB_EmsZhhyNjphMqLctthree</protocol>
			</service>
						<service>
			<serivcename>EmsZhhyNjphMqLcttwo</serivcename>
			<protocol>ZHYYDB_EmsZhhyNjphMqLcttwo</protocol>
			</service>
						<service>
			<serivcename>EmsZhhyNjphMqNybjxx</serivcename>
			<protocol>ZHYYDB_EmsZhhyNjphMqNybjxx</protocol>
			</service>
						<service>
			<serivcename>EmsZhhyNjphMqQgccl</serivcename>
			<protocol>ZHYYDB_EmsZhhyNjphMqQgccl</protocol>
			</service>
						<service>
			<serivcename>EmsZhhyNjphYdyaDqzycs</serivcename>
			<protocol>ZHYYDB_EmsZhhyNjphYdyaDqzycs</protocol>
			</service>
						<service>
			<serivcename>EmsZhhyNjphYdyaDqzymssl</serivcename>
			<protocol>ZHYYDB_EmsZhhyNjphYdyaDqzymssl</protocol>
			</service>
						<service>
			<serivcename>EmsZhhyNjphYdyaDqzymsxq</serivcename>
			<protocol>ZHYYDB_EmsZhhyNjphYdyaDqzymsxq</protocol>
			</service>
						<service>
			<serivcename>EmsZhhyNjphYdyaKjts</serivcename>
			<protocol>ZHYYDB_EmsZhhyNjphYdyaKjts</protocol>
			</service>
						<service>
			<serivcename>EmsZhhyNjphYdyaKyz</serivcename>
			<protocol>ZHYYDB_EmsZhhyNjphYdyaKyz</protocol>
			</service>
						<service>
			<serivcename>EmsZhhyNjphYdyaKyzzb</serivcename>
			<protocol>ZHYYDB_EmsZhhyNjphYdyaKyzzb</protocol>
			</service>
						<service>
			<serivcename>EmsZhhyNjphYdyaYqyqljss</serivcename>
			<protocol>ZHYYDB_EmsZhhyNjphYdyaYqyqljss</protocol>
			</service>
						<service>
			<serivcename>EmsZhhyNjphYdyaYskqljss</serivcename>
			<protocol>ZHYYDB_EmsZhhyNjphYdyaYskqljss</protocol>
			</service>
						<service>
			<serivcename>EmsZhhyNjphYdyaYskqzyljss</serivcename>
			<protocol>ZHYYDB_EmsZhhyNjphYdyaYskqzyljss</protocol>
			</service>
						<service>
			<serivcename>EmsZhhyNjphYdyaZycs</serivcename>
			<protocol>ZHYYDB_EmsZhhyNjphYdyaZycs</protocol>
			</service>
						<service>
			<serivcename>EmsZhhyNjphYdyaZyddyd</serivcename>
			<protocol>ZHYYDB_EmsZhhyNjphYdyaZyddyd</protocol>
			</service>
						<service>
			<serivcename>EmsZhhyNjphYdyaZymssl</serivcename>
			<protocol>ZHYYDB_EmsZhhyNjphYdyaZymssl</protocol>
			</service>
						<service>
			<serivcename>EmsZhhyNjphYdyaZymsxq</serivcename>
			<protocol>ZHYYDB_EmsZhhyNjphYdyaZymsxq</protocol>
			</service>
						<service>
			<serivcename>EmsZhhyNjphYdyaZyy</serivcename>
			<protocol>ZHYYDB_EmsZhhyNjphYdyaZyy</protocol>
			</service>
						<service>
			<serivcename>EmsZhhyNjphYdyaZyydyyyq</serivcename>
			<protocol>ZHYYDB_EmsZhhyNjphYdyaZyydyyyq</protocol>
			</service>
						<service>
			<serivcename>EmsZhhyNjphZqDyjy</serivcename>
			<protocol>ZHYYDB_EmsZhhyNjphZqDyjy</protocol>
			</service>
						<service>
			<serivcename>EmsZhhyNjphZqLctOne</serivcename>
			<protocol>ZHYYDB_EmsZhhyNjphZqLctOne</protocol>
			</service>
						<service>
			<serivcename>EmsZhhyNjphZqLctTwo</serivcename>
			<protocol>ZHYYDB_EmsZhhyNjphZqLctTwo</protocol>
			</service>
						<service>
			<serivcename>EmsZhhyNjphZqNybjxx</serivcename>
			<protocol>ZHYYDB_EmsZhhyNjphZqNybjxx</protocol>
			</service>
						<service>
			<serivcename>EmsZhhyNjphZqZsylzwgl</serivcename>
			<protocol>ZHYYDB_EmsZhhyNjphZqZsylzwgl</protocol>
			</service>
						<service>
			<serivcename>EmsZhhyNydtFdxq</serivcename>
			<protocol>ZHYYDB_EmsZhhyNydtFdxq</protocol>
			</service>
						<service>
			<serivcename>EmsZhhyNydtFsl</serivcename>
			<protocol>ZHYYDB_EmsZhhyNydtFsl</protocol>
			</service>
						<service>
			<serivcename>EmsZhhyNydtGdglys</serivcename>
			<protocol>ZHYYDB_EmsZhhyNydtGdglys</protocol>
			</service>
						<service>
			<serivcename>EmsZhhyNydtGdxlqs</serivcename>
			<protocol>ZHYYDB_EmsZhhyNydtGdxlqs</protocol>
			</service>
						<service>
			<serivcename>EmsZhhyNydtGlmq</serivcename>
			<protocol>ZHYYDB_EmsZhhyNydtGlmq</protocol>
			</service>
						<service>
			<serivcename>EmsZhhyNydtHbjd</serivcename>
			<protocol>ZHYYDB_EmsZhhyNydtHbjd</protocol>
			</service>
						<service>
			<serivcename>EmsZhhyNydtJlmq</serivcename>
			<protocol>ZHYYDB_EmsZhhyNydtJlmq</protocol>
			</service>
						<service>
			<serivcename>EmsZhhyNydtJqzyyh</serivcename>
			<protocol>ZHYYDB_EmsZhhyNydtJqzyyh</protocol>
			</service>
						<service>
			<serivcename>EmsZhhyNydtWxzytj</serivcename>
			<protocol>ZHYYDB_EmsZhhyNydtWxzytj</protocol>
			</service>
						<service>
			<serivcename>EmsZhhyNydtWxzytjxq</serivcename>
			<protocol>ZHYYDB_EmsZhhyNydtWxzytjxq</protocol>
			</service>
						<service>
			<serivcename>EmsZhhyNydtYdq</serivcename>
			<protocol>ZHYYDB_EmsZhhyNydtYdq</protocol>
			</service>
						<service>
			<serivcename>EmsZhhyNydtYskq</serivcename>
			<protocol>ZHYYDB_EmsZhhyNydtYskq</protocol>
			</service>
						<service>
			<serivcename>EmsZhhyNydtZfdbl</serivcename>
			<protocol>ZHYYDB_EmsZhhyNydtZfdbl</protocol>
			</service>
						<service>
			<serivcename>ZhyyDangerouAreaListQuery</serivcename>
			<protocol>ZHYYDB_ZhyyDangerouAreaListQuery</protocol>
			</service>
						<service>
			<serivcename>ZhyyDangerouAreaPeopleQuery</serivcename>
			<protocol>ZHYYDB_ZhyyDangerouAreaPeopleQuery</protocol>
			</service>
						<service>
			<serivcename>ZhyyGasPredictionDataQuery</serivcename>
			<protocol>ZHYYDB_ZhyyGasPredictionDataQuery</protocol>
			</service>
						<service>
			<serivcename>ZhyyGetBcMesTgBalanceInfo</serivcename>
			<protocol>ZHYYDB_ZhyyGetBcMesTgBalanceInfo</protocol>
			</service>
						<service>
			<serivcename>ZhyyHr12MonthysryydfbjqsQuery</serivcename>
			<protocol>ZHYYDB_ZhyyHr12MonthysryydfbjqsQuery</protocol>
			</service>
						<service>
			<serivcename>ZhyyHrCyyxlqyjzlQuery</serivcename>
			<protocol>ZHYYDB_ZhyyHrCyyxlqyjzlQuery</protocol>
			</service>
						<service>
			<serivcename>ZhyyHrCzszxfbQuery</serivcename>
			<protocol>ZHYYDB_ZhyyHrCzszxfbQuery</protocol>
			</service>
						<service>
			<serivcename>ZhyyHrJ5nlrryyxnQuery</serivcename>
			<protocol>ZHYYDB_ZhyyHrJ5nlrryyxnQuery</protocol>
			</service>
						<service>
			<serivcename>ZhyyHrJ5nysyrlcbQuery</serivcename>
			<protocol>ZHYYDB_ZhyyHrJ5nysyrlcbQuery</protocol>
			</service>
						<service>
			<serivcename>ZhyyHrMyxsxsQuery</serivcename>
			<protocol>ZHYYDB_ZhyyHrMyxsxsQuery</protocol>
			</service>
						<service>
			<serivcename>ZhyyHrPxslfbQuery</serivcename>
			<protocol>ZHYYDB_ZhyyHrPxslfbQuery</protocol>
			</service>
						<service>
			<serivcename>ZhyyHrRlzyzshyQuery</serivcename>
			<protocol>ZHYYDB_ZhyyHrRlzyzshyQuery</protocol>
			</service>
						<service>
			<serivcename>ZhyyHrZhzbwhQuery</serivcename>
			<protocol>ZHYYDB_ZhyyHrZhzbwhQuery</protocol>
			</service>
						<service>
			<serivcename>ZhyyItepGghGeneration</serivcename>
			<protocol>ZHYYDB_ZhyyItepGghGeneration</protocol>
			</service>
						<service>
			<serivcename>ZhyyKeyHiddenDangerQuery</serivcename>
			<protocol>ZHYYDB_ZhyyKeyHiddenDangerQuery</protocol>
			</service>
						<service>
			<serivcename>ZhyyMajorHazardSourceQuery</serivcename>
			<protocol>ZHYYDB_ZhyyMajorHazardSourceQuery</protocol>
			</service>
						<service>
			<serivcename>ZhyyMenuDetailClickQuery</serivcename>
			<protocol>ZHYYDB_ZhyyMenuDetailClickQuery</protocol>
			</service>
						<service>
			<serivcename>ZhyyMEvalBcbgldtQuery</serivcename>
			<protocol>ZHYYDB_ZhyyMEvalBcbgldtQuery</protocol>
			</service>
						<service>
			<serivcename>ZhyyMEvalBczbsfzbbtQuery</serivcename>
			<protocol>ZHYYDB_ZhyyMEvalBczbsfzbbtQuery</protocol>
			</service>
						<service>
			<serivcename>ZhyyMEvalCbldtQuery</serivcename>
			<protocol>ZHYYDB_ZhyyMEvalCbldtQuery</protocol>
			</service>
						<service>
			<serivcename>ZhyyMEvalCbzbsfzbbtQuery</serivcename>
			<protocol>ZHYYDB_ZhyyMEvalCbzbsfzbbtQuery</protocol>
			</service>
						<service>
			<serivcename>ZhyyMEvalCxjzbclyjdfqshhtQuery</serivcename>
			<protocol>ZHYYDB_ZhyyMEvalCxjzbclyjdfqshhtQuery</protocol>
			</service>
						<service>
			<serivcename>ZhyyMEvalCxjzbcsejtczxtQuery</serivcename>
			<protocol>ZHYYDB_ZhyyMEvalCxjzbcsejtczxtQuery</protocol>
			</service>
						<service>
			<serivcename>ZhyyMEvalCxjzbcsQuery</serivcename>
			<protocol>ZHYYDB_ZhyyMEvalCxjzbcsQuery</protocol>
			</service>
						<service>
			<serivcename>ZhyyMEvalCxjzbmclbQuery</serivcename>
			<protocol>ZHYYDB_ZhyyMEvalCxjzbmclbQuery</protocol>
			</service>
						<service>
			<serivcename>ZhyyMEvalCxsmtb1Query</serivcename>
			<protocol>ZHYYDB_ZhyyMEvalCxsmtb1Query</protocol>
			</service>
						<service>
			<serivcename>ZhyyMEvalCxsmtb2Query</serivcename>
			<protocol>ZHYYDB_ZhyyMEvalCxsmtb2Query</protocol>
			</service>
						<service>
			<serivcename>ZhyyMEvalDrzbdfqkhhtQuery</serivcename>
			<protocol>ZHYYDB_ZhyyMEvalDrzbdfqkhhtQuery</protocol>
			</service>
						<service>
			<serivcename>ZhyyMEvalFxzjlbQuery</serivcename>
			<protocol>ZHYYDB_ZhyyMEvalFxzjlbQuery</protocol>
			</service>
						<service>
			<serivcename>ZhyyMEvalGbfsfzzsfzbbtQuery</serivcename>
			<protocol>ZHYYDB_ZhyyMEvalGbfsfzzsfzbbtQuery</protocol>
			</service>
						<service>
			<serivcename>ZhyyMEvalGbfsfzzsfzbqszxtQuery</serivcename>
			<protocol>ZHYYDB_ZhyyMEvalGbfsfzzsfzbqszxtQuery</protocol>
			</service>
						<service>
			<serivcename>ZhyyMEvalGgsjzbsjhdjsjQuery</serivcename>
			<protocol>ZHYYDB_ZhyyMEvalGgsjzbsjhdjsjQuery</protocol>
			</service>
						<service>
			<serivcename>ZhyyMEvalGsjzbclyjdfqshhtQuery</serivcename>
			<protocol>ZHYYDB_ZhyyMEvalGsjzbclyjdfqshhtQuery</protocol>
			</service>
						<service>
			<serivcename>ZhyyMEvalGsjzbcsejtcrhbsjQuery</serivcename>
			<protocol>ZHYYDB_ZhyyMEvalGsjzbcsejtcrhbsjQuery</protocol>
			</service>
						<service>
			<serivcename>ZhyyMEvalGsjzbcsejtczxtQuery</serivcename>
			<protocol>ZHYYDB_ZhyyMEvalGsjzbcsejtczxtQuery</protocol>
			</service>
						<service>
			<serivcename>ZhyyMEvalGsjzbcsQuery</serivcename>
			<protocol>ZHYYDB_ZhyyMEvalGsjzbcsQuery</protocol>
			</service>
						<service>
			<serivcename>ZhyyMEvalGspjdfejtclsqsrhbQuery</serivcename>
			<protocol>ZHYYDB_ZhyyMEvalGspjdfejtclsqsrhbQuery</protocol>
			</service>
						<service>
			<serivcename>ZhyyMEvalGspjdfejtclsqstQuery</serivcename>
			<protocol>ZHYYDB_ZhyyMEvalGspjdfejtclsqstQuery</protocol>
			</service>
						<service>
			<serivcename>ZhyyMEvalGspjsjQuery</serivcename>
			<protocol>ZHYYDB_ZhyyMEvalGspjsjQuery</protocol>
			</service>
						<service>
			<serivcename>ZhyyMEvalGsyxqkzlQuery</serivcename>
			<protocol>ZHYYDB_ZhyyMEvalGsyxqkzlQuery</protocol>
			</service>
						<service>
			<serivcename>ZhyyMEvalNyldtQuery</serivcename>
			<protocol>ZHYYDB_ZhyyMEvalNyldtQuery</protocol>
			</service>
						<service>
			<serivcename>ZhyyMEvalNyzbsfzbbtQuery</serivcename>
			<protocol>ZHYYDB_ZhyyMEvalNyzbsfzbbtQuery</protocol>
			</service>
						<service>
			<serivcename>ZhyyMEvalSqfxbtQuery</serivcename>
			<protocol>ZHYYDB_ZhyyMEvalSqfxbtQuery</protocol>
			</service>
						<service>
			<serivcename>ZhyyMEvalXlldtQuery</serivcename>
			<protocol>ZHYYDB_ZhyyMEvalXlldtQuery</protocol>
			</service>
						<service>
			<serivcename>ZhyyMEvalXlzbsfzbbtQuery</serivcename>
			<protocol>ZHYYDB_ZhyyMEvalXlzbsfzbbtQuery</protocol>
			</service>
						<service>
			<serivcename>ZhyyMEvalZlldtQuery</serivcename>
			<protocol>ZHYYDB_ZhyyMEvalZlldtQuery</protocol>
			</service>
						<service>
			<serivcename>ZhyyMEvalZlzbsfzbbtQuery</serivcename>
			<protocol>ZHYYDB_ZhyyMEvalZlzbsfzbbtQuery</protocol>
			</service>
						<service>
			<serivcename>ZhyyMqphXhdDetailQuery</serivcename>
			<protocol>ZHYYDB_ZhyyMqphXhdDetailQuery</protocol>
			</service>
						<service>
			<serivcename>ZhyyPcKeyHiddenDangerQuery</serivcename>
			<protocol>ZHYYDB_ZhyyPcKeyHiddenDangerQuery</protocol>
			</service>
						<service>
			<serivcename>ZhyyProAlarmDeCloseAbnormalHandleQuery</serivcename>
			<protocol>ZHYYDB_ZhyyProAlarmDeCloseAbnormalHandleQuery</protocol>
			</service>
						<service>
			<serivcename>ZhyyProAlarmDetailAbnormalHandleQuery</serivcename>
			<protocol>ZHYYDB_ZhyyProAlarmDetailAbnormalHandleQuery</protocol>
			</service>
						<service>
			<serivcename>ZhyyProAlarmDetailClassesQuery</serivcename>
			<protocol>ZHYYDB_ZhyyProAlarmDetailClassesQuery</protocol>
			</service>
						<service>
			<serivcename>ZhyyProAlarmDetailCloseQuery</serivcename>
			<protocol>ZHYYDB_ZhyyProAlarmDetailCloseQuery</protocol>
			</service>
						<service>
			<serivcename>ZhyyProAlarmDetailFollowQuery</serivcename>
			<protocol>ZHYYDB_ZhyyProAlarmDetailFollowQuery</protocol>
			</service>
						<service>
			<serivcename>ZhyyProAlarmDetailsNumberByTypeQuery</serivcename>
			<protocol>ZHYYDB_ZhyyProAlarmDetailsNumberByTypeQuery</protocol>
			</service>
						<service>
			<serivcename>ZhyyProAlarmDetailsNumberQuery</serivcename>
			<protocol>ZHYYDB_ZhyyProAlarmDetailsNumberQuery</protocol>
			</service>
						<service>
			<serivcename>ZhyyProAlarmDetailsPieFinalQuery</serivcename>
			<protocol>ZHYYDB_ZhyyProAlarmDetailsPieFinalQuery</protocol>
			</service>
						<service>
			<serivcename>ZhyyProAlarmDetailsQuery</serivcename>
			<protocol>ZHYYDB_ZhyyProAlarmDetailsQuery</protocol>
			</service>
						<service>
			<serivcename>ZhyyProAlarmRecordQuery</serivcename>
			<protocol>ZHYYDB_ZhyyProAlarmRecordQuery</protocol>
			</service>
						<service>
			<serivcename>ZhyyProAlarmTodayQuery</serivcename>
			<protocol>ZHYYDB_ZhyyProAlarmTodayQuery</protocol>
			</service>
						<service>
			<serivcename>ZhyyProIronSteelVisualZHYYDBQuery</serivcename>
			<protocol>ZHYYDB_ZhyyProIronSteelVisualZHYYDBQuery</protocol>
			</service>
						<service>
			<serivcename>ZhyyProZbv2BjczbhbbQuery</serivcename>
			<protocol>ZHYYDB_ZhyyProZbv2BjczbhbbQuery</protocol>
			</service>
						<service>
			<serivcename>ZhyyProZbv2JrgzxdsxQuery</serivcename>
			<protocol>ZHYYDB_ZhyyProZbv2JrgzxdsxQuery</protocol>
			</service>
						<service>
			<serivcename>ZhyyProZbv2JrgzzdgzQuery</serivcename>
			<protocol>ZHYYDB_ZhyyProZbv2JrgzzdgzQuery</protocol>
			</service>
						<service>
			<serivcename>ZhyyProZbv2YjbjhjQuery</serivcename>
			<protocol>ZHYYDB_ZhyyProZbv2YjbjhjQuery</protocol>
			</service>
						<service>
			<serivcename>ZhyyQjCxyJointInnoPlatformEventQuery</serivcename>
			<protocol>ZHYYDB_ZhyyQjCxyJointInnoPlatformEventQuery</protocol>
			</service>
						<service>
			<serivcename>ZhyyQjCxyJointInnoPlatformStatsQuery</serivcename>
			<protocol>ZHYYDB_ZhyyQjCxyJointInnoPlatformStatsQuery</protocol>
			</service>
						<service>
			<serivcename>ZhyyQjCxySjyszdxmsjzQuery</serivcename>
			<protocol>ZHYYDB_ZhyyQjCxySjyszdxmsjzQuery</protocol>
			</service>
						<service>
			<serivcename>ZhyySafZbAlarmSiteQuery</serivcename>
			<protocol>ZHYYDB_ZhyySafZbAlarmSiteQuery</protocol>
			</service>
						<service>
			<serivcename>ZhyySafZbBrFactoryExcPushQuery</serivcename>
			<protocol>ZHYYDB_ZhyySafZbBrFactoryExcPushQuery</protocol>
			</service>
						<service>
			<serivcename>ZhyySafZbKeyWorkVoiceQuery</serivcename>
			<protocol>ZHYYDB_ZhyySafZbKeyWorkVoiceQuery</protocol>
			</service>
						<service>
			<serivcename>ZhyySalKhfuZHYYQuery</serivcename>
			<protocol>ZHYYDB_ZhyySalKhfuZHYYQuery</protocol>
			</service>
						<service>
			<serivcename>ZhyyScMqphFsdQuery</serivcename>
			<protocol>ZHYYDB_ZhyyScMqphFsdQuery</protocol>
			</service>
						<service>
			<serivcename>ZhyyScMqphXhdQuery</serivcename>
			<protocol>ZHYYDB_ZhyyScMqphXhdQuery</protocol>
			</service>
						<service>
			<serivcename>ZhyyScreenVersionInfoQuery</serivcename>
			<protocol>ZHYYDB_ZhyyScreenVersionInfoQuery</protocol>
			</service>
						<service>
			<serivcename>ZhyyYjEmergSupportDetailsQuery</serivcename>
			<protocol>ZHYYDB_ZhyyYjEmergSupportDetailsQuery</protocol>
			</service>
						<service>
			<serivcename>ZhyyYjEmergSupportTypeQuery</serivcename>
			<protocol>ZHYYDB_ZhyyYjEmergSupportTypeQuery</protocol>
			</service>
						<service>
			<serivcename>ZhyyYjmsymtcqdyQueryy</serivcename>
			<protocol>ZHYYDB_ZhyyYjmsymtcqdyQueryy</protocol>
			</service>
						<service>
			<serivcename>ZhyyYjymGqJqQuery</serivcename>
			<protocol>ZHYYDB_ZhyyYjymGqJqQuery</protocol>
			</service>
						<service>
			<serivcename>ZhyyYjymPhjgFdjzQuery</serivcename>
			<protocol>ZHYYDB_ZhyyYjymPhjgFdjzQuery</protocol>
			</service>
						<service>
			<serivcename>ZhyyYjymZqQuery</serivcename>
			<protocol>ZHYYDB_ZhyyYjymZqQuery</protocol>
			</service>
						<service>
			<serivcename>ZhyyYxdjlBmdjlRankQuery</serivcename>
			<protocol>ZHYYDB_ZhyyYxdjlBmdjlRankQuery</protocol>
			</service>
						<service>
			<serivcename>ZhyyYxdjlBsdjlRankQuery</serivcename>
			<protocol>ZHYYDB_ZhyyYxdjlBsdjlRankQuery</protocol>
			</service>
						<service>
			<serivcename>ZhyyYxdjlClicksTrendQuery</serivcename>
			<protocol>ZHYYDB_ZhyyYxdjlClicksTrendQuery</protocol>
			</service>
						<service>
			<serivcename>ZhyyYxdjlGetDepartmentQuery</serivcename>
			<protocol>ZHYYDB_ZhyyYxdjlGetDepartmentQuery</protocol>
			</service>
						<service>
			<serivcename>ZhyyYxdjlHmdjlRankQuery</serivcename>
			<protocol>ZHYYDB_ZhyyYxdjlHmdjlRankQuery</protocol>
			</service>
						<service>
			<serivcename>ZhyyYxdjlViewsAndVisitorsQuey</serivcename>
			<protocol>ZHYYDB_ZhyyYxdjlViewsAndVisitorsQuey</protocol>
			</service>
							</services>
	</servicesystem>
</servicesystems>