<?xml version="1.0" encoding="UTF-8"?>
<servicesystems>
	<servicesystem>
		<serviceSystemName>ZHYYDORISDB</serviceSystemName>
		<serviceSystemDesc>智慧运营DORIS实时数据库</serviceSystemDesc>
		<hostName/>
		<hostIp/>
		<status>add</status>
		
		<protocols>
								<protocol>ZHYYDORISDB_ZhyyAf1FgfsdrycrdwpmQuery</protocol>
						<protocol>ZHYYDORISDB_ZhyyAf1GetYizhibaobuweiNumQuery</protocol>
						<protocol>ZHYYDORISDB_ZhyyAf1GetjcrcQuery</protocol>
						<protocol>ZHYYDORISDB_ZhyyAf1JtctlQuery</protocol>
						<protocol>ZHYYDORISDB_ZhyyAf1XsccQuery</protocol>
						<protocol>ZHYYDORISDB_ZhyyAf1ZqryQuery</protocol>
						<protocol>ZHYYDORISDB_ZhyyAfAfbjQuery</protocol>
						<protocol>ZHYYDORISDB_ZhyyAfAfdlmcQuery</protocol>
						<protocol>ZHYYDORISDB_ZhyyAfClxqQuery</protocol>
						<protocol>ZHYYDORISDB_ZhyyAfGetbrdrwnrQuery</protocol>
						<protocol>ZHYYDORISDB_ZhyyAfJtDlpjsdQuery</protocol>
						<protocol>ZHYYDORISDB_ZhyyAfJtctlQuery</protocol>
						<protocol>ZHYYDORISDB_ZhyyAfMgMgspQuery</protocol>
						<protocol>ZHYYDORISDB_ZhyyAfMgryjcQuery</protocol>
						<protocol>ZHYYDORISDB_ZhyyAfSpgcQuery</protocol>
						<protocol>ZHYYDORISDB_ZhyyAfWzlxQuery</protocol>
						<protocol>ZHYYDORISDB_ZhyyAqAqscrlQuery</protocol>
						<protocol>ZHYYDORISDB_ZhyyAqBjfltjzjQuery</protocol>
						<protocol>ZHYYDORISDB_ZhyyAqDqbjqysltjQuery</protocol>
						<protocol>ZHYYDORISDB_ZhyyAqGrzbQuery</protocol>
						<protocol>ZHYYDORISDB_ZhyyAqQywxzyQuery</protocol>
						<protocol>ZHYYDORISDB_ZhyyAqRqcbjcsfbbfdjQuery</protocol>
						<protocol>ZHYYDORISDB_ZhyyAqSpgcQuery</protocol>
						<protocol>ZHYYDORISDB_ZhyyAqSssjQuery</protocol>
						<protocol>ZHYYDORISDB_ZhyyAqXlxxQuery</protocol>
						<protocol>ZHYYDORISDB_ZhyyBdxxSfzsQuery</protocol>
						<protocol>ZHYYDORISDB_ZhyyCalQchgbcsnQuery</protocol>
						<protocol>ZHYYDORISDB_ZhyyCgHtzxqkQuery</protocol>
						<protocol>ZHYYDORISDB_ZhyyCgHtzxqkSamllQuery</protocol>
						<protocol>ZHYYDORISDB_ZhyyCgNdcghtszbQuery</protocol>
						<protocol>ZHYYDORISDB_ZhyyCgjhsQuery</protocol>
						<protocol>ZHYYDORISDB_ZhyyContractExRateQuery</protocol>
						<protocol>ZHYYDORISDB_ZhyyCp1GetccwgtbcQuery</protocol>
						<protocol>ZHYYDORISDB_ZhyyCurdateTrafficQuery</protocol>
						<protocol>ZHYYDORISDB_ZhyyDjDynlfbQuery</protocol>
						<protocol>ZHYYDORISDB_ZhyyDjDyxlfbQuery  </protocol>
						<protocol>ZHYYDORISDB_ZhyyDjJcdwzzkzcsQuery</protocol>
						<protocol>ZHYYDORISDB_ZhyyDjlxfxQuery</protocol>
						<protocol>ZHYYDORISDB_ZhyyDnGclYclQsQuery</protocol>
						<protocol>ZHYYDORISDB_ZhyyElgYlzqQuery</protocol>
						<protocol>ZHYYDORISDB_ZhyyFcmqbjtjpmQuery</protocol>
						<protocol>ZHYYDORISDB_ZhyyFxpgXqbtXq1Query</protocol>
						<protocol>ZHYYDORISDB_ZhyyFxpgXqbtXq2Query</protocol>
						<protocol>ZHYYDORISDB_ZhyyFxpgXqbtXq6Query</protocol>
						<protocol>ZHYYDORISDB_ZhyyGetBcLzlhQuery</protocol>
						<protocol>ZHYYDORISDB_ZhyyGetBcRhrcQuery</protocol>
						<protocol>ZHYYDORISDB_ZhyyGetOneSteelYlTimeQuery</protocol>
						<protocol>ZHYYDORISDB_ZhyyGetPdcRateMonthQuery</protocol>
						<protocol>ZHYYDORISDB_ZhyyGetTgDljllhQuery</protocol>
						<protocol>ZHYYDORISDB_ZhyyGetTgDllfbcQuery</protocol>
						<protocol>ZHYYDORISDB_ZhyyGetTgDllzjdhsQuery</protocol>
						<protocol>ZHYYDORISDB_ZhyyGetTgDlvdkssjQuery</protocol>
						<protocol>ZHYYDORISDB_ZhyyGetTgElggxbjQuery</protocol>
						<protocol>ZHYYDORISDB_ZhyyGetTgElgjlgzQuery</protocol>
						<protocol>ZHYYDORISDB_ZhyyGetTgElgzljdzscQuery</protocol>
						<protocol>ZHYYDORISDB_ZhyyGetTgElgzlls</protocol>
						<protocol>ZHYYDORISDB_ZhyyGetTgZcgxzjQuery</protocol>
						<protocol>ZHYYDORISDB_ZhyyGetTwoWarnQuery</protocol>
						<protocol>ZHYYDORISDB_ZhyyGetVideoSQuery</protocol>
						<protocol>ZHYYDORISDB_ZhyyGxscElgclQuery</protocol>
						<protocol>ZHYYDORISDB_ZhyyHb1hglQuery</protocol>
						<protocol>ZHYYDORISDB_ZhyyHb1hltqccQuery</protocol>
						<protocol>ZHYYDORISDB_ZhyyHb2hglQuery</protocol>
						<protocol>ZHYYDORISDB_ZhyyHb2ltqccQuery</protocol>
						<protocol>ZHYYDORISDB_ZhyyHbMjhcxxmgQuery</protocol>
						<protocol>ZHYYDORISDB_ZhyyHbWfkcQuery</protocol>
						<protocol>ZHYYDORISDB_ZhyyHbZhhbmsQuery</protocol>
						<protocol>ZHYYDORISDB_ZhyyJlGetpdcratedayQuery</protocol>
						<protocol>ZHYYDORISDB_ZhyyJlPdcgcQuery</protocol>
						<protocol>ZHYYDORISDB_ZhyyJlQcgdhzgblNQuery</protocol>
						<protocol>ZHYYDORISDB_ZhyyJlQcgdhzgblrQuery</protocol>
						<protocol>ZHYYDORISDB_ZhyyJlQcgdhzgblyQuery</protocol>
						<protocol>ZHYYDORISDB_ZhyyJlQchgbcsRQuery</protocol>
						<protocol>ZHYYDORISDB_ZhyyJlQchgbcsYQuery</protocol>
						<protocol>ZHYYDORISDB_ZhyyJlZhjlJlmsDdtcQUery</protocol>
						<protocol>ZHYYDORISDB_ZhyyJlZhjlljmsddQuery</protocol>
						<protocol>ZHYYDORISDB_ZhyyJsclC1C3Query</protocol>
						<protocol>ZHYYDORISDB_ZhyyLg1BclflhQuery</protocol>
						<protocol>ZHYYDORISDB_ZhyyLg1GetBCLZTradenoQuery</protocol>
						<protocol>ZHYYDORISDB_ZhyyLg1GetbclfkssjQuery</protocol>
						<protocol>ZHYYDORISDB_ZhyyLg1GetbclzrcQuery</protocol>
						<protocol>ZHYYDORISDB_ZhyyLg1GettgdlvdlhQuery</protocol>
						<protocol>ZHYYDORISDB_ZhyyLg1GettgdlzlzsjQuery</protocol>
						<protocol>ZHYYDORISDB_ZhyyLg1GettgelgrhjdzsjQuery</protocol>
						<protocol>ZHYYDORISDB_ZhyyLg1GettgelgzlrcQuery</protocol>
						<protocol>ZHYYDORISDB_ZhyyLg1TgdllzlhQuery</protocol>
						<protocol>ZHYYDORISDB_ZhyyLgBczljdhsQuery</protocol>
						<protocol>ZHYYDORISDB_ZhyyLgGetBcRhlh</protocol>
						<protocol>ZHYYDORISDB_ZhyyLgGetTgDlvdlh</protocol>
						<protocol>ZHYYDORISDB_ZhyyLgGetTgElgzlgzQuery</protocol>
						<protocol>ZHYYDORISDB_ZhyyLgGetTgElgzlztQuery</protocol>
						<protocol>ZHYYDORISDB_ZhyyLgGettgdllzlhQuery</protocol>
						<protocol>ZHYYDORISDB_ZhyyLgGettgelgjllhQuery</protocol>
						<protocol>ZHYYDORISDB_ZhyyLgGettgelgzllhQuery</protocol>
						<protocol>ZHYYDORISDB_ZhyyLgGzEg</protocol>
						<protocol>ZHYYDORISDB_ZhyyLgL1BcLFbcQuery</protocol>
						<protocol>ZHYYDORISDB_ZhyyLgL1BcRHkssjQuery</protocol>
						<protocol>ZHYYDORISDB_ZhyyLgL1BczlrcQuery</protocol>
						<protocol>ZHYYDORISDB_ZhyyLgL1TgdlzlkssjQuery</protocol>
						<protocol>ZHYYDORISDB_ZhyyLgL1TgelgLFlhQuery</protocol>
						<protocol>ZHYYDORISDB_ZhyyLgLFgzEgQuery</protocol>
						<protocol>ZHYYDORISDB_ZhyyLgLgjqVDgzQuery</protocol>
						<protocol>ZHYYDORISDB_ZhyyLgTgdllzlsQuery</protocol>
						<protocol>ZHYYDORISDB_ZhyyLgTgelgRHlhQuery</protocol>
						<protocol>ZHYYDORISDB_ZhyyLgTgelglfkssjQuery</protocol>
						<protocol>ZHYYDORISDB_ZhyyLgTgelglfzsjQuery</protocol>
						<protocol>ZHYYDORISDB_ZhyyLgTgelglzgzQuery</protocol>
						<protocol>ZHYYDORISDB_ZhyyLgTgelglzrcQuery</protocol>
						<protocol>ZHYYDORISDB_ZhyyLgTgelgrhjdhsQuery</protocol>
						<protocol>ZHYYDORISDB_ZhyyLgTgelgzlgz4Query</protocol>
						<protocol>ZHYYDORISDB_ZhyyLgTgelgzlzt6Query</protocol>
						<protocol>ZHYYDORISDB_ZhyyLgTgelgzlztQuery</protocol>
						<protocol>ZHYYDORISDB_ZhyyLgZlTgLh</protocol>
						<protocol>ZHYYDORISDB_ZhyyLgZllhQuery</protocol>
						<protocol>ZHYYDORISDB_ZhyyLgjqElgtgjgQuery</protocol>
						<protocol>ZHYYDORISDB_ZhyyLgl1TgdlVDrcQuery</protocol>
						<protocol>ZHYYDORISDB_ZhyyLgl1TgdlzljdzsjQuery</protocol>
						<protocol>ZHYYDORISDB_ZhyyLgl1TgdlzlrcQuery</protocol>
						<protocol>ZHYYDORISDB_ZhyyLgl1TgelgLFbcQuery</protocol>
						<protocol>ZHYYDORISDB_ZhyyLgl1TgelgRHkssjQuery</protocol>
						<protocol>ZHYYDORISDB_ZhyyLgl1TgelgzlzsjQuery</protocol>
						<protocol>ZHYYDORISDB_ZhyyLgtgdlzljdzscQuery</protocol>
						<protocol>ZHYYDORISDB_ZhyyLog1MtmjyzztQuery</protocol>
						<protocol>ZHYYDORISDB_ZhyyLogYhmjyxzt</protocol>
						<protocol>ZHYYDORISDB_ZhyyLogYlmtPddQuery</protocol>
						<protocol>ZHYYDORISDB_ZhyyLtMqzlQuery</protocol>
						<protocol>ZHYYDORISDB_ZhyyNdCgHtQuery</protocol>
						<protocol>ZHYYDORISDB_ZhyyNjphNybjxxQuery</protocol>
						<protocol>ZHYYDORISDB_ZhyyNyDdyhjyGdQuery</protocol>
						<protocol>ZHYYDORISDB_ZhyyNyNybjxxGdQuery</protocol>
						<protocol>ZHYYDORISDB_ZhyyNyNybjxxQuery</protocol>
						<protocol>ZHYYDORISDB_ZhyyNyNybjxxmqQuery</protocol>
						<protocol>ZHYYDORISDB_ZhyyPbc1Zhdjzl1</protocol>
						<protocol>ZHYYDORISDB_ZhyyPbcDycxjthdsxQuery</protocol>
						<protocol>ZHYYDORISDB_ZhyyPbcSybhxJwndtczbQuery</protocol>
						<protocol>ZHYYDORISDB_ZhyyPbcSybhxJwnsclhcgjeQuery</protocol>
						<protocol>ZHYYDORISDB_ZhyyPbcZhdjJcdwzzkzcsQuery</protocol>
						<protocol>ZHYYDORISDB_ZhyyPbcZzshJgpdzzkzcsQuery</protocol>
						<protocol>ZHYYDORISDB_ZhyyPro1BtgycGYlgQuery</protocol>
						<protocol>ZHYYDORISDB_ZhyyPro1DnCclYclqsQuery</protocol>
						<protocol>ZHYYDORISDB_ZhyyPro1EgylzqQuery</protocol>
						<protocol>ZHYYDORISDB_ZhyyPro1GxscElgylzqQuery</protocol>
						<protocol>ZHYYDORISDB_ZhyyPro1PlcpZgQuery</protocol>
						<protocol>ZHYYDORISDB_ZhyyPro1TgcclyrtQuery</protocol>
						<protocol>ZHYYDORISDB_ZhyyProLgjqslgylzqQuery</protocol>
						<protocol>ZHYYDORISDB_ZhyyQjSgtjCzxqQuery</protocol>
						<protocol>ZHYYDORISDB_ZhyyQjXxlbQuery</protocol>
						<protocol>ZHYYDORISDB_ZhyyQuaZljkGyjkdbjslQuery</protocol>
						<protocol>ZHYYDORISDB_ZhyyRoadConditionQuery</protocol>
						<protocol>ZHYYDORISDB_ZhyySaf1MqbjMqjczbQuery</protocol>
						<protocol>ZHYYDORISDB_ZhyySaf1MqbjZdqymqbjtjQuery</protocol>
						<protocol>ZHYYDORISDB_ZhyySaf1ZdwxyFxpgXqbtXq3Query</protocol>
						<protocol>ZHYYDORISDB_ZhyySaf1ZdwxySpmsQuery</protocol>
						<protocol>ZHYYDORISDB_ZhyyScBcrzlQuery</protocol>
						<protocol>ZHYYDORISDB_ZhyyScElgTgjgQuery</protocol>
						<protocol>ZHYYDORISDB_ZhyyScJsclC2Query</protocol>
						<protocol>ZHYYDORISDB_ZhyyScJsclQuery</protocol>
						<protocol>ZHYYDORISDB_ZhyyScTglzgzlsQuery</protocol>
						<protocol>ZHYYDORISDB_ZhyyScTgzjgzQuery</protocol>
						<protocol>ZHYYDORISDB_ZhyyScZlztQuery</protocol>
						<protocol>ZHYYDORISDB_ZhyySgtjCzlQuery</protocol>
						<protocol>ZHYYDORISDB_ZhyySgtjCzxqQuery</protocol>
						<protocol>ZHYYDORISDB_ZhyySlgYlzqQuery</protocol>
						<protocol>ZHYYDORISDB_ZhyySpgcQuery</protocol>
						<protocol>ZHYYDORISDB_ZhyyTd1TdjqDrfgjrlQuery</protocol>
						<protocol>ZHYYDORISDB_ZhyyTd2xstgph2lgQuery</protocol>
						<protocol>ZHYYDORISDB_ZhyyTdYtctybQuery</protocol>
						<protocol>ZHYYDORISDB_ZhyyTdfgyryhlbQuery</protocol>
						<protocol>ZHYYDORISDB_ZhyyTdjqXstgphYlgQuery</protocol>
						<protocol>ZHYYDORISDB_ZhyyThridGaoluQuery</protocol>
						<protocol>ZHYYDORISDB_ZhyyTrafficTypeQuery</protocol>
						<protocol>ZHYYDORISDB_ZhyyTyEtctybQuery</protocol>
						<protocol>ZHYYDORISDB_ZhyyVideoPlazaQuery</protocol>
						<protocol>ZHYYDORISDB_ZhyyWlYlmtPdsjQuery</protocol>
						<protocol>ZHYYDORISDB_ZhyyYjmsSpHbQuery</protocol>
						<protocol>ZHYYDORISDB_ZhyyYjmsSpJtQuery</protocol>
						<protocol>ZHYYDORISDB_ZhyyYl1FgCbxx</protocol>
						<protocol>ZHYYDORISDB_ZhyyYlFgkxxSpQuery</protocol>
						<protocol>ZHYYDORISDB_ZhyyYlYqpljQuery</protocol>
						<protocol>ZHYYDORISDB_ZhyyYljqMjzjxxSpQuery</protocol>
						<protocol>ZHYYDORISDB_ZhyyYwDycxzbzzpmQuery</protocol>
						<protocol>ZHYYDORISDB_ZhyyYwDycxzcsQuery</protocol>
						<protocol>ZHYYDORISDB_ZhyyYwHdmxQuery</protocol>
						<protocol>ZHYYDORISDB_ZhyyYwJgpdzzkzcsQuery</protocol>
						<protocol>ZHYYDORISDB_ZhyyYwYypmQuery</protocol>
						<protocol>ZHYYDORISDB_ZhyyYwZhdjZl2Query</protocol>
						<protocol>ZHYYDORISDB_ZhyyYwZzhdQuery</protocol>
						<protocol>ZHYYDORISDB_ZhyyYyzZlQuery</protocol>
						<protocol>ZHYYDORISDB_ZhyyZdsgQuery</protocol>
						<protocol>ZHYYDORISDB_ZhyyZdwxybjcsfbzztQuery</protocol>
						<protocol>ZHYYDORISDB_ZhyyZgBclxcgwdQuery</protocol>
						<protocol>ZHYYDORISDB_ZhyyZgBcxjclwdQuery</protocol>
						<protocol>ZHYYDORISDB_ZhyyZgDbjrlclwdQuery</protocol>
						<protocol>ZHYYDORISDB_ZhyyZgJrlcgwdbQuery</protocol>
						<protocol>ZHYYDORISDB_ZhyyZgJrlcgwdcQuery</protocol>
						<protocol>ZHYYDORISDB_ZhyyZgJrlcgwddQuery</protocol>
						<protocol>ZHYYDORISDB_ZhyyZgJrlcgwdmQuery</protocol>
						<protocol>ZHYYDORISDB_ZhyyZgJrllnzldbQuery</protocol>
						<protocol>ZHYYDORISDB_ZhyyZgJrllnzlslc1c3Query</protocol>
						<protocol>ZHYYDORISDB_ZhyyZgJrllnzlslc2Query</protocol>
						<protocol>ZHYYDORISDB_ZhyyZgJrllnzlsltgqtQuery</protocol>
						<protocol>ZHYYDORISDB_ZhyyZgJrlnzlsldbQuery</protocol>
						<protocol>ZHYYDORISDB_ZhyyZgTgddhgzggQuery</protocol>
						<protocol>ZHYYDORISDB_ZhyyZgXxzzbphgzggQuery</protocol>
						<protocol>ZHYYDORISDB_ZhyyZhjlGbsjQuery</protocol>
						<protocol>ZHYYDORISDB_ZhyyZlClljQuery</protocol>
						<protocol>ZHYYDORISDB_ZhyyZlJksbwhlQuery</protocol>
						<protocol>ZHYYDORISDB_ZhyyZlQklslsjqkQuery</protocol>
						<protocol>ZHYYDORISDB_ZhyyZlTsdblQuery</protocol>
						<protocol>ZHYYDORISDB_ZhyyZlZydddQuery</protocol>
						<protocol>ZHYYDORISDB_ZhyyZlZydspQuery</protocol>
						<protocol>ZHYYDORISDB_ZhyyZlbjczqkQuery</protocol>
						<protocol>ZHYYDORISDB_zhyyScTgzzpkcXqQuery</protocol>
						<protocol>ZHYYDORISDB_zhyyYljqGwclxxv2Query</protocol>
						<protocol>ZhyyDorisDB_ZhyyJlCltjDayQuery</protocol>
							</protocols>
		
		<params>
				</params>
		<services>
								<service>
			<serivcename>ZhyyAf1FgfsdrycrdwpmQuery</serivcename>
			<protocol>ZHYYDORISDB_ZhyyAf1FgfsdrycrdwpmQuery</protocol>
			</service>
						<service>
			<serivcename>ZhyyAf1GetjcrcQuery</serivcename>
			<protocol>ZHYYDORISDB_ZhyyAf1GetjcrcQuery</protocol>
			</service>
						<service>
			<serivcename>ZhyyAf1GetYizhibaobuweiNumQuery</serivcename>
			<protocol>ZHYYDORISDB_ZhyyAf1GetYizhibaobuweiNumQuery</protocol>
			</service>
						<service>
			<serivcename>ZhyyAf1JtctlQuery</serivcename>
			<protocol>ZHYYDORISDB_ZhyyAf1JtctlQuery</protocol>
			</service>
						<service>
			<serivcename>ZhyyAf1XsccQuery</serivcename>
			<protocol>ZHYYDORISDB_ZhyyAf1XsccQuery</protocol>
			</service>
						<service>
			<serivcename>ZhyyAf1ZqryQuery</serivcename>
			<protocol>ZHYYDORISDB_ZhyyAf1ZqryQuery</protocol>
			</service>
						<service>
			<serivcename>ZhyyAfAfbjQuery</serivcename>
			<protocol>ZHYYDORISDB_ZhyyAfAfbjQuery</protocol>
			</service>
						<service>
			<serivcename>ZhyyAfAfdlmcQuery</serivcename>
			<protocol>ZHYYDORISDB_ZhyyAfAfdlmcQuery</protocol>
			</service>
						<service>
			<serivcename>ZhyyAfClxqQuery</serivcename>
			<protocol>ZHYYDORISDB_ZhyyAfClxqQuery</protocol>
			</service>
						<service>
			<serivcename>ZhyyAfGetbrdrwnrQuery</serivcename>
			<protocol>ZHYYDORISDB_ZhyyAfGetbrdrwnrQuery</protocol>
			</service>
						<service>
			<serivcename>ZhyyAfJtctlQuery</serivcename>
			<protocol>ZHYYDORISDB_ZhyyAfJtctlQuery</protocol>
			</service>
						<service>
			<serivcename>ZhyyAfJtDlpjsdQuery</serivcename>
			<protocol>ZHYYDORISDB_ZhyyAfJtDlpjsdQuery</protocol>
			</service>
						<service>
			<serivcename>ZhyyAfMgMgspQuery</serivcename>
			<protocol>ZHYYDORISDB_ZhyyAfMgMgspQuery</protocol>
			</service>
						<service>
			<serivcename>ZhyyAfMgryjcQuery</serivcename>
			<protocol>ZhyyDorisDB_ZhyyAfMgryjcQuery</protocol>
			</service>
						<service>
			<serivcename>ZhyyAfSpgcQuery</serivcename>
			<protocol>ZHYYDORISDB_ZhyyAfSpgcQuery</protocol>
			</service>
						<service>
			<serivcename>ZhyyAfWzlxQuery</serivcename>
			<protocol>ZHYYDORISDB_ZhyyAfWzlxQuery</protocol>
			</service>
						<service>
			<serivcename>ZhyyAqAqscrlQuery</serivcename>
			<protocol>ZHYYDORISDB_ZhyyAqAqscrlQuery</protocol>
			</service>
						<service>
			<serivcename>ZhyyAqBjfltjzjQuery</serivcename>
			<protocol>ZHYYDORISDB_ZhyyAqBjfltjzjQuery</protocol>
			</service>
						<service>
			<serivcename>ZhyyAqDqbjqysltjQuery</serivcename>
			<protocol>ZHYYDORISDB_ZhyyAqDqbjqysltjQuery</protocol>
			</service>
						<service>
			<serivcename>ZhyyAqGrzbQuery</serivcename>
			<protocol>ZHYYDORISDB_ZhyyAqGrzbQuery</protocol>
			</service>
						<service>
			<serivcename>ZhyyAqQywxzyQuery</serivcename>
			<protocol>ZHYYDORISDB_ZhyyAqQywxzyQuery</protocol>
			</service>
						<service>
			<serivcename>ZhyyAqRqcbjcsfbbfdjQuery</serivcename>
			<protocol>ZHYYDORISDB_ZhyyAqRqcbjcsfbbfdjQuery</protocol>
			</service>
						<service>
			<serivcename>ZhyyAqSpgcQuery</serivcename>
			<protocol>ZHYYDORISDB_ZhyyAqSpgcQuery</protocol>
			</service>
						<service>
			<serivcename>ZhyyAqSssjQuery</serivcename>
			<protocol>ZHYYDORISDB_ZhyyAqSssjQuery</protocol>
			</service>
						<service>
			<serivcename>ZhyyAqXlxxQuery</serivcename>
			<protocol>ZHYYDORISDB_ZhyyAqXlxxQuery</protocol>
			</service>
						<service>
			<serivcename>ZhyyBdxxSfzsQuery</serivcename>
			<protocol>ZHYYDORISDB_ZhyyBdxxSfzsQuery</protocol>
			</service>
						<service>
			<serivcename>ZhyyCalQchgbcsnQuery</serivcename>
			<protocol>ZHYYDORISDB_ZhyyCalQchgbcsnQuery</protocol>
			</service>
						<service>
			<serivcename>ZhyyCgHtzxqkQuery</serivcename>
			<protocol>ZHYYDORISDB_ZhyyCgHtzxqkQuery</protocol>
			</service>
						<service>
			<serivcename>ZhyyCgHtzxqkSamllQuery</serivcename>
			<protocol>ZHYYDORISDB_ZhyyCgHtzxqkSamllQuery</protocol>
			</service>
						<service>
			<serivcename>ZhyyCgjhsQuery</serivcename>
			<protocol>ZHYYDORISDB_ZhyyCgjhsQuery</protocol>
			</service>
						<service>
			<serivcename>ZhyyCgNdcghtszbQuery</serivcename>
			<protocol>ZHYYDORISDB_ZhyyCgNdcghtszbQuery</protocol>
			</service>
						<service>
			<serivcename>ZhyyContractExRateQuery</serivcename>
			<protocol>ZHYYDORISDB_ZhyyContractExRateQuery</protocol>
			</service>
						<service>
			<serivcename>ZhyyCp1GetccwgtbcQuery</serivcename>
			<protocol>ZHYYDORISDB_ZhyyCp1GetccwgtbcQuery</protocol>
			</service>
						<service>
			<serivcename>ZhyyCurdateTrafficQuery</serivcename>
			<protocol>ZHYYDORISDB_ZhyyCurdateTrafficQuery</protocol>
			</service>
						<service>
			<serivcename>ZhyyDjDynlfbQuery</serivcename>
			<protocol>ZHYYDORISDB_ZhyyDjDynlfbQuery</protocol>
			</service>
						<service>
			<serivcename>ZhyyDjJcdwzzkzcsQuery</serivcename>
			<protocol>ZHYYDORISDB_ZhyyDjJcdwzzkzcsQuery</protocol>
			</service>
						<service>
			<serivcename>ZhyyDjlxfxQuery</serivcename>
			<protocol>ZHYYDORISDB_ZhyyDjlxfxQuery</protocol>
			</service>
						<service>
			<serivcename>ZhyyDnGclYclQsQuery</serivcename>
			<protocol>ZHYYDORISDB_ZhyyDnGclYclQsQuery</protocol>
			</service>
						<service>
			<serivcename>ZhyyElgYlzqQuery</serivcename>
			<protocol>ZHYYDORISDB_ZhyyElgYlzqQuery</protocol>
			</service>
						<service>
			<serivcename>ZhyyFcmqbjtjpmQuery</serivcename>
			<protocol>ZHYYDORISDB_ZhyyFcmqbjtjpmQuery</protocol>
			</service>
						<service>
			<serivcename>ZhyyFxpgXqbtXq1Query</serivcename>
			<protocol>ZHYYDORISDB_ZhyyFxpgXqbtXq1Query</protocol>
			</service>
						<service>
			<serivcename>ZhyyFxpgXqbtXq2Query</serivcename>
			<protocol>ZHYYDORISDB_ZhyyFxpgXqbtXq2Query</protocol>
			</service>
						<service>
			<serivcename>ZhyyFxpgXqbtXq6Query</serivcename>
			<protocol>ZHYYDORISDB_ZhyyFxpgXqbtXq6Query</protocol>
			</service>
						<service>
			<serivcename>ZhyyGetBcLzlhQuery</serivcename>
			<protocol>ZHYYDORISDB_ZhyyGetBcLzlhQuery</protocol>
			</service>
						<service>
			<serivcename>ZhyyGetBcRhrcQuery</serivcename>
			<protocol>ZHYYDORISDB_ZhyyGetBcRhrcQuery</protocol>
			</service>
						<service>
			<serivcename>ZhyyGetOneSteelYlTimeQuery</serivcename>
			<protocol>ZHYYDORISDB_ZhyyGetOneSteelYlTimeQuery</protocol>
			</service>
						<service>
			<serivcename>ZhyyGetPdcRateMonthQuery</serivcename>
			<protocol>ZHYYDORISDB_ZhyyGetPdcRateMonthQuery</protocol>
			</service>
						<service>
			<serivcename>ZhyyGetTgDljllhQuery</serivcename>
			<protocol>ZHYYDORISDB_ZhyyGetTgDljllhQuery</protocol>
			</service>
						<service>
			<serivcename>ZhyyGetTgDllfbcQuery</serivcename>
			<protocol>ZHYYDORISDB_ZhyyGetTgDllfbcQuery</protocol>
			</service>
						<service>
			<serivcename>ZhyyGetTgDllzjdhsQuery</serivcename>
			<protocol>ZHYYDORISDB_ZhyyGetTgDllzjdhsQuery</protocol>
			</service>
						<service>
			<serivcename>ZhyyGetTgDlvdkssjQuery</serivcename>
			<protocol>ZHYYDORISDB_ZhyyGetTgDlvdkssjQuery</protocol>
			</service>
						<service>
			<serivcename>ZhyyGetTgElggxbjQuery</serivcename>
			<protocol>ZHYYDORISDB_ZhyyGetTgElggxbjQuery</protocol>
			</service>
						<service>
			<serivcename>ZhyyGetTgElgjlgzQuery</serivcename>
			<protocol>ZHYYDORISDB_ZhyyGetTgElgjlgzQuery</protocol>
			</service>
						<service>
			<serivcename>ZhyyGetTgElgzljdzscQuery</serivcename>
			<protocol>ZHYYDORISDB_ZhyyGetTgElgzljdzscQuery</protocol>
			</service>
						<service>
			<serivcename>ZhyyGetTgElgzlls</serivcename>
			<protocol>ZHYYDORISDB_ZhyyGetTgElgzlls</protocol>
			</service>
						<service>
			<serivcename>ZhyyGetTgZcgxzjQuery</serivcename>
			<protocol>ZHYYDORISDB_ZhyyGetTgZcgxzjQuery</protocol>
			</service>
						<service>
			<serivcename>ZhyyGetTwoWarnQuery</serivcename>
			<protocol>ZHYYDORISDB_ZhyyGetTwoWarnQuery</protocol>
			</service>
						<service>
			<serivcename>ZhyyGetVideoSQuery</serivcename>
			<protocol>ZHYYDORISDB_ZhyyGetVideoSQuery</protocol>
			</service>
						<service>
			<serivcename>ZhyyGxscElgclQuery</serivcename>
			<protocol>ZHYYDORISDB_ZhyyGxscElgclQuery</protocol>
			</service>
						<service>
			<serivcename>ZhyyHb1hglQuery</serivcename>
			<protocol>ZHYYDORISDB_ZhyyHb1hglQuery</protocol>
			</service>
						<service>
			<serivcename>ZhyyHb1hltqccQuery</serivcename>
			<protocol>ZHYYDORISDB_ZhyyHb1hltqccQuery</protocol>
			</service>
						<service>
			<serivcename>ZhyyHb2hglQuery</serivcename>
			<protocol>ZHYYDORISDB_ZhyyHb2hglQuery</protocol>
			</service>
						<service>
			<serivcename>ZhyyHb2ltqccQuery</serivcename>
			<protocol>ZHYYDORISDB_ZhyyHb2ltqccQuery</protocol>
			</service>
						<service>
			<serivcename>ZhyyHbMjhcxxmgQuery</serivcename>
			<protocol>ZHYYDORISDB_ZhyyHbMjhcxxmgQuery</protocol>
			</service>
						<service>
			<serivcename>ZhyyHbWfkcQuery</serivcename>
			<protocol>ZHYYDORISDB_ZhyyHbWfkcQuery</protocol>
			</service>
						<service>
			<serivcename>ZhyyHbZhhbmsQuery</serivcename>
			<protocol>ZHYYDORISDB_ZhyyHbZhhbmsQuery</protocol>
			</service>
						<service>
			<serivcename>ZhyyJlCltjDayQuery</serivcename>
			<protocol>ZhyyDorisDB_ZhyyJlCltjDayQuery</protocol>
			</service>
						<service>
			<serivcename>ZhyyJlGetpdcratedayQuery</serivcename>
			<protocol>ZHYYDORISDB_ZhyyJlGetpdcratedayQuery</protocol>
			</service>
						<service>
			<serivcename>ZhyyJlPdcgcQuery</serivcename>
			<protocol>ZHYYDORISDB_ZhyyJlPdcgcQuery</protocol>
			</service>
						<service>
			<serivcename>ZhyyJlQcgdhzgblNQuery</serivcename>
			<protocol>ZHYYDORISDB_ZhyyJlQcgdhzgblNQuery</protocol>
			</service>
						<service>
			<serivcename>ZhyyJlQcgdhzgblrQuery</serivcename>
			<protocol>ZHYYDORISDB_ZhyyJlQcgdhzgblrQuery</protocol>
			</service>
						<service>
			<serivcename>ZhyyJlQcgdhzgblyQuery</serivcename>
			<protocol>ZHYYDORISDB_ZhyyJlQcgdhzgblyQuery</protocol>
			</service>
						<service>
			<serivcename>ZhyyJlQchgbcsRQuery</serivcename>
			<protocol>ZHYYDORISDB_ZhyyJlQchgbcsRQuery</protocol>
			</service>
						<service>
			<serivcename>ZhyyJlQchgbcsYQuery</serivcename>
			<protocol>ZHYYDORISDB_ZhyyJlQchgbcsYQuery</protocol>
			</service>
						<service>
			<serivcename>ZhyyJlZhjlJlmsDdtcQUery</serivcename>
			<protocol>ZHYYDORISDB_ZhyyJlZhjlJlmsDdtcQUery</protocol>
			</service>
						<service>
			<serivcename>ZhyyJlZhjlljmsddQuery</serivcename>
			<protocol>ZHYYDORISDB_ZhyyJlZhjlljmsddQuery</protocol>
			</service>
						<service>
			<serivcename>ZhyyJsclC1C3Query</serivcename>
			<protocol>ZHYYDORISDB_ZhyyJsclC1C3Query</protocol>
			</service>
						<service>
			<serivcename>ZhyyLg1BclflhQuery</serivcename>
			<protocol>ZHYYDORISDB_ZhyyLg1BclflhQuery</protocol>
			</service>
						<service>
			<serivcename>ZhyyLg1GetbclfkssjQuery</serivcename>
			<protocol>ZHYYDORISDB_ZhyyLg1GetbclfkssjQuery</protocol>
			</service>
						<service>
			<serivcename>ZhyyLg1GetbclzrcQuery</serivcename>
			<protocol>ZHYYDORISDB_ZhyyLg1GetbclzrcQuery</protocol>
			</service>
						<service>
			<serivcename>ZhyyLg1GetBCLZTradenoQuery</serivcename>
			<protocol>ZHYYDORISDB_ZhyyLg1GetBCLZTradenoQuery</protocol>
			</service>
						<service>
			<serivcename>ZhyyLg1GettgdlvdlhQuery</serivcename>
			<protocol>ZHYYDORISDB_ZhyyLg1GettgdlvdlhQuery</protocol>
			</service>
						<service>
			<serivcename>ZhyyLg1GettgdlzlzsjQuery</serivcename>
			<protocol>ZHYYDORISDB_ZhyyLg1GettgdlzlzsjQuery</protocol>
			</service>
						<service>
			<serivcename>ZhyyLg1GettgelgrhjdzsjQuery</serivcename>
			<protocol>ZHYYDORISDB_ZhyyLg1GettgelgrhjdzsjQuery</protocol>
			</service>
						<service>
			<serivcename>ZhyyLg1GettgelgzlrcQuery</serivcename>
			<protocol>ZHYYDORISDB_ZhyyLg1GettgelgzlrcQuery</protocol>
			</service>
						<service>
			<serivcename>ZhyyLg1TgdllzlhQuery</serivcename>
			<protocol>ZHYYDORISDB_ZhyyLg1TgdllzlhQuery</protocol>
			</service>
						<service>
			<serivcename>ZhyyLgBczljdhsQuery</serivcename>
			<protocol>ZHYYDORISDB_ZhyyLgBczljdhsQuery</protocol>
			</service>
						<service>
			<serivcename>ZhyyLgGetBcRhlh</serivcename>
			<protocol>ZHYYDORISDB_ZhyyLgGetBcRhlh</protocol>
			</service>
						<service>
			<serivcename>ZhyyLgGettgdllzlhQuery</serivcename>
			<protocol>ZHYYDORISDB_ZhyyLgGettgdllzlhQuery</protocol>
			</service>
						<service>
			<serivcename>ZhyyLgGetTgDlvdlh</serivcename>
			<protocol>ZHYYDORISDB_ZhyyLgGetTgDlvdlh</protocol>
			</service>
						<service>
			<serivcename>ZhyyLgGettgelgjllhQuery</serivcename>
			<protocol>ZHYYDORISDB_ZhyyLgGettgelgjllhQuery</protocol>
			</service>
						<service>
			<serivcename>ZhyyLgGetTgElgzlgzQuery</serivcename>
			<protocol>ZHYYDORISDB_ZhyyLgGetTgElgzlgzQuery</protocol>
			</service>
						<service>
			<serivcename>ZhyyLgGettgelgzllhQuery</serivcename>
			<protocol>ZHYYDORISDB_ZhyyLgGettgelgzllhQuery</protocol>
			</service>
						<service>
			<serivcename>ZhyyLgGetTgElgzlztQuery</serivcename>
			<protocol>ZHYYDORISDB_ZhyyLgGetTgElgzlztQuery</protocol>
			</service>
						<service>
			<serivcename>ZhyyLgGzEg</serivcename>
			<protocol>ZHYYDORISDB_ZhyyLgGzEg</protocol>
			</service>
						<service>
			<serivcename>ZhyyLgjqElgtgjgQuery</serivcename>
			<protocol>ZHYYDORISDB_ZhyyLgjqElgtgjgQuery</protocol>
			</service>
						<service>
			<serivcename>ZhyyLgL1BcLFbcQuery</serivcename>
			<protocol>ZHYYDORISDB_ZhyyLgL1BcLFbcQuery</protocol>
			</service>
						<service>
			<serivcename>ZhyyLgL1BcRHkssjQuery</serivcename>
			<protocol>ZHYYDORISDB_ZhyyLgL1BcRHkssjQuery</protocol>
			</service>
						<service>
			<serivcename>ZhyyLgL1BczlrcQuery</serivcename>
			<protocol>ZHYYDORISDB_ZhyyLgL1BczlrcQuery</protocol>
			</service>
						<service>
			<serivcename>ZhyyLgl1TgdlVDrcQuery</serivcename>
			<protocol>ZHYYDORISDB_ZhyyLgl1TgdlVDrcQuery</protocol>
			</service>
						<service>
			<serivcename>ZhyyLgl1TgdlzljdzsjQuery</serivcename>
			<protocol>ZHYYDORISDB_ZhyyLgl1TgdlzljdzsjQuery</protocol>
			</service>
						<service>
			<serivcename>ZhyyLgL1TgdlzlkssjQuery</serivcename>
			<protocol>ZHYYDORISDB_ZhyyLgL1TgdlzlkssjQuery</protocol>
			</service>
						<service>
			<serivcename>ZhyyLgl1TgdlzlrcQuery</serivcename>
			<protocol>ZHYYDORISDB_ZhyyLgl1TgdlzlrcQuery</protocol>
			</service>
						<service>
			<serivcename>ZhyyLgl1TgelgLFbcQuery</serivcename>
			<protocol>ZHYYDORISDB_ZhyyLgl1TgelgLFbcQuery</protocol>
			</service>
						<service>
			<serivcename>ZhyyLgL1TgelgLFlhQuery</serivcename>
			<protocol>ZHYYDORISDB_ZhyyLgL1TgelgLFlhQuery</protocol>
			</service>
						<service>
			<serivcename>ZhyyLgl1TgelgRHkssjQuery</serivcename>
			<protocol>ZHYYDORISDB_ZhyyLgl1TgelgRHkssjQuery</protocol>
			</service>
						<service>
			<serivcename>ZhyyLgl1TgelgzlzsjQuery</serivcename>
			<protocol>ZHYYDORISDB_ZhyyLgl1TgelgzlzsjQuery</protocol>
			</service>
						<service>
			<serivcename>ZhyyLgLFgzEgQuery</serivcename>
			<protocol>ZHYYDORISDB_ZhyyLgLFgzEgQuery</protocol>
			</service>
						<service>
			<serivcename>ZhyyLgLgjqVDgzQuery</serivcename>
			<protocol>ZHYYDORISDB_ZhyyLgLgjqVDgzQuery</protocol>
			</service>
						<service>
			<serivcename>ZhyyLgTgdllzlsQuery</serivcename>
			<protocol>ZHYYDORISDB_ZhyyLgTgdllzlsQuery</protocol>
			</service>
						<service>
			<serivcename>ZhyyLgtgdlzljdzscQuery</serivcename>
			<protocol>ZHYYDORISDB_ZhyyLgtgdlzljdzscQuery</protocol>
			</service>
						<service>
			<serivcename>ZhyyLgTgelglfkssjQuery</serivcename>
			<protocol>ZHYYDORISDB_ZhyyLgTgelglfkssjQuery</protocol>
			</service>
						<service>
			<serivcename>ZhyyLgTgelglfzsjQuery</serivcename>
			<protocol>ZHYYDORISDB_ZhyyLgTgelglfzsjQuery</protocol>
			</service>
						<service>
			<serivcename>ZhyyLgTgelglzgzQuery</serivcename>
			<protocol>ZHYYDORISDB_ZhyyLgTgelglzgzQuery</protocol>
			</service>
						<service>
			<serivcename>ZhyyLgTgelglzrcQuery</serivcename>
			<protocol>ZHYYDORISDB_ZhyyLgTgelglzrcQuery</protocol>
			</service>
						<service>
			<serivcename>ZhyyLgTgelgrhjdhsQuery</serivcename>
			<protocol>ZHYYDORISDB_ZhyyLgTgelgrhjdhsQuery</protocol>
			</service>
						<service>
			<serivcename>ZhyyLgTgelgRHlhQuery</serivcename>
			<protocol>ZHYYDORISDB_ZhyyLgTgelgRHlhQuery</protocol>
			</service>
						<service>
			<serivcename>ZhyyLgTgelgzlgz4Query</serivcename>
			<protocol>ZHYYDORISDB_ZhyyLgTgelgzlgz4Query</protocol>
			</service>
						<service>
			<serivcename>ZhyyLgTgelgzlzt6Query</serivcename>
			<protocol>ZHYYDORISDB_ZhyyLgTgelgzlzt6Query</protocol>
			</service>
						<service>
			<serivcename>ZhyyLgTgelgzlztQuery</serivcename>
			<protocol>ZHYYDORISDB_ZhyyLgTgelgzlztQuery</protocol>
			</service>
						<service>
			<serivcename>ZhyyLgZllhQuery</serivcename>
			<protocol>ZHYYDORISDB_ZhyyLgZllhQuery</protocol>
			</service>
						<service>
			<serivcename>ZhyyLgZlTgLh</serivcename>
			<protocol>ZHYYDORISDB_ZhyyLgZlTgLh</protocol>
			</service>
						<service>
			<serivcename>ZhyyLog1MtmjyzztQuery</serivcename>
			<protocol>ZHYYDORISDB_ZhyyLog1MtmjyzztQuery</protocol>
			</service>
						<service>
			<serivcename>ZhyyLogYhmjyxzt</serivcename>
			<protocol>ZHYYDORISDB_ZhyyLogYhmjyxzt</protocol>
			</service>
						<service>
			<serivcename>ZhyyLogYlmtPddQuery</serivcename>
			<protocol>ZHYYDORISDB_ZhyyLogYlmtPddQuery</protocol>
			</service>
						<service>
			<serivcename>ZhyyLtMqzlQuery</serivcename>
			<protocol>ZHYYDORISDB_ZhyyLtMqzlQuery</protocol>
			</service>
						<service>
			<serivcename>ZhyyNdCgHtQuery</serivcename>
			<protocol>ZHYYDORISDB_ZhyyNdCgHtQuery</protocol>
			</service>
						<service>
			<serivcename>ZhyyNjphNybjxxQuery</serivcename>
			<protocol>ZHYYDORISDB_ZhyyNjphNybjxxQuery</protocol>
			</service>
						<service>
			<serivcename>ZhyyNyDdyhjyGdQuery</serivcename>
			<protocol>ZHYYDORISDB_ZhyyNyDdyhjyGdQuery</protocol>
			</service>
						<service>
			<serivcename>ZhyyNyNybjxxGdQuery</serivcename>
			<protocol>ZHYYDORISDB_ZhyyNyNybjxxGdQuery</protocol>
			</service>
						<service>
			<serivcename>ZhyyNyNybjxxmqQuery</serivcename>
			<protocol>ZHYYDORISDB_ZhyyNyNybjxxmqQuery</protocol>
			</service>
						<service>
			<serivcename>ZhyyNyNybjxxQuery</serivcename>
			<protocol>ZHYYDORISDB_ZhyyNyNybjxxQuery</protocol>
			</service>
						<service>
			<serivcename>ZhyyPbc1Zhdjzl1</serivcename>
			<protocol>ZHYYDORISDB_ZhyyPbc1Zhdjzl1</protocol>
			</service>
						<service>
			<serivcename>ZhyyPbcDycxjthdsxQuery</serivcename>
			<protocol>ZHYYDORISDB_ZhyyPbcDycxjthdsxQuery</protocol>
			</service>
						<service>
			<serivcename>ZhyyPbcSybhxJwndtczbQuery</serivcename>
			<protocol>ZHYYDORISDB_ZhyyPbcSybhxJwndtczbQuery</protocol>
			</service>
						<service>
			<serivcename>ZhyyPbcSybhxJwnsclhcgjeQuery</serivcename>
			<protocol>ZHYYDORISDB_ZhyyPbcSybhxJwnsclhcgjeQuery</protocol>
			</service>
						<service>
			<serivcename>ZhyyPbcZhdjJcdwzzkzcsQuery</serivcename>
			<protocol>ZHYYDORISDB_ZhyyPbcZhdjJcdwzzkzcsQuery</protocol>
			</service>
						<service>
			<serivcename>ZhyyPbcZzshJgpdzzkzcsQuery</serivcename>
			<protocol>ZHYYDORISDB_ZhyyPbcZzshJgpdzzkzcsQuery</protocol>
			</service>
						<service>
			<serivcename>ZhyyPro1BtgycGYlgQuery</serivcename>
			<protocol>ZHYYDORISDB_ZhyyPro1BtgycGYlgQuery</protocol>
			</service>
						<service>
			<serivcename>ZhyyPro1DnCclYclqsQuery</serivcename>
			<protocol>ZHYYDORISDB_ZhyyPro1DnCclYclqsQuery</protocol>
			</service>
						<service>
			<serivcename>ZhyyPro1EgylzqQuery</serivcename>
			<protocol>ZHYYDORISDB_ZhyyPro1EgylzqQuery</protocol>
			</service>
						<service>
			<serivcename>ZhyyPro1GxscElgylzqQuery</serivcename>
			<protocol>ZHYYDORISDB_ZhyyPro1GxscElgylzqQuery</protocol>
			</service>
						<service>
			<serivcename>ZhyyPro1PlcpZgQuery</serivcename>
			<protocol>ZHYYDORISDB_ZhyyPro1PlcpZgQuery</protocol>
			</service>
						<service>
			<serivcename>ZhyyPro1TgcclyrtQuery</serivcename>
			<protocol>ZHYYDORISDB_ZhyyPro1TgcclyrtQuery</protocol>
			</service>
						<service>
			<serivcename>ZhyyProLgjqslgylzqQuery</serivcename>
			<protocol>ZHYYDORISDB_ZhyyProLgjqslgylzqQuery</protocol>
			</service>
						<service>
			<serivcename>ZhyyQjSgtjCzxqQuery</serivcename>
			<protocol>ZHYYDORISDB_ZhyyQjSgtjCzxqQuery</protocol>
			</service>
						<service>
			<serivcename>ZhyyQjXxlbQuery</serivcename>
			<protocol>ZHYYDORISDB_ZhyyQjXxlbQuery</protocol>
			</service>
						<service>
			<serivcename>ZhyyQuaZljkGyjkdbjslQuery</serivcename>
			<protocol>ZHYYDORISDB_ZhyyQuaZljkGyjkdbjslQuery</protocol>
			</service>
						<service>
			<serivcename>ZhyyRoadConditionQuery</serivcename>
			<protocol>ZHYYDORISDB_ZhyyRoadConditionQuery</protocol>
			</service>
						<service>
			<serivcename>ZhyySaf1MqbjMqjczbQuery</serivcename>
			<protocol>ZHYYDORISDB_ZhyySaf1MqbjMqjczbQuery</protocol>
			</service>
						<service>
			<serivcename>ZhyySaf1MqbjZdqymqbjtjQuery</serivcename>
			<protocol>ZHYYDORISDB_ZhyySaf1MqbjZdqymqbjtjQuery</protocol>
			</service>
						<service>
			<serivcename>ZhyySaf1ZdwxyFxpgXqbtXq3Query</serivcename>
			<protocol>ZHYYDORISDB_ZhyySaf1ZdwxyFxpgXqbtXq3Query</protocol>
			</service>
						<service>
			<serivcename>ZhyySaf1ZdwxySpmsQuery</serivcename>
			<protocol>ZHYYDORISDB_ZhyySaf1ZdwxySpmsQuery</protocol>
			</service>
						<service>
			<serivcename>ZhyyScBcrzlQuery</serivcename>
			<protocol>ZHYYDORISDB_ZhyyScBcrzlQuery</protocol>
			</service>
						<service>
			<serivcename>ZhyyScElgTgjgQuery</serivcename>
			<protocol>ZHYYDORISDB_ZhyyScElgTgjgQuery</protocol>
			</service>
						<service>
			<serivcename>ZhyyScJsclC2Query</serivcename>
			<protocol>ZHYYDORISDB_ZhyyScJsclC2Query</protocol>
			</service>
						<service>
			<serivcename>ZhyyScJsclQuery</serivcename>
			<protocol>ZHYYDORISDB_ZhyyScJsclQuery</protocol>
			</service>
						<service>
			<serivcename>ZhyyScTglzgzlsQuery</serivcename>
			<protocol>ZHYYDORISDB_ZhyyScTglzgzlsQuery</protocol>
			</service>
						<service>
			<serivcename>ZhyyScTgzjgzQuery</serivcename>
			<protocol>ZHYYDORISDB_ZhyyScTgzjgzQuery</protocol>
			</service>
						<service>
			<serivcename>zhyyScTgzzpkcXqQuery</serivcename>
			<protocol>ZHYYDORISDB_zhyyScTgzzpkcXqQuery</protocol>
			</service>
						<service>
			<serivcename>ZhyyScZlztQuery</serivcename>
			<protocol>ZHYYDORISDB_ZhyyScZlztQuery</protocol>
			</service>
						<service>
			<serivcename>ZhyySgtjCzlQuery</serivcename>
			<protocol>ZHYYDORISDB_ZhyySgtjCzlQuery</protocol>
			</service>
						<service>
			<serivcename>ZhyySgtjCzxqQuery</serivcename>
			<protocol>ZHYYDORISDB_ZhyySgtjCzxqQuery</protocol>
			</service>
						<service>
			<serivcename>ZhyySlgYlzqQuery</serivcename>
			<protocol>ZHYYDORISDB_ZhyySlgYlzqQuery</protocol>
			</service>
						<service>
			<serivcename>ZhyySpgcQuery</serivcename>
			<protocol>ZHYYDORISDB_ZhyySpgcQuery</protocol>
			</service>
						<service>
			<serivcename>ZhyyTd1TdjqDrfgjrlQuery</serivcename>
			<protocol>ZHYYDORISDB_ZhyyTd1TdjqDrfgjrlQuery</protocol>
			</service>
						<service>
			<serivcename>ZhyyTd2xstgph2lgQuery</serivcename>
			<protocol>ZHYYDORISDB_ZhyyTd2xstgph2lgQuery</protocol>
			</service>
						<service>
			<serivcename>ZhyyTdfgyryhlbQuery</serivcename>
			<protocol>ZHYYDORISDB_ZhyyTdfgyryhlbQuery</protocol>
			</service>
						<service>
			<serivcename>ZhyyTdjqXstgphYlgQuery</serivcename>
			<protocol>ZHYYDORISDB_ZhyyTdjqXstgphYlgQuery</protocol>
			</service>
						<service>
			<serivcename>ZhyyTdYtctybQuery</serivcename>
			<protocol>ZHYYDORISDB_ZhyyTdYtctybQuery</protocol>
			</service>
						<service>
			<serivcename>ZhyyThridGaoluQuery</serivcename>
			<protocol>ZHYYDORISDB_ZhyyThridGaoluQuery</protocol>
			</service>
						<service>
			<serivcename>ZhyyTrafficTypeQuery</serivcename>
			<protocol>ZHYYDORISDB_ZhyyTrafficTypeQuery</protocol>
			</service>
						<service>
			<serivcename>ZhyyTyEtctybQuery</serivcename>
			<protocol>ZHYYDORISDB_ZhyyTyEtctybQuery</protocol>
			</service>
						<service>
			<serivcename>ZhyyVideoPlazaQuery</serivcename>
			<protocol>ZHYYDORISDB_ZhyyVideoPlazaQuery</protocol>
			</service>
						<service>
			<serivcename>ZhyyWlYlmtPdsjQuery</serivcename>
			<protocol>ZHYYDORISDB_ZhyyWlYlmtPdsjQuery</protocol>
			</service>
						<service>
			<serivcename>ZhyyYjmsSpHbQuery</serivcename>
			<protocol>ZHYYDORISDB_ZhyyYjmsSpHbQuery</protocol>
			</service>
						<service>
			<serivcename>ZhyyYjmsSpJtQuery</serivcename>
			<protocol>ZHYYDORISDB_ZhyyYjmsSpJtQuery</protocol>
			</service>
						<service>
			<serivcename>ZhyyYl1FgCbxx</serivcename>
			<protocol>ZHYYDORISDB_ZhyyYl1FgCbxx</protocol>
			</service>
						<service>
			<serivcename>ZhyyYlFgkxxSpQuery</serivcename>
			<protocol>ZHYYDORISDB_ZhyyYlFgkxxSpQuery</protocol>
			</service>
						<service>
			<serivcename>zhyyYljqGwclxxv2Query</serivcename>
			<protocol>ZHYYDORISDB_zhyyYljqGwclxxv2Query</protocol>
			</service>
						<service>
			<serivcename>ZhyyYljqMjzjxxSpQuery</serivcename>
			<protocol>ZHYYDORISDB_ZhyyYljqMjzjxxSpQuery</protocol>
			</service>
						<service>
			<serivcename>ZhyyYlYqpljQuery</serivcename>
			<protocol>ZHYYDORISDB_ZhyyYlYqpljQuery</protocol>
			</service>
						<service>
			<serivcename>ZhyyYwDycxzbzzpmQuery</serivcename>
			<protocol>ZHYYDORISDB_ZhyyYwDycxzbzzpmQuery</protocol>
			</service>
						<service>
			<serivcename>ZhyyYwDycxzcsQuery</serivcename>
			<protocol>ZHYYDORISDB_ZhyyYwDycxzcsQuery</protocol>
			</service>
						<service>
			<serivcename>ZhyyYwHdmxQuery</serivcename>
			<protocol>ZHYYDORISDB_ZhyyYwHdmxQuery</protocol>
			</service>
						<service>
			<serivcename>ZhyyYwJgpdzzkzcsQuery</serivcename>
			<protocol>ZHYYDORISDB_ZhyyYwJgpdzzkzcsQuery</protocol>
			</service>
						<service>
			<serivcename>ZhyyYwYypmQuery</serivcename>
			<protocol>ZHYYDORISDB_ZhyyYwYypmQuery</protocol>
			</service>
						<service>
			<serivcename>ZhyyYwZhdjZl2Query</serivcename>
			<protocol>ZHYYDORISDB_ZhyyYwZhdjZl2Query</protocol>
			</service>
						<service>
			<serivcename>ZhyyYwZzhdQuery</serivcename>
			<protocol>ZHYYDORISDB_ZhyyYwZzhdQuery</protocol>
			</service>
						<service>
			<serivcename>ZhyyYyzZlQuery</serivcename>
			<protocol>ZHYYDORISDB_ZhyyYyzZlQuery</protocol>
			</service>
						<service>
			<serivcename>ZhyyZdsgQuery</serivcename>
			<protocol>ZHYYDORISDB_ZhyyZdsgQuery</protocol>
			</service>
						<service>
			<serivcename>ZhyyZdwxybjcsfbzztQuery</serivcename>
			<protocol>ZHYYDORISDB_ZhyyZdwxybjcsfbzztQuery</protocol>
			</service>
						<service>
			<serivcename>ZhyyZgBclxcgwdQuery</serivcename>
			<protocol>ZHYYDORISDB_ZhyyZgBclxcgwdQuery</protocol>
			</service>
						<service>
			<serivcename>ZhyyZgBcxjclwdQuery</serivcename>
			<protocol>ZHYYDORISDB_ZhyyZgBcxjclwdQuery</protocol>
			</service>
						<service>
			<serivcename>ZhyyZgDbjrlclwdQuery</serivcename>
			<protocol>ZHYYDORISDB_ZhyyZgDbjrlclwdQuery</protocol>
			</service>
						<service>
			<serivcename>ZhyyZgJrlcgwdbQuery</serivcename>
			<protocol>ZHYYDORISDB_ZhyyZgJrlcgwdbQuery</protocol>
			</service>
						<service>
			<serivcename>ZhyyZgJrlcgwdcQuery</serivcename>
			<protocol>ZHYYDORISDB_ZhyyZgJrlcgwdcQuery</protocol>
			</service>
						<service>
			<serivcename>ZhyyZgJrlcgwddQuery</serivcename>
			<protocol>ZHYYDORISDB_ZhyyZgJrlcgwddQuery</protocol>
			</service>
						<service>
			<serivcename>ZhyyZgJrlcgwdmQuery</serivcename>
			<protocol>ZHYYDORISDB_ZhyyZgJrlcgwdmQuery</protocol>
			</service>
						<service>
			<serivcename>ZhyyZgJrllnzldbQuery</serivcename>
			<protocol>ZHYYDORISDB_ZhyyZgJrllnzldbQuery</protocol>
			</service>
						<service>
			<serivcename>ZhyyZgJrllnzlslc1c3Query</serivcename>
			<protocol>ZHYYDORISDB_ZhyyZgJrllnzlslc1c3Query</protocol>
			</service>
						<service>
			<serivcename>ZhyyZgJrllnzlslc2Query</serivcename>
			<protocol>ZHYYDORISDB_ZhyyZgJrllnzlslc2Query</protocol>
			</service>
						<service>
			<serivcename>ZhyyZgJrllnzlsltgqtQuery</serivcename>
			<protocol>ZHYYDORISDB_ZhyyZgJrllnzlsltgqtQuery</protocol>
			</service>
						<service>
			<serivcename>ZhyyZgJrlnzlsldbQuery</serivcename>
			<protocol>ZHYYDORISDB_ZhyyZgJrlnzlsldbQuery</protocol>
			</service>
						<service>
			<serivcename>ZhyyZgTgddhgzggQuery</serivcename>
			<protocol>ZHYYDORISDB_ZhyyZgTgddhgzggQuery</protocol>
			</service>
						<service>
			<serivcename>ZhyyZgXxzzbphgzggQuery</serivcename>
			<protocol>ZHYYDORISDB_ZhyyZgXxzzbphgzggQuery</protocol>
			</service>
						<service>
			<serivcename>ZhyyZhjlGbsjQuery</serivcename>
			<protocol>ZHYYDORISDB_ZhyyZhjlGbsjQuery</protocol>
			</service>
						<service>
			<serivcename>ZhyyZlbjczqkQuery</serivcename>
			<protocol>ZHYYDORISDB_ZhyyZlbjczqkQuery</protocol>
			</service>
						<service>
			<serivcename>ZhyyZlClljQuery</serivcename>
			<protocol>ZHYYDORISDB_ZhyyZlClljQuery</protocol>
			</service>
						<service>
			<serivcename>ZhyyZlJksbwhlQuery</serivcename>
			<protocol>ZHYYDORISDB_ZhyyZlJksbwhlQuery</protocol>
			</service>
						<service>
			<serivcename>ZhyyZlQklslsjqkQuery</serivcename>
			<protocol>ZHYYDORISDB_ZhyyZlQklslsjqkQuery</protocol>
			</service>
						<service>
			<serivcename>ZhyyZlTsdblQuery</serivcename>
			<protocol>ZHYYDORISDB_ZhyyZlTsdblQuery</protocol>
			</service>
						<service>
			<serivcename>ZhyyZlZydddQuery</serivcename>
			<protocol>ZHYYDORISDB_ZhyyZlZydddQuery</protocol>
			</service>
						<service>
			<serivcename>ZhyyZlZydspQuery</serivcename>
			<protocol>ZHYYDORISDB_ZhyyZlZydspQuery</protocol>
			</service>
							</services>
	</servicesystem>
</servicesystems>