<?xml version="1.0" encoding="UTF-8"?>
<servicesystems>
	<servicesystem>
		<serviceSystemName>ZQZLDB</serviceSystemName>
		<serviceSystemDesc>造球整粒数据库</serviceSystemDesc>
		<hostName/>
		<hostIp/>
		<status>add</status>
		
		<protocols>
								<protocol>ZQZLDB_HdgcGetLatestRuningOneQuery</protocol>
						<protocol>ZQZLDB_HdgcGetLatestZQJRuningStatus</protocol>
						<protocol>ZQZLDB_HdgcGetLqzyDataByDayQuery</protocol>
						<protocol>ZQZLDB_HdgcGetLqzyDataByMonthQuery</protocol>
						<protocol>ZQZLDB_HdgcGetLqzyMonthDataByDayQuery</protocol>
						<protocol>ZQZLDB_HdgcGetMonthFailDatasQuery</protocol>
						<protocol>ZQZLDB_HdgcGetZqDatasQuery</protocol>
						<protocol>ZQZLDB_HdgcPLCNumIPMappingQuery</protocol>
						<protocol>ZQZLDB_HdgcRuningStatusUpdate</protocol>
						<protocol>ZQZLDB_HdgcZQAlarmDatasQuery</protocol>
						<protocol>ZQZLDB_getZqzlEquipmentInfoDatas</protocol>
							</protocols>
		
		<params>
				</params>
		<services>
								<service>
			<serivcename>getZqzlEquipmentInfoDatas</serivcename>
			<protocol>ZQZLDB_getZqzlEquipmentInfoDatas</protocol>
			</service>
						<service>
			<serivcename>HdgcGetLatestRuningOneQuery</serivcename>
			<protocol>ZQZLDB_HdgcGetLatestRuningOneQuery</protocol>
			</service>
						<service>
			<serivcename>HdgcGetLatestZQJRuningStatus</serivcename>
			<protocol>ZQZLDB_HdgcGetLatestZQJRuningStatus</protocol>
			</service>
						<service>
			<serivcename>HdgcGetLqzyDataByDayQuery</serivcename>
			<protocol>ZQZLDB_HdgcGetLqzyDataByDayQuery</protocol>
			</service>
						<service>
			<serivcename>HdgcGetLqzyDataByMonthQuery</serivcename>
			<protocol>ZQZLDB_HdgcGetLqzyDataByMonthQuery</protocol>
			</service>
						<service>
			<serivcename>HdgcGetLqzyMonthDataByDayQuery</serivcename>
			<protocol>ZQZLDB_HdgcGetLqzyMonthDataByDayQuery</protocol>
			</service>
						<service>
			<serivcename>HdgcGetMonthFailDatasQuery</serivcename>
			<protocol>ZQZLDB_HdgcGetMonthFailDatasQuery</protocol>
			</service>
						<service>
			<serivcename>HdgcGetZqDatasQuery</serivcename>
			<protocol>ZQZLDB_HdgcGetZqDatasQuery</protocol>
			</service>
						<service>
			<serivcename>HdgcPLCNumIPMappingQuery</serivcename>
			<protocol>ZQZLDB_HdgcPLCNumIPMappingQuery</protocol>
			</service>
						<service>
			<serivcename>HdgcRuningStatusUpdate</serivcename>
			<protocol>ZQZLDB_HdgcRuningStatusUpdate</protocol>
			</service>
						<service>
			<serivcename>HdgcZQAlarmDatasQuery</serivcename>
			<protocol>ZQZLDB_HdgcZQAlarmDatasQuery</protocol>
			</service>
							</services>
	</servicesystem>
</servicesystems>