<?xml version="1.0" encoding="UTF-8"?>

<mappings xmlns="http://com/dc/esb/xmlbean/protocol/mapping">  
  <serviceMapping> 
    <id>TradeAcceptQuery</id>  
    <file>IDMS_TradeAcceptQuery.xml</file> 
  </serviceMapping>  
  <serviceMapping> 
    <id>AcceptApplyStatusUpdate</id>  
    <file>IDMS_AcceptApplyStatusUpdate.xml</file> 
  </serviceMapping>  
  <serviceMapping> 
    <id>DuePaymentResultNotice</id>  
    <file>IDMS_DuePaymentResultNotice.xml</file> 
  </serviceMapping>  
  <serviceMapping> 
    <id>DiscountStatusUpdate</id>  
    <file>IDMS_DiscountStatusUpdate.xml</file> 
  </serviceMapping>  
  <serviceMapping> 
    <id>DiscountRegainNotice</id>  
    <file>IDMS_DiscountRegainNotice.xml</file> 
  </serviceMapping>  
  <serviceMapping> 
    <id>IdmsRoleSync</id>  
    <file>IDMS_IdmsRoleSync.xml</file> 
  </serviceMapping>  
  <serviceMapping> 
    <id>IdmsClientSync</id>  
    <file>IDMS_IdmsClientSync.xml</file> 
  </serviceMapping>  
  <serviceMapping> 
    <id>DiscountRegainQuery</id>  
    <file>IDMS_DiscountRegainQuery.xml</file> 
  </serviceMapping>  
  <serviceMapping> 
    <id>MarginFeeNoticeUpdate</id>  
    <file>IDMS_MarginFeeNoticeUpdate.xml</file> 
  </serviceMapping>  
  <serviceMapping> 
    <id>CancelNoticeUpdate</id>  
    <file>IDMS_CancelNoticeUpdate.xml</file> 
  </serviceMapping>  
  <serviceMapping> 
    <id>DueTransfer</id>  
    <file>IFS_DueTransfer.xml</file> 
  </serviceMapping>  
  <serviceMapping> 
    <id>DuePayment</id>  
    <file>IFS_DuePayment.xml</file> 
  </serviceMapping>  
  <serviceMapping> 
    <id>BillDeductMoney</id>  
    <file>IFS_BillDeductMoney.xml</file> 
  </serviceMapping>  
  <serviceMapping> 
    <id>BillPaymentGenerate</id>  
    <file>IFS_BillPaymentGenerate.xml</file> 
  </serviceMapping>  
  <serviceMapping> 
    <id>BillDeductMoneyDel</id>  
    <file>IFS_BillDeductMoneyDel.xml</file> 
  </serviceMapping>  
  <serviceMapping> 
    <id>PledgeReceiveMoneyGen</id>  
    <file>IFS_PledgeReceiveMoneyGen.xml</file> 
  </serviceMapping>  
  <serviceMapping> 
    <id>DiscountRegain</id>  
    <file>IFS_DiscountRegain.xml</file> 
  </serviceMapping>  
  <serviceMapping> 
    <id>BillReceiveMoney</id>  
    <file>IFS_BillReceiveMoney.xml</file> 
  </serviceMapping>  
  <serviceMapping> 
    <id>RediscountBuy</id>  
    <file>IFS_RediscountBuy.xml</file> 
  </serviceMapping>  
  <serviceMapping> 
    <id>RediscountSell</id>  
    <file>IFS_RediscountSell.xml</file> 
  </serviceMapping>  
  <serviceMapping> 
    <id>RediscountRegain</id>  
    <file>IFS_RediscountRegain.xml</file> 
  </serviceMapping>  
  <serviceMapping> 
    <id>OutrightRepurchase</id>  
    <file>IFS_OutrightRepurchase.xml</file> 
  </serviceMapping>  
  <serviceMapping> 
    <id>OutrightRepurchaseRedeem</id>  
    <file>IFS_OutrightRepurchaseRedeem.xml</file> 
  </serviceMapping>  
  <serviceMapping> 
    <id>PledgeRepurchase</id>  
    <file>IFS_PledgeRepurchase.xml</file> 
  </serviceMapping>  
  <serviceMapping> 
    <id>PledgeRepurchaseRedeem</id>  
    <file>IFS_PledgeRepurchaseRedeem.xml</file> 
  </serviceMapping>  
  <serviceMapping> 
    <id>RediscountBuyOut</id>  
    <file>IFS_RediscountBuyOut.xml</file> 
  </serviceMapping>  
  <serviceMapping> 
    <id>RediscountPledgeRepurchase</id>  
    <file>IFS_RediscountPledgeRepurchase.xml</file> 
  </serviceMapping>  
  <serviceMapping> 
    <id>RediscountRepurchaseRedeem</id>  
    <file>IFS_RediscountRepurchaseRedeem.xml</file> 
  </serviceMapping>  
  <serviceMapping> 
    <id>CapitalAccountAllocate</id>  
    <file>IFS_CapitalAccountAllocate.xml</file> 
  </serviceMapping>  
  <serviceMapping> 
    <id>TransPaymentBookkeep</id>  
    <file>IFS_TransPaymentBookkeep.xml</file> 
  </serviceMapping>  
  <serviceMapping> 
    <id>AcceptAgreementTransmit</id>  
    <file>IFS_AcceptAgreementTransmit.xml</file> 
  </serviceMapping>  
  <serviceMapping> 
    <id>MarginFeeNoticeTransmit</id>  
    <file>IFS_MarginFeeNoticeTransmit.xml</file> 
  </serviceMapping>  
  <serviceMapping> 
    <id>FeeNoticeTransmit</id>  
    <file>IFS_FeeNoticeTransmit.xml</file> 
  </serviceMapping>  
  <serviceMapping> 
    <id>DiscountCancelRollback</id>  
    <file>IFS_DiscountCancelRollback.xml</file> 
  </serviceMapping>  
  <serviceMapping> 
    <id>AcceptAgreementCancel</id>  
    <file>IFS_AcceptAgreementCancel.xml</file> 
  </serviceMapping>  
  <serviceMapping> 
    <id>MarginFeeCancel</id>  
    <file>IFS_MarginFeeCancel.xml</file> 
  </serviceMapping>  
  <serviceMapping> 
    <id>AcceptAgreeCancelRollback</id>  
    <file>IFS_AcceptAgreeCancelRollback.xml</file> 
  </serviceMapping>  
  <serviceMapping> 
    <id>MarginFeeCancelRollback</id>  
    <file>IFS_MarginFeeCancelRollback.xml</file> 
  </serviceMapping>  
  <serviceMapping> 
    <id>CancelNoticeTransmit</id>  
    <file>IFS_CancelNoticeTransmit.xml</file> 
  </serviceMapping>  
  <serviceMapping> 
    <id>UnusedNoticeCancel</id>  
    <file>IFS_UnusedNoticeCancel.xml</file> 
  </serviceMapping>  
  <serviceMapping> 
    <id>UnusedNoticeRollback</id>  
    <file>IFS_UnusedNoticeRollback.xml</file> 
  </serviceMapping>  
  <serviceMapping> 
    <id>DiscountVoucherTransmit</id>  
    <file>IFS_DiscountVoucherTransmit.xml</file> 
  </serviceMapping>  
  <serviceMapping> 
    <id>BillInfoTransmit</id>  
    <file>IFS_BillInfoTransmit.xml</file> 
  </serviceMapping>  
  <serviceMapping> 
    <id>DiscountVoucherCancel</id>  
    <file>IFS_DiscountVoucherCancel.xml</file> 
  </serviceMapping>  
  <serviceMapping> 
    <id>DiscountAccountVerify</id>  
    <file>IFS_DiscountAccountVerify.xml</file> 
  </serviceMapping>  
  <serviceMapping> 
    <id>CreditBalanceVerify</id>  
    <file>IFS_CreditBalanceVerify.xml</file> 
  </serviceMapping>  
  <serviceMapping> 
    <id>CreditOccupy</id>  
    <file>IFS_CreditOccupy.xml</file> 
  </serviceMapping>  
  <serviceMapping> 
    <id>CreditRelease</id>  
    <file>IFS_CreditRelease.xml</file> 
  </serviceMapping>  
  <serviceMapping> 
    <id>CreditQuery</id>  
    <file>IFS_CreditQuery.xml</file> 
  </serviceMapping>  
  <serviceMapping> 
    <id>CurrentAccountQuery</id>  
    <file>IFS_CurrentAccountQuery.xml</file> 
  </serviceMapping>  
  <serviceMapping> 
    <id>MarginAccountQuery</id>  
    <file>IFS_MarginAccountQuery.xml</file> 
  </serviceMapping>  
  <serviceMapping> 
    <id>AccountBalanceQuery</id>  
    <file>IFS_AccountBalanceQuery.xml</file> 
  </serviceMapping>  
  <serviceMapping> 
    <id>LoanCreditQuery</id>  
    <file>IFS_LoanCreditQuery.xml</file> 
  </serviceMapping>  
  <serviceMapping> 
    <id>CreditGradeQuery</id>  
    <file>IFS_CreditGradeQuery.xml</file> 
  </serviceMapping>  
  <serviceMapping> 
    <id>ZhyyExtSsoReceiveUserRoleQuery</id>  
    <file>ZHYY_ZhyyExtSsoReceiveUserRoleQuery .xml</file> 
  </serviceMapping>  
  <serviceMapping> 
    <id>ZhyyExtSsoReceivePageListQuery</id>  
    <file>ZHYY_ZhyyExtSsoReceivePageListQuery .xml</file> 
  </serviceMapping>  
  <serviceMapping> 
    <id>ZhyyExtSsoReceiveRolePageListQuery</id>  
    <file>ZHYY_ZhyyExtSsoReceiveRolePageListQuery .xml</file> 
  </serviceMapping>  
  <serviceMapping> 
    <id>ZhyyExtSsoReceiveGetAdminQuery</id>  
    <file>ZHYY_ZhyyExtSsoReceiveGetAdminQuery.xml</file> 
  </serviceMapping>  
  <serviceMapping> 
    <id>ZhyyExtSsoReceiveRoleQuery</id>  
    <file>ZHYY_ZhyyExtSsoReceiveRoleQuery.xml</file> 
  </serviceMapping>  
  <serviceMapping> 
    <id>ZhyyExtSsoReceiveRoleAdd</id>  
    <file>ZHYY_ZhyyExtSsoReceiveRoleAdd.xml</file> 
  </serviceMapping>  
  <serviceMapping> 
    <id>ZhyyExtSsoReceiveRoleModifyUpdate</id>  
    <file>ZHYY_ZhyyExtSsoReceiveRoleModifyUpdate.xml</file> 
  </serviceMapping>  
  <serviceMapping> 
    <id>ZhyyExtSsoReceiveRoleAddUserAdd</id>  
    <file>ZHYY_ZhyyExtSsoReceiveRoleAddUserAdd.xml</file> 
  </serviceMapping>  
  <serviceMapping>
    <id>ZhyyExtSsoReceiveRoleDisableUserDel</id>
    <file>ZHYY_ZhyyExtSsoReceiveRoleDisableUserDel.xml</file>
  </serviceMapping>
</mappings>
