<?xml version="1.0" encoding="utf-8"?>

<objs>
  <obj>
    <objType>protocol.client</objType>
    <items>
      <item cmd="add">TGMESDB_DbProcessQuery</item>
    </items>
  </obj>
  <obj>
    <objType>service.buss</objType>
    <items>
      <item cmd="add">DbProcessQuery</item>
    </items>
  </obj>
  <obj>
    <objType>service.definition</objType>
    <items>
      <item cmd="add">DbProcessQuery</item>
    </items>
  </obj>
  <global>
    <obj>
      <objType>service.definition</objType>
      <items>
        <item>console/service/definition/service_DbProcessQuery.xml</item>
      </items>
    </obj>
  </global>
</objs>
