<?xml version="1.0" encoding="UTF-8"?>
<servicesystems>
	<servicesystem>
		<serviceSystemName>BCERP</serviceSystemName>
		<serviceSystemDesc>板材ERP</serviceSystemDesc>
		<hostName/>
		<hostIp/>
		<status>add</status>
		
		<protocols>
								<protocol>BCERP_BcMaintenancePlanQuery</protocol>
						<protocol>BCERP_BulletinBoardQuery</protocol>
						<protocol>BCERP_DangerousOperationQuery</protocol>
						<protocol>BCERP_FirstLevelInventoryQuery</protocol>
						<protocol>BCERP_FourExpensesQuery</protocol>
						<protocol>BCERP_LimeProductionNewQuery</protocol>
						<protocol>BCERP_MaintenanceScheduleQuery</protocol>
						<protocol>BCERP_MaterialApplicationQuery</protocol>
						<protocol>BCERP_OverhaulMonthQuery</protocol>
						<protocol>BCERP_OverhaulProjectQuery</protocol>
						<protocol>BCERP_PlannedDowntimeOfMaintenanceQuery</protocol>
						<protocol>BCERP_SparePartsInventoryQuery</protocol>
						<protocol>BCERP_TBIPTDOKQuery</protocol>
						<protocol>BCERP_Tbmsb32Query</protocol>
						<protocol>BCERP_Tbmsb41Query</protocol>
						<protocol>BCERP_TbojnjQuery</protocol>
							</protocols>
		
		<params>
				</params>
		<services>
								<service>
			<serivcename>BcMaintenancePlanQuery</serivcename>
			<protocol>BCERP_BcMaintenancePlanQuery</protocol>
			</service>
						<service>
			<serivcename>BulletinBoardQuery</serivcename>
			<protocol>BCERP_BulletinBoardQuery</protocol>
			</service>
						<service>
			<serivcename>DangerousOperationQuery</serivcename>
			<protocol>BCERP_DangerousOperationQuery</protocol>
			</service>
						<service>
			<serivcename>FirstLevelInventoryQuery</serivcename>
			<protocol>BCERP_FirstLevelInventoryQuery</protocol>
			</service>
						<service>
			<serivcename>FourExpensesQuery</serivcename>
			<protocol>BCERP_FourExpensesQuery</protocol>
			</service>
						<service>
			<serivcename>LimeProductionNewQuery</serivcename>
			<protocol>BCERP_LimeProductionNewQuery</protocol>
			</service>
						<service>
			<serivcename>MaintenanceScheduleQuery</serivcename>
			<protocol>BCERP_MaintenanceScheduleQuery</protocol>
			</service>
						<service>
			<serivcename>MaterialApplicationQuery</serivcename>
			<protocol>BCERP_MaterialApplicationQuery</protocol>
			</service>
						<service>
			<serivcename>OverhaulMonthQuery</serivcename>
			<protocol>BCERP_OverhaulMonthQuery</protocol>
			</service>
						<service>
			<serivcename>OverhaulProjectQuery</serivcename>
			<protocol>BCERP_OverhaulProjectQuery</protocol>
			</service>
						<service>
			<serivcename>PlannedDowntimeOfMaintenanceQuery</serivcename>
			<protocol>BCERP_PlannedDowntimeOfMaintenanceQuery</protocol>
			</service>
						<service>
			<serivcename>SparePartsInventoryQuery</serivcename>
			<protocol>BCERP_SparePartsInventoryQuery</protocol>
			</service>
						<service>
			<serivcename>TBIPTDOKQuery</serivcename>
			<protocol>BCERP_TBIPTDOKQuery</protocol>
			</service>
						<service>
			<serivcename>Tbmsb32Query</serivcename>
			<protocol>BCERP_Tbmsb32Query</protocol>
			</service>
						<service>
			<serivcename>Tbmsb41Query</serivcename>
			<protocol>BCERP_Tbmsb41Query</protocol>
			</service>
						<service>
			<serivcename>TbojnjQuery</serivcename>
			<protocol>BCERP_TbojnjQuery</protocol>
			</service>
							</services>
	</servicesystem>
</servicesystems>