<?xml version="1.0" encoding="UTF-8"?>
<servicesystems>
	<servicesystem>
		<serviceSystemName>BDKSHDB</serviceSystemName>
		<serviceSystemDesc>北斗交通可视化数据库</serviceSystemDesc>
		<hostName/>
		<hostIp/>
		<status>add</status>
		
		<protocols>
								<protocol>BDKSHDB_ZhyyAfzyRoadCarAcessDetailQuery</protocol>
							</protocols>
		
		<params>
				</params>
		<services>
								<service>
			<serivcename>ZhyyAfzyRoadCarAcessDetailQuery</serivcename>
			<protocol>BDKSHDB_ZhyyAfzyRoadCarAcessDetailQuery</protocol>
			</service>
							</services>
	</servicesystem>
</servicesystems>