<?xml version="1.0" encoding="UTF-8"?>
<servicesystems>
	<servicesystem>
		<serviceSystemName>BWDZDT</serviceSystemName>
		<serviceSystemDesc>保卫电子地图</serviceSystemDesc>
		<hostName/>
		<hostIp/>
		<status>add</status>
		
		<protocols>
								<protocol>BWDZDT_GetBDMapInfoPic</protocol>
						<protocol>BWDZDT_GetDBMapRelativeAkContent</protocol>
							</protocols>
		
		<params>
				</params>
		<services>
								<service>
			<serivcename>GetBDMapInfoPic</serivcename>
			<protocol>BWDZDT_GetBDMapInfoPic</protocol>
			</service>
						<service>
			<serivcename>GetDBMapRelativeAkContent</serivcename>
			<protocol>BWDZDT_GetDBMapRelativeAkContent</protocol>
			</service>
							</services>
	</servicesystem>
</servicesystems>