<?xml version="1.0" encoding="UTF-8"?>
<servicesystems>
	<servicesystem>
		<serviceSystemName>C2MSYS</serviceSystemName>
		<serviceSystemDesc>销售电子商务系统</serviceSystemDesc>
		<hostName/>
		<hostIp/>
		<status>add</status>
		
		<protocols>
								<protocol>C2MSYS_C2MAssignCSSubOrder</protocol>
						<protocol>C2MSYS_C2MAssignSubOrder</protocol>
						<protocol>C2MSYS_C2MGetCSToken</protocol>
						<protocol>C2MSYS_C2MGetToken</protocol>
						<protocol>C2MSYS_GetForecastAreaDDQuery</protocol>
						<protocol>C2MSYS_GetForecastBreedDDQuery</protocol>
						<protocol>C2MSYS_GetForecastBreedSmallDDQuery</protocol>
						<protocol>C2MSYS_GetForecastValueQuery</protocol>
						<protocol>C2MSYS_GetIndexDayLatestDataQuery</protocol>
						<protocol>C2MSYS_GetIndexMainDataQuery</protocol>
						<protocol>C2MSYS_GetIndexMainInfoQuery</protocol>
						<protocol>C2MSYS_GetIndexParseInfoQuery</protocol>
						<protocol>C2MSYS_GetTokenQuery</protocol>
						<protocol>C2MSYS_dispData</protocol>
							</protocols>
		
		<params>
				</params>
		<services>
								<service>
			<serivcename>C2MAssignCSSubOrder</serivcename>
			<protocol>C2MSYS_C2MAssignCSSubOrder</protocol>
			</service>
						<service>
			<serivcename>C2MAssignSubOrder</serivcename>
			<protocol>C2MSYS_C2MAssignSubOrder</protocol>
			</service>
						<service>
			<serivcename>C2MGetCSToken</serivcename>
			<protocol>C2MSYS_C2MGetCSToken</protocol>
			</service>
						<service>
			<serivcename>C2MGetToken</serivcename>
			<protocol>C2MSYS_C2MGetToken</protocol>
			</service>
						<service>
			<serivcename>dispData</serivcename>
			<protocol>C2MSYS_dispData</protocol>
			</service>
						<service>
			<serivcename>GetForecastAreaDDQuery</serivcename>
			<protocol>C2MSYS_GetForecastAreaDDQuery</protocol>
			</service>
						<service>
			<serivcename>GetForecastBreedDDQuery</serivcename>
			<protocol>C2MSYS_GetForecastBreedDDQuery</protocol>
			</service>
						<service>
			<serivcename>GetForecastBreedSmallDDQuery</serivcename>
			<protocol>C2MSYS_GetForecastBreedSmallDDQuery</protocol>
			</service>
						<service>
			<serivcename>GetForecastValueQuery</serivcename>
			<protocol>C2MSYS_GetForecastValueQuery</protocol>
			</service>
						<service>
			<serivcename>GetIndexDayLatestDataQuery</serivcename>
			<protocol>C2MSYS_GetIndexDayLatestDataQuery</protocol>
			</service>
						<service>
			<serivcename>GetIndexMainDataQuery</serivcename>
			<protocol>C2MSYS_GetIndexMainDataQuery</protocol>
			</service>
						<service>
			<serivcename>GetIndexMainInfoQuery</serivcename>
			<protocol>C2MSYS_GetIndexMainInfoQuery</protocol>
			</service>
						<service>
			<serivcename>GetIndexParseInfoQuery</serivcename>
			<protocol>C2MSYS_GetIndexParseInfoQuery</protocol>
			</service>
						<service>
			<serivcename>GetTokenQuery</serivcename>
			<protocol>C2MSYS_GetTokenQuery</protocol>
			</service>
							</services>
	</servicesystem>
</servicesystems>