<?xml version="1.0" encoding="UTF-8"?>
<servicesystems>
	<servicesystem>
		<serviceSystemName>DGCSALDB</serviceSystemName>
		<serviceSystemDesc>DGCSAL数据库</serviceSystemDesc>
		<hostName/>
		<hostIp/>
		<status>add</status>
		
		<protocols>
								<protocol>DGCSALDB_CustStructureInfoQuery</protocol>
						<protocol>DGCSALDB_ZhyySalShipInfoQuery</protocol>
						<protocol>DGCSAL_IntTradeOutBoundWayBillDataQuery</protocol>
							</protocols>
		
		<params>
				</params>
		<services>
								<service>
			<serivcename>CustStructureInfoQuery</serivcename>
			<protocol>DGCSALDB_CustStructureInfoQuery</protocol>
			</service>
						<service>
			<serivcename>IntTradeOutBoundWayBillDataQuery</serivcename>
			<protocol>DGCSAL_IntTradeOutBoundWayBillDataQuery</protocol>
			</service>
						<service>
			<serivcename>ZhyySalShipInfoQuery</serivcename>
			<protocol>DGCSALDB_ZhyySalShipInfoQuery</protocol>
			</service>
							</services>
	</servicesystem>
</servicesystems>