<?xml version="1.0" encoding="UTF-8"?>
<servicesystems>
	<servicesystem>
		<serviceSystemName>DSPDB</serviceSystemName>
		<serviceSystemDesc>数据服务平台数据库</serviceSystemDesc>
		<hostName/>
		<hostIp/>
		<status>add</status>
		
		<protocols>
								<protocol>DSPDB_DSPServiceInfoQuery</protocol>
							</protocols>
		
		<params>
				</params>
		<services>
								<service>
			<serivcename>DSPServiceInfoQuery</serivcename>
			<protocol>DSPDB_DSPServiceInfoQuery</protocol>
			</service>
							</services>
	</servicesystem>
</servicesystems>