<?xml version="1.0" encoding="UTF-8"?>
<servicesystems>
	<servicesystem>
		<serviceSystemName>DXYZJSYS</serviceSystemName>
		<serviceSystemDesc>电信云总机系统</serviceSystemDesc>
		<hostName/>
		<hostIp/>
		<status>add</status>
		
		<protocols>
								<protocol>DXYZJSYS_DxyzjCreateCalloutTask</protocol>
							</protocols>
		
		<params>
				</params>
		<services>
								<service>
			<serivcename>DxyzjCreateCalloutTask</serivcename>
			<protocol>DXYZJSYS_DxyzjCreateCalloutTask</protocol>
			</service>
							</services>
	</servicesystem>
</servicesystems>