<?xml version="1.0" encoding="UTF-8"?>
<servicesystems>
	<servicesystem>
		<serviceSystemName>ENTRANCE</serviceSystemName>
		<serviceSystemDesc>人脸门禁系统</serviceSystemDesc>
		<hostName/>
		<hostIp/>
		<status>add</status>
		
		<protocols>
								<protocol>ENTRANCE_AccessVirtualCardFlow</protocol>
						<protocol>ENTRANCE_ApproveFlowInfoQuery</protocol>
						<protocol>ENTRANCE_BwbCheckPhotoByIdentityNo</protocol>
						<protocol>ENTRANCE_BwbGet1VNBySuperBrain</protocol>
						<protocol>ENTRANCE_BwbGetPersonInfoById</protocol>
						<protocol>ENTRANCE_BwbGetPhotoPathByIdentityNo</protocol>
						<protocol>ENTRANCE_BwbGetQualityPhotoByISC</protocol>
						<protocol>ENTRANCE_BwbInsertDriverRecord</protocol>
						<protocol>ENTRANCE_BwbPhotoPathByIDAdd</protocol>
						<protocol>ENTRANCE_BwbPhotoPathByIDDelete</protocol>
						<protocol>ENTRANCE_CommonQuery1</protocol>
						<protocol>ENTRANCE_ConstituentPeopleGateINfoQuery</protocol>
						<protocol>ENTRANCE_DailyReportNumberQuery</protocol>
						<protocol>ENTRANCE_DeptartmentQuery</protocol>
						<protocol>ENTRANCE_FaceAccessLimitsQuery</protocol>
						<protocol>ENTRANCE_FacePassFluxRecordFlow</protocol>
						<protocol>ENTRANCE_FaceRecognitionBaseFlow</protocol>
						<protocol>ENTRANCE_FaceRecognitionCheckFlow</protocol>
						<protocol>ENTRANCE_FaceRecognitionFlow</protocol>
						<protocol>ENTRANCE_FaceRecognitionSuccessFlow</protocol>
						<protocol>ENTRANCE_FileDownloadFlow</protocol>
						<protocol>ENTRANCE_GatekeeperCovidControlFlow</protocol>
						<protocol>ENTRANCE_GatekeeperNoticeQuery</protocol>
						<protocol>ENTRANCE_GatekeeperRecordFlow</protocol>
						<protocol>ENTRANCE_GatekeeperTypeQuery</protocol>
						<protocol>ENTRANCE_GetActiveWxPersonInfoByMap</protocol>
						<protocol>ENTRANCE_GetDeptBaseInfo</protocol>
						<protocol>ENTRANCE_GetOssPersonInfoToUpdate</protocol>
						<protocol>ENTRANCE_GetPersonBaseInfo</protocol>
						<protocol>ENTRANCE_GetPersonBlackListResultByIC</protocol>
						<protocol>ENTRANCE_GetPersonNameByAccountInfo</protocol>
						<protocol>ENTRANCE_GetPersonPicInfoByIdentityno</protocol>
						<protocol>ENTRANCE_GetPersonalInfoQuery</protocol>
						<protocol>ENTRANCE_GetSecurityCodeFlow</protocol>
						<protocol>ENTRANCE_GetTemporaryPersonInfoByDateTime</protocol>
						<protocol>ENTRANCE_GetUserInfoFlow</protocol>
						<protocol>ENTRANCE_GetVisitedPersonInfoByStr</protocol>
						<protocol>ENTRANCE_InsertTbdiPdiPersonInfo</protocol>
						<protocol>ENTRANCE_LoginByPhoneFlow</protocol>
						<protocol>ENTRANCE_LongTermPersonPicSyn</protocol>
						<protocol>ENTRANCE_LongTermPersonSyn</protocol>
						<protocol>ENTRANCE_MiniProgramGetPhoneNumberFlow</protocol>
						<protocol>ENTRANCE_MiniProgramRecheckQuery</protocol>
						<protocol>ENTRANCE_MiniProgramVisitorApproveFlow</protocol>
						<protocol>ENTRANCE_MiniProgramVisitorQuery</protocol>
						<protocol>ENTRANCE_MiniProgramVisitorUpdate</protocol>
						<protocol>ENTRANCE_OssGetOtherDeptInfo</protocol>
						<protocol>ENTRANCE_OssGetOtherPersonInfo</protocol>
						<protocol>ENTRANCE_OssGetPersonFaceByIdentityNo</protocol>
						<protocol>ENTRANCE_PassRecordFlow</protocol>
						<protocol>ENTRANCE_PeoplePeccancyQuery</protocol>
						<protocol>ENTRANCE_PeriodOnboardUserQuery</protocol>
						<protocol>ENTRANCE_PersonalBlacklistQuery</protocol>
						<protocol>ENTRANCE_PicDownloadUpdate</protocol>
						<protocol>ENTRANCE_PicUpdateFailFlow</protocol>
						<protocol>ENTRANCE_RecheckNewCardQuery</protocol>
						<protocol>ENTRANCE_TelMenuQuery</protocol>
						<protocol>ENTRANCE_TempPersonRecordInfo</protocol>
						<protocol>ENTRANCE_TotalPlanQuery</protocol>
						<protocol>ENTRANCE_UsersInfoQuery</protocol>
						<protocol>ENTRANCE_UsersInfoUpdate</protocol>
						<protocol>ENTRANCE_VisitorApproveFlow</protocol>
						<protocol>ENTRANCE_VisitorApproveQuery</protocol>
						<protocol>ENTRANCE_VisitorPassportRecordFlow</protocol>
						<protocol>ENTRANCE_VisitorTypeQuery</protocol>
						<protocol>ENTRANCE_VisitorUpdate</protocol>
						<protocol>ENTRANCE_WXOpenIdQuery</protocol>
						<protocol>ENTRANCE_ZABWUserInfoQuery</protocol>
							</protocols>
		
		<params>
				</params>
		<services>
								<service>
			<serivcename>AccessVirtualCardFlow</serivcename>
			<protocol>ENTRANCE_AccessVirtualCardFlow</protocol>
			</service>
						<service>
			<serivcename>ApproveFlowInfoQuery</serivcename>
			<protocol>ENTRANCE_ApproveFlowInfoQuery</protocol>
			</service>
						<service>
			<serivcename>BwbCheckPhotoByIdentityNo</serivcename>
			<protocol>ENTRANCE_BwbCheckPhotoByIdentityNo</protocol>
			</service>
						<service>
			<serivcename>BwbGet1VNBySuperBrain</serivcename>
			<protocol>ENTRANCE_BwbGet1VNBySuperBrain</protocol>
			</service>
						<service>
			<serivcename>BwbGetPersonInfoById</serivcename>
			<protocol>ENTRANCE_BwbGetPersonInfoById</protocol>
			</service>
						<service>
			<serivcename>BwbGetPhotoPathByIdentityNo</serivcename>
			<protocol>ENTRANCE_BwbGetPhotoPathByIdentityNo</protocol>
			</service>
						<service>
			<serivcename>BwbGetQualityPhotoByISC</serivcename>
			<protocol>ENTRANCE_BwbGetQualityPhotoByISC</protocol>
			</service>
						<service>
			<serivcename>BwbInsertDriverRecord</serivcename>
			<protocol>ENTRANCE_BwbInsertDriverRecord</protocol>
			</service>
						<service>
			<serivcename>BwbPhotoPathByIDAdd</serivcename>
			<protocol>ENTRANCE_BwbPhotoPathByIDAdd</protocol>
			</service>
						<service>
			<serivcename>BwbPhotoPathByIDDelete</serivcename>
			<protocol>ENTRANCE_BwbPhotoPathByIDDelete</protocol>
			</service>
						<service>
			<serivcename>CommonQuery</serivcename>
			<protocol>ENTRANCE_CommonQuery</protocol>
			</service>
						<service>
			<serivcename>CommonQuery1</serivcename>
			<protocol>ENTRANCE_CommonQuery1</protocol>
			</service>
						<service>
			<serivcename>ConstituentPeopleGateINfoQuery</serivcename>
			<protocol>ENTRANCE_ConstituentPeopleGateINfoQuery</protocol>
			</service>
						<service>
			<serivcename>DailyReportNumberQuery</serivcename>
			<protocol>ENTRANCE_DailyReportNumberQuery</protocol>
			</service>
						<service>
			<serivcename>DeptartmentQuery</serivcename>
			<protocol>ENTRANCE_DeptartmentQuery</protocol>
			</service>
						<service>
			<serivcename>FaceAccessLimitsQuery</serivcename>
			<protocol>ENTRANCE_FaceAccessLimitsQuery</protocol>
			</service>
						<service>
			<serivcename>FacePassFluxRecordFlow</serivcename>
			<protocol>ENTRANCE_FacePassFluxRecordFlow</protocol>
			</service>
						<service>
			<serivcename>FaceRecognitionBaseFlow</serivcename>
			<protocol>ENTRANCE_FaceRecognitionBaseFlow</protocol>
			</service>
						<service>
			<serivcename>FaceRecognitionCheckFlow</serivcename>
			<protocol>ENTRANCE_FaceRecognitionCheckFlow</protocol>
			</service>
						<service>
			<serivcename>FaceRecognitionFlow</serivcename>
			<protocol>ENTRANCE_FaceRecognitionFlow</protocol>
			</service>
						<service>
			<serivcename>FaceRecognitionSuccessFlow</serivcename>
			<protocol>ENTRANCE_FaceRecognitionSuccessFlow</protocol>
			</service>
						<service>
			<serivcename>FileDownloadFlow</serivcename>
			<protocol>ENTRANCE_FileDownloadFlow</protocol>
			</service>
						<service>
			<serivcename>GatekeeperCovidControlFlow</serivcename>
			<protocol>ENTRANCE_GatekeeperCovidControlFlow</protocol>
			</service>
						<service>
			<serivcename>GatekeeperNoticeQuery</serivcename>
			<protocol>ENTRANCE_GatekeeperNoticeQuery</protocol>
			</service>
						<service>
			<serivcename>GatekeeperRecordFlow</serivcename>
			<protocol>ENTRANCE_GatekeeperRecordFlow</protocol>
			</service>
						<service>
			<serivcename>GatekeeperTypeQuery</serivcename>
			<protocol>ENTRANCE_GatekeeperTypeQuery</protocol>
			</service>
						<service>
			<serivcename>GetActiveWxPersonInfoByMap</serivcename>
			<protocol>ENTRANCE_GetActiveWxPersonInfoByMap</protocol>
			</service>
						<service>
			<serivcename>GetDeptBaseInfo</serivcename>
			<protocol>ENTRANCE_GetDeptBaseInfo</protocol>
			</service>
						<service>
			<serivcename>GetOssPersonInfoToUpdate</serivcename>
			<protocol>ENTRANCE_GetOssPersonInfoToUpdate</protocol>
			</service>
						<service>
			<serivcename>GetPersonalInfoQuery</serivcename>
			<protocol>ENTRANCE_GetPersonalInfoQuery</protocol>
			</service>
						<service>
			<serivcename>GetPersonBaseInfo</serivcename>
			<protocol>ENTRANCE_GetPersonBaseInfo</protocol>
			</service>
						<service>
			<serivcename>GetPersonBlackListResultByIC</serivcename>
			<protocol>ENTRANCE_GetPersonBlackListResultByIC</protocol>
			</service>
						<service>
			<serivcename>GetPersonNameByAccountInfo</serivcename>
			<protocol>ENTRANCE_GetPersonNameByAccountInfo</protocol>
			</service>
						<service>
			<serivcename>GetPersonPicInfoByIdentityno</serivcename>
			<protocol>ENTRANCE_GetPersonPicInfoByIdentityno</protocol>
			</service>
						<service>
			<serivcename>GetSecurityCodeFlow</serivcename>
			<protocol>ENTRANCE_GetSecurityCodeFlow</protocol>
			</service>
						<service>
			<serivcename>GetTemporaryPersonInfoByDateTime</serivcename>
			<protocol>ENTRANCE_GetTemporaryPersonInfoByDateTime</protocol>
			</service>
						<service>
			<serivcename>GetUserInfoFlow</serivcename>
			<protocol>ENTRANCE_GetUserInfoFlow</protocol>
			</service>
						<service>
			<serivcename>GetVisitedPersonInfoByStr</serivcename>
			<protocol>ENTRANCE_GetVisitedPersonInfoByStr</protocol>
			</service>
						<service>
			<serivcename>InsertTbdiPdiPersonInfo</serivcename>
			<protocol>ENTRANCE_InsertTbdiPdiPersonInfo</protocol>
			</service>
						<service>
			<serivcename>LoginByPhoneFlow</serivcename>
			<protocol>ENTRANCE_LoginByPhoneFlow</protocol>
			</service>
						<service>
			<serivcename>LongTermPersonPicSyn</serivcename>
			<protocol>ENTRANCE_LongTermPersonPicSyn</protocol>
			</service>
						<service>
			<serivcename>LongTermPersonSyn</serivcename>
			<protocol>ENTRANCE_LongTermPersonSyn</protocol>
			</service>
						<service>
			<serivcename>MiniProgramGetPhoneNumberFlow</serivcename>
			<protocol>ENTRANCE_MiniProgramGetPhoneNumberFlow</protocol>
			</service>
						<service>
			<serivcename>MiniProgramRecheckQuery</serivcename>
			<protocol>ENTRANCE_MiniProgramRecheckQuery</protocol>
			</service>
						<service>
			<serivcename>MiniProgramVisitorApproveFlow</serivcename>
			<protocol>ENTRANCE_MiniProgramVisitorApproveFlow</protocol>
			</service>
						<service>
			<serivcename>MiniProgramVisitorQuery</serivcename>
			<protocol>ENTRANCE_MiniProgramVisitorQuery</protocol>
			</service>
						<service>
			<serivcename>MiniProgramVisitorUpdate</serivcename>
			<protocol>ENTRANCE_MiniProgramVisitorUpdate</protocol>
			</service>
						<service>
			<serivcename>OssGetOtherDeptInfo</serivcename>
			<protocol>ENTRANCE_OssGetOtherDeptInfo</protocol>
			</service>
						<service>
			<serivcename>OssGetOtherPersonInfo</serivcename>
			<protocol>ENTRANCE_OssGetOtherPersonInfo</protocol>
			</service>
						<service>
			<serivcename>OssGetPersonFaceByIdentityNo</serivcename>
			<protocol>ENTRANCE_OssGetPersonFaceByIdentityNo</protocol>
			</service>
						<service>
			<serivcename>PassRecordFlow</serivcename>
			<protocol>ENTRANCE_PassRecordFlow</protocol>
			</service>
						<service>
			<serivcename>PeoplePeccancyQuery</serivcename>
			<protocol>ENTRANCE_PeoplePeccancyQuery</protocol>
			</service>
						<service>
			<serivcename>PeriodOnboardUserQuery</serivcename>
			<protocol>ENTRANCE_PeriodOnboardUserQuery</protocol>
			</service>
						<service>
			<serivcename>PersonalBlacklistQuery</serivcename>
			<protocol>ENTRANCE_PersonalBlacklistQuery</protocol>
			</service>
						<service>
			<serivcename>PicDownloadUpdate</serivcename>
			<protocol>ENTRANCE_PicDownloadUpdate</protocol>
			</service>
						<service>
			<serivcename>PicUpdateFailFlow</serivcename>
			<protocol>ENTRANCE_PicUpdateFailFlow</protocol>
			</service>
						<service>
			<serivcename>RecheckNewCardQuery</serivcename>
			<protocol>ENTRANCE_RecheckNewCardQuery</protocol>
			</service>
						<service>
			<serivcename>TelMenuQuery</serivcename>
			<protocol>ENTRANCE_TelMenuQuery</protocol>
			</service>
						<service>
			<serivcename>TempPersonRecordInfo</serivcename>
			<protocol>ENTRANCE_TempPersonRecordInfo</protocol>
			</service>
						<service>
			<serivcename>TotalPlanQuery</serivcename>
			<protocol>ENTRANCE_TotalPlanQuery</protocol>
			</service>
						<service>
			<serivcename>UsersInfoQuery</serivcename>
			<protocol>ENTRANCE_UsersInfoQuery</protocol>
			</service>
						<service>
			<serivcename>UsersInfoUpdate</serivcename>
			<protocol>ENTRANCE_UsersInfoUpdate</protocol>
			</service>
						<service>
			<serivcename>VisitorApproveFlow</serivcename>
			<protocol>ENTRANCE_VisitorApproveFlow</protocol>
			</service>
						<service>
			<serivcename>VisitorApproveQuery</serivcename>
			<protocol>ENTRANCE_VisitorApproveQuery</protocol>
			</service>
						<service>
			<serivcename>VisitorPassportRecordFlow</serivcename>
			<protocol>ENTRANCE_VisitorPassportRecordFlow</protocol>
			</service>
						<service>
			<serivcename>VisitorTypeQuery</serivcename>
			<protocol>ENTRANCE_VisitorTypeQuery</protocol>
			</service>
						<service>
			<serivcename>VisitorUpdate</serivcename>
			<protocol>ENTRANCE_VisitorUpdate</protocol>
			</service>
						<service>
			<serivcename>WXOpenIdQuery</serivcename>
			<protocol>ENTRANCE_WXOpenIdQuery</protocol>
			</service>
						<service>
			<serivcename>ZABWUserInfoQuery</serivcename>
			<protocol>ENTRANCE_ZABWUserInfoQuery</protocol>
			</service>
							</services>
	</servicesystem>
</servicesystems>