<?xml version="1.0" encoding="UTF-8"?>
<servicesystems>
	<servicesystem>
		<serviceSystemName>FGQLCSYS</serviceSystemName>
		<serviceSystemDesc>废钢全流程系统</serviceSystemDesc>
		<hostName/>
		<hostIp/>
		<status>add</status>
		
		<protocols>
								<protocol>FGQLCSYS_FgqlcGysfxCyJxlQuery</protocol>
						<protocol>FGQLCSYS_FgqlcGysfxGpzGysGhRatioQuery</protocol>
						<protocol>FGQLCSYS_FgqlcGysfxJjCountQuery</protocol>
						<protocol>FGQLCSYS_FgqlcGysfxKdjCountQuery</protocol>
						<protocol>FGQLCSYS_FgqlcGysfxKzCountQuery</protocol>
						<protocol>FGQLCSYS_FgqlcGysfxQyJxlQuery</protocol>
						<protocol>FGQLCSYS_FgqlcGysfxSupplierEvaluateQuery</protocol>
						<protocol>FGQLCSYS_FgqlcGysfxTotalJxlQuery</protocol>
						<protocol>FGQLCSYS_FgqlcGysfxXcsdCountQuery</protocol>
						<protocol>FGQLCSYS_FgqlcMainPageLgcKcQuery</protocol>
						<protocol>FGQLCSYS_FgqlcYsfxCheckCountQuery</protocol>
						<protocol>FGQLCSYS_FgqlcYsfxJjCompareQuery</protocol>
						<protocol>FGQLCSYS_FgqlcYsfxKdjCompareQuery</protocol>
						<protocol>FGQLCSYS_FgqlcYsfxKzCompareQuery</protocol>
						<protocol>FGQLCSYS_FgqlcYsfxYsgJjAnalysisQuery</protocol>
						<protocol>FGQLCSYS_FgqlcYsfxYsgKzAnalysisQuery</protocol>
						<protocol>FGQLCSYS_FgqlcYsfxYsgSupplierJjRatioQuery</protocol>
						<protocol>FGQLCSYS_FgqlcYsfxYsgSupplierKzRatioQuery</protocol>
						<protocol>FGQLCSYS_ZhyyFxgkCommon10Query</protocol>
						<protocol>FGQLCSYS_ZhyyFxgkCommon1Query</protocol>
						<protocol>FGQLCSYS_ZhyyFxgkCommon2Query</protocol>
						<protocol>FGQLCSYS_ZhyyFxgkCommon3Query</protocol>
						<protocol>FGQLCSYS_ZhyyFxgkCommon4Query</protocol>
						<protocol>FGQLCSYS_ZhyyFxgkCommon5Query</protocol>
						<protocol>FGQLCSYS_ZhyyFxgkCommon6Query</protocol>
						<protocol>FGQLCSYS_ZhyyFxgkCommon7Query</protocol>
						<protocol>FGQLCSYS_ZhyyFxgkCommon8Query</protocol>
						<protocol>FGQLCSYS_ZhyyFxgkCommon9Query</protocol>
						<protocol>FGQLCSYS_ZhyyGysCommon10Query</protocol>
						<protocol>FGQLCSYS_ZhyyGysCommon11Query</protocol>
						<protocol>FGQLCSYS_ZhyyGysCommon12Query</protocol>
						<protocol>FGQLCSYS_ZhyyGysCommon13Query</protocol>
						<protocol>FGQLCSYS_ZhyyGysCommon14Query</protocol>
						<protocol>FGQLCSYS_ZhyyGysCommon15Query</protocol>
						<protocol>FGQLCSYS_ZhyyGysCommon16Query</protocol>
						<protocol>FGQLCSYS_ZhyyGysCommon17Query</protocol>
						<protocol>FGQLCSYS_ZhyyGysCommon18Query</protocol>
						<protocol>FGQLCSYS_ZhyyGysCommon19Query</protocol>
						<protocol>FGQLCSYS_ZhyyGysCommon1Query</protocol>
						<protocol>FGQLCSYS_ZhyyGysCommon20Query</protocol>
						<protocol>FGQLCSYS_ZhyyGysCommon21Query</protocol>
						<protocol>FGQLCSYS_ZhyyGysCommon22Query</protocol>
						<protocol>FGQLCSYS_ZhyyGysCommon23Query</protocol>
						<protocol>FGQLCSYS_ZhyyGysCommon24Query</protocol>
						<protocol>FGQLCSYS_ZhyyGysCommon25Query</protocol>
						<protocol>FGQLCSYS_ZhyyGysCommon26Query</protocol>
						<protocol>FGQLCSYS_ZhyyGysCommon27Query</protocol>
						<protocol>FGQLCSYS_ZhyyGysCommon28Query</protocol>
						<protocol>FGQLCSYS_ZhyyGysCommon29Query</protocol>
						<protocol>FGQLCSYS_ZhyyGysCommon2Query</protocol>
						<protocol>FGQLCSYS_ZhyyGysCommon30Query</protocol>
						<protocol>FGQLCSYS_ZhyyGysCommon31Query</protocol>
						<protocol>FGQLCSYS_ZhyyGysCommon32Query</protocol>
						<protocol>FGQLCSYS_ZhyyGysCommon33Query</protocol>
						<protocol>FGQLCSYS_ZhyyGysCommon34Query</protocol>
						<protocol>FGQLCSYS_ZhyyGysCommon35Query</protocol>
						<protocol>FGQLCSYS_ZhyyGysCommon36Query</protocol>
						<protocol>FGQLCSYS_ZhyyGysCommon37Query</protocol>
						<protocol>FGQLCSYS_ZhyyGysCommon38Query</protocol>
						<protocol>FGQLCSYS_ZhyyGysCommon39Query</protocol>
						<protocol>FGQLCSYS_ZhyyGysCommon3Query</protocol>
						<protocol>FGQLCSYS_ZhyyGysCommon40Query</protocol>
						<protocol>FGQLCSYS_ZhyyGysCommon4Query</protocol>
						<protocol>FGQLCSYS_ZhyyGysCommon5Query</protocol>
						<protocol>FGQLCSYS_ZhyyGysCommon6Query</protocol>
						<protocol>FGQLCSYS_ZhyyGysCommon7Query</protocol>
						<protocol>FGQLCSYS_ZhyyGysCommon8Query</protocol>
						<protocol>FGQLCSYS_ZhyyGysCommon9Query</protocol>
						<protocol>FGQLCSYS_ZhyyYjptCommon10Query</protocol>
						<protocol>FGQLCSYS_ZhyyYjptCommon11Query</protocol>
						<protocol>FGQLCSYS_ZhyyYjptCommon12Query</protocol>
						<protocol>FGQLCSYS_ZhyyYjptCommon13Query</protocol>
						<protocol>FGQLCSYS_ZhyyYjptCommon14Query</protocol>
						<protocol>FGQLCSYS_ZhyyYjptCommon15Query</protocol>
						<protocol>FGQLCSYS_ZhyyYjptCommon16Query</protocol>
						<protocol>FGQLCSYS_ZhyyYjptCommon17Query</protocol>
						<protocol>FGQLCSYS_ZhyyYjptCommon18Query</protocol>
						<protocol>FGQLCSYS_ZhyyYjptCommon19Query</protocol>
						<protocol>FGQLCSYS_ZhyyYjptCommon1Query</protocol>
						<protocol>FGQLCSYS_ZhyyYjptCommon20Query</protocol>
						<protocol>FGQLCSYS_ZhyyYjptCommon2Query</protocol>
						<protocol>FGQLCSYS_ZhyyYjptCommon3Query</protocol>
						<protocol>FGQLCSYS_ZhyyYjptCommon4Query</protocol>
						<protocol>FGQLCSYS_ZhyyYjptCommon5Query</protocol>
						<protocol>FGQLCSYS_ZhyyYjptCommon6Query</protocol>
						<protocol>FGQLCSYS_ZhyyYjptCommon7Query</protocol>
						<protocol>FGQLCSYS_ZhyyYjptCommon8Query</protocol>
						<protocol>FGQLCSYS_ZhyyYjptCommon9Query</protocol>
						<protocol>FGQLCSYS_ZhyyZzhxCommon10Query</protocol>
						<protocol>FGQLCSYS_ZhyyZzhxCommon11Query</protocol>
						<protocol>FGQLCSYS_ZhyyZzhxCommon12Query</protocol>
						<protocol>FGQLCSYS_ZhyyZzhxCommon13Query</protocol>
						<protocol>FGQLCSYS_ZhyyZzhxCommon14Query</protocol>
						<protocol>FGQLCSYS_ZhyyZzhxCommon15Query</protocol>
						<protocol>FGQLCSYS_ZhyyZzhxCommon1Query</protocol>
						<protocol>FGQLCSYS_ZhyyZzhxCommon2Query</protocol>
						<protocol>FGQLCSYS_ZhyyZzhxCommon3Query</protocol>
						<protocol>FGQLCSYS_ZhyyZzhxCommon4Query</protocol>
						<protocol>FGQLCSYS_ZhyyZzhxCommon5Query</protocol>
						<protocol>FGQLCSYS_ZhyyZzhxCommon6Query</protocol>
						<protocol>FGQLCSYS_ZhyyZzhxCommon7Query</protocol>
						<protocol>FGQLCSYS_ZhyyZzhxCommon8Query</protocol>
						<protocol>FGQLCSYS_ZhyyZzhxCommon9Query</protocol>
							</protocols>
		
		<params>
				</params>
		<services>
								<service>
			<serivcename>FgqlcGysfxCyJxlQuery</serivcename>
			<protocol>FGQLCSYS_FgqlcGysfxCyJxlQuery</protocol>
			</service>
						<service>
			<serivcename>FgqlcGysfxGpzGysGhRatioQuery</serivcename>
			<protocol>FGQLCSYS_FgqlcGysfxGpzGysGhRatioQuery</protocol>
			</service>
						<service>
			<serivcename>FgqlcGysfxJjCountQuery</serivcename>
			<protocol>FGQLCSYS_FgqlcGysfxJjCountQuery</protocol>
			</service>
						<service>
			<serivcename>FgqlcGysfxKdjCountQuery</serivcename>
			<protocol>FGQLCSYS_FgqlcGysfxKdjCountQuery</protocol>
			</service>
						<service>
			<serivcename>FgqlcGysfxKzCountQuery</serivcename>
			<protocol>FGQLCSYS_FgqlcGysfxKzCountQuery</protocol>
			</service>
						<service>
			<serivcename>FgqlcGysfxQyJxlQuery</serivcename>
			<protocol>FGQLCSYS_FgqlcGysfxQyJxlQuery</protocol>
			</service>
						<service>
			<serivcename>FgqlcGysfxSupplierEvaluateQuery</serivcename>
			<protocol>FGQLCSYS_FgqlcGysfxSupplierEvaluateQuery</protocol>
			</service>
						<service>
			<serivcename>FgqlcGysfxTotalJxlQuery</serivcename>
			<protocol>FGQLCSYS_FgqlcGysfxTotalJxlQuery</protocol>
			</service>
						<service>
			<serivcename>FgqlcGysfxXcsdCountQuery</serivcename>
			<protocol>FGQLCSYS_FgqlcGysfxXcsdCountQuery</protocol>
			</service>
						<service>
			<serivcename>FgqlcMainPageLgcKcQuery</serivcename>
			<protocol>FGQLCSYS_FgqlcMainPageLgcKcQuery</protocol>
			</service>
						<service>
			<serivcename>FgqlcYsfxCheckCountQuery</serivcename>
			<protocol>FGQLCSYS_FgqlcYsfxCheckCountQuery</protocol>
			</service>
						<service>
			<serivcename>FgqlcYsfxJjCompareQuery</serivcename>
			<protocol>FGQLCSYS_FgqlcYsfxJjCompareQuery</protocol>
			</service>
						<service>
			<serivcename>FgqlcYsfxKdjCompareQuery</serivcename>
			<protocol>FGQLCSYS_FgqlcYsfxKdjCompareQuery</protocol>
			</service>
						<service>
			<serivcename>FgqlcYsfxKzCompareQuery</serivcename>
			<protocol>FGQLCSYS_FgqlcYsfxKzCompareQuery</protocol>
			</service>
						<service>
			<serivcename>FgqlcYsfxYsgJjAnalysisQuery</serivcename>
			<protocol>FGQLCSYS_FgqlcYsfxYsgJjAnalysisQuery</protocol>
			</service>
						<service>
			<serivcename>FgqlcYsfxYsgKzAnalysisQuery</serivcename>
			<protocol>FGQLCSYS_FgqlcYsfxYsgKzAnalysisQuery</protocol>
			</service>
						<service>
			<serivcename>FgqlcYsfxYsgSupplierJjRatioQuery</serivcename>
			<protocol>FGQLCSYS_FgqlcYsfxYsgSupplierJjRatioQuery</protocol>
			</service>
						<service>
			<serivcename>FgqlcYsfxYsgSupplierKzRatioQuery</serivcename>
			<protocol>FGQLCSYS_FgqlcYsfxYsgSupplierKzRatioQuery</protocol>
			</service>
						<service>
			<serivcename>ZhyyFxgkCommon10Query</serivcename>
			<protocol>FGQLCSYS_ZhyyFxgkCommon10Query</protocol>
			</service>
						<service>
			<serivcename>ZhyyFxgkCommon1Query</serivcename>
			<protocol>FGQLCSYS_ZhyyFxgkCommon1Query</protocol>
			</service>
						<service>
			<serivcename>ZhyyFxgkCommon2Query</serivcename>
			<protocol>FGQLCSYS_ZhyyFxgkCommon2Query</protocol>
			</service>
						<service>
			<serivcename>ZhyyFxgkCommon3Query</serivcename>
			<protocol>FGQLCSYS_ZhyyFxgkCommon3Query</protocol>
			</service>
						<service>
			<serivcename>ZhyyFxgkCommon4Query</serivcename>
			<protocol>FGQLCSYS_ZhyyFxgkCommon4Query</protocol>
			</service>
						<service>
			<serivcename>ZhyyFxgkCommon5Query</serivcename>
			<protocol>FGQLCSYS_ZhyyFxgkCommon5Query</protocol>
			</service>
						<service>
			<serivcename>ZhyyFxgkCommon6Query</serivcename>
			<protocol>FGQLCSYS_ZhyyFxgkCommon6Query</protocol>
			</service>
						<service>
			<serivcename>ZhyyFxgkCommon7Query</serivcename>
			<protocol>FGQLCSYS_ZhyyFxgkCommon7Query</protocol>
			</service>
						<service>
			<serivcename>ZhyyFxgkCommon8Query</serivcename>
			<protocol>FGQLCSYS_ZhyyFxgkCommon8Query</protocol>
			</service>
						<service>
			<serivcename>ZhyyFxgkCommon9Query</serivcename>
			<protocol>FGQLCSYS_ZhyyFxgkCommon9Query</protocol>
			</service>
						<service>
			<serivcename>ZhyyGysCommon10Query</serivcename>
			<protocol>FGQLCSYS_ZhyyGysCommon10Query</protocol>
			</service>
						<service>
			<serivcename>ZhyyGysCommon11Query</serivcename>
			<protocol>FGQLCSYS_ZhyyGysCommon11Query</protocol>
			</service>
						<service>
			<serivcename>ZhyyGysCommon12Query</serivcename>
			<protocol>FGQLCSYS_ZhyyGysCommon12Query</protocol>
			</service>
						<service>
			<serivcename>ZhyyGysCommon13Query</serivcename>
			<protocol>FGQLCSYS_ZhyyGysCommon13Query</protocol>
			</service>
						<service>
			<serivcename>ZhyyGysCommon14Query</serivcename>
			<protocol>FGQLCSYS_ZhyyGysCommon14Query</protocol>
			</service>
						<service>
			<serivcename>ZhyyGysCommon15Query</serivcename>
			<protocol>FGQLCSYS_ZhyyGysCommon15Query</protocol>
			</service>
						<service>
			<serivcename>ZhyyGysCommon16Query</serivcename>
			<protocol>FGQLCSYS_ZhyyGysCommon16Query</protocol>
			</service>
						<service>
			<serivcename>ZhyyGysCommon17Query</serivcename>
			<protocol>FGQLCSYS_ZhyyGysCommon17Query</protocol>
			</service>
						<service>
			<serivcename>ZhyyGysCommon18Query</serivcename>
			<protocol>FGQLCSYS_ZhyyGysCommon18Query</protocol>
			</service>
						<service>
			<serivcename>ZhyyGysCommon19Query</serivcename>
			<protocol>FGQLCSYS_ZhyyGysCommon19Query</protocol>
			</service>
						<service>
			<serivcename>ZhyyGysCommon1Query</serivcename>
			<protocol>FGQLCSYS_ZhyyGysCommon1Query</protocol>
			</service>
						<service>
			<serivcename>ZhyyGysCommon20Query</serivcename>
			<protocol>FGQLCSYS_ZhyyGysCommon21Query</protocol>
			</service>
						<service>
			<serivcename>ZhyyGysCommon21Query</serivcename>
			<protocol>FGQLCSYS_ZhyyGysCommon21Query</protocol>
			</service>
						<service>
			<serivcename>ZhyyGysCommon22Query</serivcename>
			<protocol>FGQLCSYS_ZhyyGysCommon22Query</protocol>
			</service>
						<service>
			<serivcename>ZhyyGysCommon23Query</serivcename>
			<protocol>FGQLCSYS_ZhyyGysCommon23Query</protocol>
			</service>
						<service>
			<serivcename>ZhyyGysCommon24Query</serivcename>
			<protocol>FGQLCSYS_ZhyyGysCommon24Query</protocol>
			</service>
						<service>
			<serivcename>ZhyyGysCommon25Query</serivcename>
			<protocol>FGQLCSYS_ZhyyGysCommon25Query</protocol>
			</service>
						<service>
			<serivcename>ZhyyGysCommon26Query</serivcename>
			<protocol>FGQLCSYS_ZhyyGysCommon26Query</protocol>
			</service>
						<service>
			<serivcename>ZhyyGysCommon27Query</serivcename>
			<protocol>FGQLCSYS_ZhyyGysCommon27Query</protocol>
			</service>
						<service>
			<serivcename>ZhyyGysCommon28Query</serivcename>
			<protocol>FGQLCSYS_ZhyyGysCommon28Query</protocol>
			</service>
						<service>
			<serivcename>ZhyyGysCommon29Query</serivcename>
			<protocol>FGQLCSYS_ZhyyGysCommon29Query</protocol>
			</service>
						<service>
			<serivcename>ZhyyGysCommon2Query</serivcename>
			<protocol>FGQLCSYS_ZhyyGysCommon2Query</protocol>
			</service>
						<service>
			<serivcename>ZhyyGysCommon30Query</serivcename>
			<protocol>FGQLCSYS_ZhyyGysCommon30Query</protocol>
			</service>
						<service>
			<serivcename>ZhyyGysCommon31Query</serivcename>
			<protocol>FGQLCSYS_ZhyyGysCommon31Query</protocol>
			</service>
						<service>
			<serivcename>ZhyyGysCommon32Query</serivcename>
			<protocol>FGQLCSYS_ZhyyGysCommon32Query</protocol>
			</service>
						<service>
			<serivcename>ZhyyGysCommon33Query</serivcename>
			<protocol>FGQLCSYS_ZhyyGysCommon33Query</protocol>
			</service>
						<service>
			<serivcename>ZhyyGysCommon34Query</serivcename>
			<protocol>FGQLCSYS_ZhyyGysCommon34Query</protocol>
			</service>
						<service>
			<serivcename>ZhyyGysCommon35Query</serivcename>
			<protocol>FGQLCSYS_ZhyyGysCommon35Query</protocol>
			</service>
						<service>
			<serivcename>ZhyyGysCommon36Query</serivcename>
			<protocol>FGQLCSYS_ZhyyGysCommon36Query</protocol>
			</service>
						<service>
			<serivcename>ZhyyGysCommon37Query</serivcename>
			<protocol>FGQLCSYS_ZhyyGysCommon37Query</protocol>
			</service>
						<service>
			<serivcename>ZhyyGysCommon38Query</serivcename>
			<protocol>FGQLCSYS_ZhyyGysCommon38Query</protocol>
			</service>
						<service>
			<serivcename>ZhyyGysCommon39Query</serivcename>
			<protocol>FGQLCSYS_ZhyyGysCommon39Query</protocol>
			</service>
						<service>
			<serivcename>ZhyyGysCommon3Query</serivcename>
			<protocol>FGQLCSYS_ZhyyGysCommon3Query</protocol>
			</service>
						<service>
			<serivcename>ZhyyGysCommon40Query</serivcename>
			<protocol>FGQLCSYS_ZhyyGysCommon40Query</protocol>
			</service>
						<service>
			<serivcename>ZhyyGysCommon4Query</serivcename>
			<protocol>FGQLCSYS_ZhyyGysCommon4Query</protocol>
			</service>
						<service>
			<serivcename>ZhyyGysCommon5Query</serivcename>
			<protocol>FGQLCSYS_ZhyyGysCommon5Query</protocol>
			</service>
						<service>
			<serivcename>ZhyyGysCommon6Query</serivcename>
			<protocol>FGQLCSYS_ZhyyGysCommon6Query</protocol>
			</service>
						<service>
			<serivcename>ZhyyGysCommon7Query</serivcename>
			<protocol>FGQLCSYS_ZhyyGysCommon7Query</protocol>
			</service>
						<service>
			<serivcename>ZhyyGysCommon8Query</serivcename>
			<protocol>FGQLCSYS_ZhyyGysCommon8Query</protocol>
			</service>
						<service>
			<serivcename>ZhyyGysCommon9Query</serivcename>
			<protocol>FGQLCSYS_ZhyyYjptCommon9Query</protocol>
			</service>
						<service>
			<serivcename>ZhyyYjptCommon10Query</serivcename>
			<protocol>FGQLCSYS_ZhyyYjptCommon10Query</protocol>
			</service>
						<service>
			<serivcename>ZhyyYjptCommon11Query</serivcename>
			<protocol>FGQLCSYS_ZhyyYjptCommon11Query</protocol>
			</service>
						<service>
			<serivcename>ZhyyYjptCommon12Query</serivcename>
			<protocol>FGQLCSYS_ZhyyYjptCommon12Query</protocol>
			</service>
						<service>
			<serivcename>ZhyyYjptCommon13Query</serivcename>
			<protocol>FGQLCSYS_ZhyyYjptCommon13Query</protocol>
			</service>
						<service>
			<serivcename>ZhyyYjptCommon14Query</serivcename>
			<protocol>FGQLCSYS_ZhyyYjptCommon14Query</protocol>
			</service>
						<service>
			<serivcename>ZhyyYjptCommon15Query</serivcename>
			<protocol>FGQLCSYS_ZhyyYjptCommon15Query</protocol>
			</service>
						<service>
			<serivcename>ZhyyYjptCommon16Query</serivcename>
			<protocol>FGQLCSYS_ZhyyYjptCommon16Query</protocol>
			</service>
						<service>
			<serivcename>ZhyyYjptCommon17Query</serivcename>
			<protocol>FGQLCSYS_ZhyyYjptCommon17Query</protocol>
			</service>
						<service>
			<serivcename>ZhyyYjptCommon18Query</serivcename>
			<protocol>FGQLCSYS_ZhyyYjptCommon18Query</protocol>
			</service>
						<service>
			<serivcename>ZhyyYjptCommon19Query</serivcename>
			<protocol>FGQLCSYS_ZhyyYjptCommon19Query</protocol>
			</service>
						<service>
			<serivcename>ZhyyYjptCommon1Query</serivcename>
			<protocol>FGQLCSYS_ZhyyYjptCommon1Query</protocol>
			</service>
						<service>
			<serivcename>ZhyyYjptCommon20Query</serivcename>
			<protocol>FGQLCSYS_ZhyyYjptCommon20Query</protocol>
			</service>
						<service>
			<serivcename>ZhyyYjptCommon2Query</serivcename>
			<protocol>FGQLCSYS_ZhyyYjptCommon2Query</protocol>
			</service>
						<service>
			<serivcename>ZhyyYjptCommon3Query</serivcename>
			<protocol>FGQLCSYS_ZhyyYjptCommon3Query</protocol>
			</service>
						<service>
			<serivcename>ZhyyYjptCommon4Query</serivcename>
			<protocol>FGQLCSYS_ZhyyYjptCommon4Query</protocol>
			</service>
						<service>
			<serivcename>ZhyyYjptCommon5Query</serivcename>
			<protocol>FGQLCSYS_ZhyyYjptCommon5Query</protocol>
			</service>
						<service>
			<serivcename>ZhyyYjptCommon6Query</serivcename>
			<protocol>FGQLCSYS_ZhyyYjptCommon6Query</protocol>
			</service>
						<service>
			<serivcename>ZhyyYjptCommon7Query</serivcename>
			<protocol>FGQLCSYS_ZhyyYjptCommon7Query</protocol>
			</service>
						<service>
			<serivcename>ZhyyYjptCommon8Query</serivcename>
			<protocol>FGQLCSYS_ZhyyYjptCommon8Query</protocol>
			</service>
						<service>
			<serivcename>ZhyyYjptCommon9Query</serivcename>
			<protocol>FGQLCSYS_ZhyyYjptCommon9Query</protocol>
			</service>
						<service>
			<serivcename>ZhyyZzhxCommon10Query</serivcename>
			<protocol>FGQLCSYS_ZhyyZzhxCommon10Query</protocol>
			</service>
						<service>
			<serivcename>ZhyyZzhxCommon11Query</serivcename>
			<protocol>FGQLCSYS_ZhyyZzhxCommon11Query</protocol>
			</service>
						<service>
			<serivcename>ZhyyZzhxCommon12Query</serivcename>
			<protocol>FGQLCSYS_ZhyyZzhxCommon12Query</protocol>
			</service>
						<service>
			<serivcename>ZhyyZzhxCommon13Query</serivcename>
			<protocol>FGQLCSYS_ZhyyZzhxCommon13Query</protocol>
			</service>
						<service>
			<serivcename>ZhyyZzhxCommon14Query</serivcename>
			<protocol>FGQLCSYS_ZhyyZzhxCommon14Query</protocol>
			</service>
						<service>
			<serivcename>ZhyyZzhxCommon15Query</serivcename>
			<protocol>FGQLCSYS_ZhyyZzhxCommon15Query</protocol>
			</service>
						<service>
			<serivcename>ZhyyZzhxCommon1Query</serivcename>
			<protocol>FGQLCSYS_ZhyyZzhxCommon1Query</protocol>
			</service>
						<service>
			<serivcename>ZhyyZzhxCommon2Query</serivcename>
			<protocol>FGQLCSYS_ZhyyZzhxCommon2Query</protocol>
			</service>
						<service>
			<serivcename>ZhyyZzhxCommon3Query</serivcename>
			<protocol>FGQLCSYS_ZhyyZzhxCommon3Query</protocol>
			</service>
						<service>
			<serivcename>ZhyyZzhxCommon4Query</serivcename>
			<protocol>FGQLCSYS_ZhyyZzhxCommon4Query</protocol>
			</service>
						<service>
			<serivcename>ZhyyZzhxCommon5Query</serivcename>
			<protocol>FGQLCSYS_ZhyyZzhxCommon5Query</protocol>
			</service>
						<service>
			<serivcename>ZhyyZzhxCommon6Query</serivcename>
			<protocol>FGQLCSYS_ZhyyZzhxCommon6Query</protocol>
			</service>
						<service>
			<serivcename>ZhyyZzhxCommon7Query</serivcename>
			<protocol>FGQLCSYS_ZhyyZzhxCommon7Query</protocol>
			</service>
						<service>
			<serivcename>ZhyyZzhxCommon8Query</serivcename>
			<protocol>FGQLCSYS_ZhyyZzhxCommon8Query</protocol>
			</service>
						<service>
			<serivcename>ZhyyZzhxCommon9Query</serivcename>
			<protocol>FGQLCSYS_ZhyyZzhxCommon9Query</protocol>
			</service>
							</services>
	</servicesystem>
</servicesystems>