<?xml version="1.0" encoding="UTF-8"?>
<servicesystems>
	<servicesystem>
		<serviceSystemName>GPDB</serviceSystemName>
		<serviceSystemDesc>GP数据库</serviceSystemDesc>
		<hostName/>
		<hostIp/>
		<status>add</status>
		
		<protocols>
								<protocol>GPDB_IronMonthPlanQuery</protocol>
						<protocol>GPDB_ZhyyLogBcInvWhDistQuery</protocol>
						<protocol>GPDB_ZhyyLogCcInvWhDistQuery</protocol>
						<protocol>GPDB_ZhyyLogZbTcxtMtswQuery</protocol>
						<protocol>GPDB_ZhyyMobileMasMoltenIronQltyQuery</protocol>
						<protocol>GPDB_ZhyyMobileMasMoltenIronQltyYt1lQuery</protocol>
						<protocol>GPDB_ZhyyMobileMasRawSteelPassRateBangcQuery</protocol>
						<protocol>GPDB_ZhyyMobileMasRawSteelPassRateBcQuery</protocol>
						<protocol>GPDB_ZhyyMobileMasRawSteelPassRateDbQuery</protocol>
						<protocol>GPDB_ZhyyMobileMasRawSteelPassRateElgQuery</protocol>
						<protocol>GPDB_ZhyyMobileMasRawSteelPassRateFjpQuery</protocol>
						<protocol>GPDB_ZhyyMobileMasRawSteelPassRateGxQuery</protocol>
						<protocol>GPDB_ZhyyMobileMasRawSteelPassRateKhbQuery</protocol>
						<protocol>GPDB_ZhyyMobileMasRawSteelPassRateQuery</protocol>
						<protocol>GPDB_ZhyyMobileMasRawSteelPassRateSlgQuery</protocol>
						<protocol>GPDB_ZhyyMobileMasRawSteelPassRateTdQuery</protocol>
						<protocol>GPDB_ZhyyMobileMasRawSteelPassRateXbQuery</protocol>
						<protocol>GPDB_ZhyyMobileMasRawSteelPassRateYlgQuery</protocol>
						<protocol>GPDB_ZhyyMobileMasRawSteelPassRateZbQuery</protocol>
						<protocol>GPDB_ZhyyMobileMasRawSteelPassRateZbangQuery</protocol>
						<protocol>GPDB_ZhyyMobileMasRawSteelPassRateZhbQuery</protocol>
						<protocol>GPDB_ZhyyMobileMtrlPurPassRateMjQuery</protocol>
						<protocol>GPDB_ZhyyMobilePurAttachEquYearPurAmountQuery</protocol>
						<protocol>GPDB_ZhyyMobilePurAuxMaterYearPurAmountQuery</protocol>
						<protocol>GPDB_ZhyyMobilePurMaterFinaInventoryQuery</protocol>
						<protocol>GPDB_ZhyyMobilePurMonthAvgDemurrageTrendQuery</protocol>
						<protocol>GPDB_ZhyyMobilePurSparePartYearPurEfficQuery</protocol>
						<protocol>GPDB_ZhyyMobilePurSupplierCustPortraitQuery</protocol>
						<protocol>GPDB_ZhyyMobilePurTrainTimeoutPriceQuery</protocol>
						<protocol>GPDB_ZhyyYlCoalSiloStorageAlarmGeneralQuery</protocol>
							</protocols>
		
		<params>
								<param>
			<paramname/>
			<paramvalue/>
			<paramdesc/>
			</param>
							</params>
		<services>
								<service>
			<serivcename>IronMonthPlanQuery</serivcename>
			<protocol>GPDB_IronMonthPlanQuery</protocol>
			</service>
						<service>
			<serivcename>ZhyyLogBcInvWhDistQuery</serivcename>
			<protocol>GPDB_ZhyyLogBcInvWhDistQuery</protocol>
			</service>
						<service>
			<serivcename>ZhyyLogCcInvWhDistQuery</serivcename>
			<protocol>GPDB_ZhyyLogCcInvWhDistQuery</protocol>
			</service>
						<service>
			<serivcename>ZhyyLogZbTcxtMtswQuery</serivcename>
			<protocol>GPDB_ZhyyLogZbTcxtMtswQuery</protocol>
			</service>
						<service>
			<serivcename>ZhyyMobileMasMoltenIronQltyQuery</serivcename>
			<protocol>GPDB_ZhyyMobileMasMoltenIronQltyQuery</protocol>
			</service>
						<service>
			<serivcename>ZhyyMobileMasMoltenIronQltyYt1lQuery</serivcename>
			<protocol>GPDB_ZhyyMobileMasMoltenIronQltyYt1lQuery</protocol>
			</service>
						<service>
			<serivcename>ZhyyMobileMasRawSteelPassRateBangcQuery</serivcename>
			<protocol>GPDB_ZhyyMobileMasRawSteelPassRateBangcQuery</protocol>
			</service>
						<service>
			<serivcename>ZhyyMobileMasRawSteelPassRateBcQuery</serivcename>
			<protocol>GPDB_ZhyyMobileMasRawSteelPassRateBcQuery</protocol>
			</service>
						<service>
			<serivcename>ZhyyMobileMasRawSteelPassRateDbQuery</serivcename>
			<protocol>GPDB_ZhyyMobileMasRawSteelPassRateDbQuery</protocol>
			</service>
						<service>
			<serivcename>ZhyyMobileMasRawSteelPassRateElgQuery</serivcename>
			<protocol>GPDB_ZhyyMobileMasRawSteelPassRateElgQuery</protocol>
			</service>
						<service>
			<serivcename>ZhyyMobileMasRawSteelPassRateFjpQuery</serivcename>
			<protocol>GPDB_ZhyyMobileMasRawSteelPassRateFjpQuery</protocol>
			</service>
						<service>
			<serivcename>ZhyyMobileMasRawSteelPassRateGxQuery</serivcename>
			<protocol>GPDB_ZhyyMobileMasRawSteelPassRateGxQuery</protocol>
			</service>
						<service>
			<serivcename>ZhyyMobileMasRawSteelPassRateKhbQuery</serivcename>
			<protocol>GPDB_ZhyyMobileMasRawSteelPassRateKhbQuery</protocol>
			</service>
						<service>
			<serivcename>ZhyyMobileMasRawSteelPassRateQuery</serivcename>
			<protocol>GPDB_ZhyyMobileMasRawSteelPassRateQuery</protocol>
			</service>
						<service>
			<serivcename>ZhyyMobileMasRawSteelPassRateSlgQuery</serivcename>
			<protocol>GPDB_ZhyyMobileMasRawSteelPassRateSlgQuery</protocol>
			</service>
						<service>
			<serivcename>ZhyyMobileMasRawSteelPassRateTdQuery</serivcename>
			<protocol>GPDB_ZhyyMobileMasRawSteelPassRateTdQuery</protocol>
			</service>
						<service>
			<serivcename>ZhyyMobileMasRawSteelPassRateXbQuery</serivcename>
			<protocol>GPDB_ZhyyMobileMasRawSteelPassRateXbQuery</protocol>
			</service>
						<service>
			<serivcename>ZhyyMobileMasRawSteelPassRateYlgQuery</serivcename>
			<protocol>GPDB_ZhyyMobileMasRawSteelPassRateYlgQuery</protocol>
			</service>
						<service>
			<serivcename>ZhyyMobileMasRawSteelPassRateZbangQuery</serivcename>
			<protocol>GPDB_ZhyyMobilePurMonthAvgDemurrageTrendQuery</protocol>
			</service>
						<service>
			<serivcename>ZhyyMobileMasRawSteelPassRateZbQuery</serivcename>
			<protocol>GPDB_ZhyyMobileMasRawSteelPassRateZbQuery</protocol>
			</service>
						<service>
			<serivcename>ZhyyMobileMasRawSteelPassRateZhbQuery</serivcename>
			<protocol>GPDB_ZhyyMobileMasRawSteelPassRateZhbQuery</protocol>
			</service>
						<service>
			<serivcename>ZhyyMobileMtrlPurPassRateMjQuery</serivcename>
			<protocol>GPDB_ZhyyMobileMtrlPurPassRateMjQuery</protocol>
			</service>
						<service>
			<serivcename>ZhyyMobilePurAttachEquYearPurAmountQuery</serivcename>
			<protocol>GPDB_ZhyyMobilePurAttachEquYearPurAmountQuery</protocol>
			</service>
						<service>
			<serivcename>ZhyyMobilePurAuxMaterYearPurAmountQuery</serivcename>
			<protocol>GPDB_ZhyyMobilePurAuxMaterYearPurAmountQuery</protocol>
			</service>
						<service>
			<serivcename>ZhyyMobilePurMaterFinaInventoryQuery</serivcename>
			<protocol>GPDB_ZhyyMobilePurMaterFinaInventoryQuery</protocol>
			</service>
						<service>
			<serivcename>ZhyyMobilePurMonthAvgDemurrageTrendQuery</serivcename>
			<protocol>GPDB_ZhyyMobilePurMonthAvgDemurrageTrendQuery</protocol>
			</service>
						<service>
			<serivcename>ZhyyMobilePurSparePartYearPurEfficQuery</serivcename>
			<protocol>GPDB_ZhyyMobilePurSparePartYearPurEfficQuery</protocol>
			</service>
						<service>
			<serivcename>ZhyyMobilePurSupplierCustPortraitQuery</serivcename>
			<protocol>GPDB_ZhyyMobilePurSupplierCustPortraitQuery</protocol>
			</service>
						<service>
			<serivcename>ZhyyMobilePurTrainTimeoutPriceQuery</serivcename>
			<protocol>GPDB_ZhyyMobilePurTrainTimeoutPriceQuery</protocol>
			</service>
						<service>
			<serivcename>ZhyyYlCoalSiloStorageAlarmGeneralQuery</serivcename>
			<protocol>GPDB_ZhyyYlCoalSiloStorageAlarmGeneralQuery</protocol>
			</service>
							</services>
	</servicesystem>
</servicesystems>