<?xml version="1.0" encoding="UTF-8"?>
<servicesystems>
	<servicesystem>
		<serviceSystemName>GYLJR</serviceSystemName>
		<serviceSystemDesc>供应链金融系统</serviceSystemDesc>
		<hostName/>
		<hostIp/>
		<status>add</status>
		
		<protocols>
								<protocol>GYLJR_LetterDecryptBack</protocol>
						<protocol>GYLJR_LetterEncryptBack</protocol>
						<protocol>GYLJR_LetterRollbackCheck</protocol>
						<protocol>GYLJR_LetterUpdateStatus</protocol>
						<protocol>GYLJR_LoanCheckStatus</protocol>
						<protocol>GYLJR_LoanGetSupplierHistoryTenderInfos</protocol>
						<protocol>GYLJR_LoanGetTenderContractInfos</protocol>
						<protocol>GYLJR_LoanOtherApply</protocol>
						<protocol>GYLJR_LoanUpdateStatus</protocol>
						<protocol>GYLJR_PaymentCheckStatus</protocol>
						<protocol>GYLJR_PaymentGetInfoList</protocol>
						<protocol>GYLJR_PaymentGetPaymentList</protocol>
						<protocol>GYLJR_PaymentGetStatus</protocol>
						<protocol>GYLJR_PaymentOtherApply</protocol>
						<protocol>GYLJR_PaymentUpdateStatus</protocol>
						<protocol>GYLJR_TokenGet</protocol>
							</protocols>
		
		<params>
				</params>
		<services>
								<service>
			<serivcename>LetterDecryptBack</serivcename>
			<protocol>GYLJR_LetterDecryptBack</protocol>
			</service>
						<service>
			<serivcename>LetterEncryptBack</serivcename>
			<protocol>GYLJR_LetterEncryptBack</protocol>
			</service>
						<service>
			<serivcename>LetterRollbackCheck</serivcename>
			<protocol>GYLJR_LetterRollbackCheck</protocol>
			</service>
						<service>
			<serivcename>LetterUpdateStatus</serivcename>
			<protocol>GYLJR_LetterUpdateStatus</protocol>
			</service>
						<service>
			<serivcename>LoanCheckStatus</serivcename>
			<protocol>GYLJR_LoanCheckStatus</protocol>
			</service>
						<service>
			<serivcename>LoanGetSupplierHistoryTenderInfos</serivcename>
			<protocol>GYLJR_LoanGetSupplierHistoryTenderInfos</protocol>
			</service>
						<service>
			<serivcename>LoanGetTenderContractInfos</serivcename>
			<protocol>GYLJR_LoanGetTenderContractInfos</protocol>
			</service>
						<service>
			<serivcename>LoanOtherApply</serivcename>
			<protocol>GYLJR_LoanOtherApply</protocol>
			</service>
						<service>
			<serivcename>LoanUpdateStatus</serivcename>
			<protocol>GYLJR_LoanUpdateStatus</protocol>
			</service>
						<service>
			<serivcename>PaymentCheckStatus</serivcename>
			<protocol>GYLJR_PaymentCheckStatus</protocol>
			</service>
						<service>
			<serivcename>PaymentGetInfoList</serivcename>
			<protocol>GYLJR_PaymentGetInfoList</protocol>
			</service>
						<service>
			<serivcename>PaymentGetPaymentList</serivcename>
			<protocol>GYLJR_PaymentGetPaymentList</protocol>
			</service>
						<service>
			<serivcename>PaymentGetStatus</serivcename>
			<protocol>GYLJR_PaymentGetStatus</protocol>
			</service>
						<service>
			<serivcename>PaymentOtherApply</serivcename>
			<protocol>GYLJR_PaymentOtherApply</protocol>
			</service>
						<service>
			<serivcename>PaymentUpdateStatus</serivcename>
			<protocol>GYLJR_PaymentUpdateStatus</protocol>
			</service>
						<service>
			<serivcename>TokenGet</serivcename>
			<protocol>GYLJR_TokenGet</protocol>
			</service>
							</services>
	</servicesystem>
</servicesystems>