<?xml version="1.0" encoding="UTF-8"?>
<servicesystems>
	<servicesystem>
		<serviceSystemName>JHHBCBGL</serviceSystemName>
		<serviceSystemDesc>金瀚环保成本管理系统</serviceSystemDesc>
		<hostName/>
		<hostIp/>
		<status>add</status>
		
		<protocols>
								<protocol>JHHBCBGL_JhhbcbglMobileBasicMeterHourRecordListEleGen</protocol>
						<protocol>JHHBCBGL_JhhbcbglMobileBasicProjectList</protocol>
						<protocol>JHHBCBGL_JhhbcbglMobileBasicScheduleList</protocol>
						<protocol>JHHBCBGL_JhhbcbglMobileBasicShiftList</protocol>
						<protocol>JHHBCBGL_JhhbcbglMobileBasicTeamList</protocol>
						<protocol>JHHBCBGL_JhhbcbglMobileGetAllProjectActualPlanProfitBoard</protocol>
						<protocol>JHHBCBGL_JhhbcbglMobileGetAllProjectIncomePayBoard</protocol>
						<protocol>JHHBCBGL_JhhbcbglMobileGetHomeWorkAreaType</protocol>
						<protocol>JHHBCBGL_JhhbcbglMobileGetProjectIncomePayBoard</protocol>
						<protocol>JHHBCBGL_JhhbcbglMobileManageWorkContentGet</protocol>
							</protocols>
		
		<params>
				</params>
		<services>
								<service>
			<serivcename>JhhbcbglMobileBasicMeterHourRecordListEleGen</serivcename>
			<protocol>JHHBCBGL_JhhbcbglMobileBasicMeterHourRecordListEleGen</protocol>
			</service>
						<service>
			<serivcename>JhhbcbglMobileBasicProjectList</serivcename>
			<protocol>JHHBCBGL_JhhbcbglMobileBasicProjectList</protocol>
			</service>
						<service>
			<serivcename>JhhbcbglMobileBasicScheduleList</serivcename>
			<protocol>JHHBCBGL_JhhbcbglMobileBasicScheduleList</protocol>
			</service>
						<service>
			<serivcename>JhhbcbglMobileBasicShiftList</serivcename>
			<protocol>JHHBCBGL_JhhbcbglMobileBasicShiftList</protocol>
			</service>
						<service>
			<serivcename>JhhbcbglMobileBasicTeamList</serivcename>
			<protocol>JHHBCBGL_JhhbcbglMobileBasicTeamList</protocol>
			</service>
						<service>
			<serivcename>JhhbcbglMobileGetAllProjectActualPlanProfitBoard</serivcename>
			<protocol>JHHBCBGL_JhhbcbglMobileGetAllProjectActualPlanProfitBoard</protocol>
			</service>
						<service>
			<serivcename>JhhbcbglMobileGetAllProjectIncomePayBoard</serivcename>
			<protocol>JHHBCBGL_JhhbcbglMobileGetAllProjectIncomePayBoard</protocol>
			</service>
						<service>
			<serivcename>JhhbcbglMobileGetHomeWorkAreaType</serivcename>
			<protocol>JHHBCBGL_JhhbcbglMobileGetHomeWorkAreaType</protocol>
			</service>
						<service>
			<serivcename>JhhbcbglMobileGetProjectIncomePayBoard</serivcename>
			<protocol>JHHBCBGL_JhhbcbglMobileGetProjectIncomePayBoard</protocol>
			</service>
						<service>
			<serivcename>JhhbcbglMobileManageWorkContentGet</serivcename>
			<protocol>JHHBCBGL_JhhbcbglMobileManageWorkContentGet</protocol>
			</service>
							</services>
	</servicesystem>
</servicesystems>