<?xml version="1.0" encoding="UTF-8"?>
<servicesystems>
	<servicesystem>
		<serviceSystemName>JHIOT</serviceSystemName>
		<serviceSystemDesc>金恒IOT平台</serviceSystemDesc>
		<hostName/>
		<hostIp/>
		<status>add</status>
		
		<protocols>
								<protocol>JHIOT_TorchUserQuery</protocol>
							</protocols>
		
		<params>
				</params>
		<services>
								<service>
			<serivcename>TorchUserQuery</serivcename>
			<protocol>JHIOT_TorchUserQuery</protocol>
			</service>
							</services>
	</servicesystem>
</servicesystems>