<?xml version="1.0" encoding="UTF-8"?>
<servicesystems>
	<servicesystem>
		<serviceSystemName>JHYDB</serviceSystemName>
		<serviceSystemDesc>检化验系统</serviceSystemDesc>
		<hostName/>
		<hostIp/>
		<status>add</status>
		
		<protocols>
								<protocol>JHYDB_ERPFJJGQuery</protocol>
						<protocol>JHYDB_ERPQYFSQuery</protocol>
						<protocol>JHYDB_ErpJwcjQuery</protocol>
						<protocol>JHYDB_GzegOtherwire</protocol>
						<protocol>JHYDB_GzeqChainSteel</protocol>
						<protocol>JHYDB_GzeqColdHeadingSteel</protocol>
						<protocol>JHYDB_GzeqCordSteel</protocol>
						<protocol>JHYDB_GzeqDaiGangTuoTan</protocol>
						<protocol>JHYDB_GzeqDaiZhuangRate</protocol>
						<protocol>JHYDB_GzeqDbShuiJinDesc</protocol>
						<protocol>JHYDB_GzeqFeiZhiJiaZaDS</protocol>
						<protocol>JHYDB_GzeqFeiZhiO</protocol>
						<protocol>JHYDB_GzeqImmersion</protocol>
						<protocol>JHYDB_GzeqJIaZaZeroRate</protocol>
						<protocol>JHYDB_GzeqLimeQuery</protocol>
						<protocol>JHYDB_GzeqShuiJinTanShangRate</protocol>
						<protocol>JHYDB_GzeqTanHuangGangDS</protocol>
						<protocol>JHYDB_GzeqTanHuangGangTuoTan</protocol>
						<protocol>JHYDB_GzeqWeldingWireSteel</protocol>
						<protocol>JHYDB_HdgcPelletMaterialAnalysisQuery</protocol>
						<protocol>JHYDB_HdgcPelletMaterialAnalysisWtQuery</protocol>
						<protocol>JHYDB_InspectionResultDailyQuery</protocol>
						<protocol>JHYDB_SampleInfoToSAASQuery</protocol>
						<protocol>JHYDB_SampleSurveyInfoDailyQuery</protocol>
						<protocol>JHYDB_ZHLGFLDPZCQTQuery</protocol>
						<protocol>JHYDB_ZHLGFLQSMQQuery</protocol>
						<protocol>JHYDB_ZHLGFLZCHXSHQuery</protocol>
						<protocol>JHYDB_ZNPMFSLQuery</protocol>
						<protocol>JHYDB_ZNPMWLQuery</protocol>
						<protocol>JHYDB_ZhyyMasQltyInspEqIntegrityRateQuery</protocol>
						<protocol>JHYDB_ZhyyMasZbEtcMoltenIronStandardRateQuery</protocol>
						<protocol>JHYDB_ZhyyMasZbJyphxxnrQuery</protocol>
						<protocol>JHYDB_ZhyyMasZbYtcMoltenIronStandardRateQuery</protocol>
						<protocol>JHYDB_ZhyyMasZbYtdRawFuelUnqDetailsQuery</protocol>
						<protocol>JHYDB_ZhyyMobileMasDetnCycleRateMonthQuery</protocol>
						<protocol>JHYDB_ZhyyMobileMasProdDetnNumMonthQuery</protocol>
						<protocol>JHYDB_ZhyyMobileMasProdDetnNumTrendMonthQuery</protocol>
						<protocol>JHYDB_ZhyyProJhyLhdataQuery</protocol>
						<protocol>JHYDB_ZhyyQuaZbEtMoltenIronPMeanTrendQuery</protocol>
						<protocol>JHYDB_ZhyyQuaZbIronMeltComplianceRateQuery</protocol>
						<protocol>JHYDB_ZhyyQuaZbIronMeltComplianceTrendQuery</protocol>
						<protocol>JHYDB_ZhyyQuaZbMoltenIronPMeanQuery</protocol>
						<protocol>JHYDB_ZhyyQuaZbMoltenIronPMeanTrendQuery</protocol>
						<protocol>JHYDB_ZhyyQuaZbYtMoltenIronPMeanTrendQuery</protocol>
						<protocol>JHYDB_ZhyyQuaZbZlzbxzQuery</protocol>
						<protocol>JHYDB_ZhyyToLJSSampInfoQuery</protocol>
							</protocols>
		
		<params>
				</params>
		<services>
								<service>
			<serivcename>ERPFJJGQuery</serivcename>
			<protocol>JHYDB_ERPFJJGQuery</protocol>
			</service>
						<service>
			<serivcename>ErpJwcjQuery</serivcename>
			<protocol>JHYDB_ErpJwcjQuery</protocol>
			</service>
						<service>
			<serivcename>ERPQYFSQuery</serivcename>
			<protocol>JHYDB_ERPQYFSQuery</protocol>
			</service>
						<service>
			<serivcename>GzeqChainSteel</serivcename>
			<protocol>JHYDB_GzeqChainSteel</protocol>
			</service>
						<service>
			<serivcename>GzeqColdHeadingSteel</serivcename>
			<protocol>JHYDB_GzeqColdHeadingSteel</protocol>
			</service>
						<service>
			<serivcename>GzeqCordSteel</serivcename>
			<protocol>JHYDB_GzeqCordSteel</protocol>
			</service>
						<service>
			<serivcename>GzeqDaiGangTuoTan</serivcename>
			<protocol>JHYDB_GzeqDaiGangTuoTan</protocol>
			</service>
						<service>
			<serivcename>GzeqDaiZhuangRate</serivcename>
			<protocol>JHYDB_GzeqDaiZhuangRate</protocol>
			</service>
						<service>
			<serivcename>GzeqDbShuiJinDesc</serivcename>
			<protocol>JHYDB_GzeqDbShuiJinDesc</protocol>
			</service>
						<service>
			<serivcename>GzeqFeiZhiJiaZaDS</serivcename>
			<protocol>JHYDB_GzeqFeiZhiJiaZaDS</protocol>
			</service>
						<service>
			<serivcename>GzeqFeiZhiO</serivcename>
			<protocol>JHYDB_GzeqFeiZhiO</protocol>
			</service>
						<service>
			<serivcename>GzeqImmersion</serivcename>
			<protocol>JHYDB_GzeqImmersion</protocol>
			</service>
						<service>
			<serivcename>GzeqJIaZaZeroRate</serivcename>
			<protocol>JHYDB_GzeqJIaZaZeroRate</protocol>
			</service>
						<service>
			<serivcename>GzeqLimeQuery</serivcename>
			<protocol>JHYDB_GzeqLimeQuery</protocol>
			</service>
						<service>
			<serivcename>GzeqOtherWire</serivcename>
			<protocol>JHYDB_GzegOtherwire</protocol>
			</service>
						<service>
			<serivcename>GzeqShuiJinTanShangRate</serivcename>
			<protocol>JHYDB_GzeqShuiJinTanShangRate</protocol>
			</service>
						<service>
			<serivcename>GzeqTanHuangGangDS</serivcename>
			<protocol>JHYDB_GzeqTanHuangGangDS</protocol>
			</service>
						<service>
			<serivcename>GzeqTanHuangGangTuoTan</serivcename>
			<protocol>JHYDB_GzeqTanHuangGangTuoTan</protocol>
			</service>
						<service>
			<serivcename>GzeqWeldingWireSteel</serivcename>
			<protocol>JHYDB_GzeqWeldingWireSteel</protocol>
			</service>
						<service>
			<serivcename>HdgcPelletMaterialAnalysisQuery</serivcename>
			<protocol>JHYDB_HdgcPelletMaterialAnalysisQuery</protocol>
			</service>
						<service>
			<serivcename>HdgcPelletMaterialAnalysisWtQuery</serivcename>
			<protocol>JHYDB_HdgcPelletMaterialAnalysisWtQuery</protocol>
			</service>
						<service>
			<serivcename>InspectionResultDailyQuery</serivcename>
			<protocol>JHYDB_InspectionResultDailyQuery</protocol>
			</service>
						<service>
			<serivcename>SampleInfoToSAASQuery</serivcename>
			<protocol>JHYDB_SampleInfoToSAASQuery</protocol>
			</service>
						<service>
			<serivcename>SampleSurveyInfoDailyQuery</serivcename>
			<protocol>JHYDB_SampleSurveyInfoDailyQuery</protocol>
			</service>
						<service>
			<serivcename>ZHLGFLDPZCQTQuery</serivcename>
			<protocol>JHYDB_ZHLGFLDPZCQTQuery</protocol>
			</service>
						<service>
			<serivcename>ZHLGFLQSMQQuery</serivcename>
			<protocol>JHYDB_ZHLGFLQSMQQuery</protocol>
			</service>
						<service>
			<serivcename>ZHLGFLZCHXSHQuery</serivcename>
			<protocol>JHYDB_ZHLGFLZCHXSHQuery</protocol>
			</service>
						<service>
			<serivcename>ZhyyMasQltyInspEqIntegrityRateQuery</serivcename>
			<protocol>JHYDB_ZhyyMasQltyInspEqIntegrityRateQuery</protocol>
			</service>
						<service>
			<serivcename>ZhyyMasZbEtcMoltenIronStandardRateQuery</serivcename>
			<protocol>JHYDB_ZhyyMasZbEtcMoltenIronStandardRateQuery</protocol>
			</service>
						<service>
			<serivcename>ZhyyMasZbJyphxxnrQuery</serivcename>
			<protocol>JHYDB_ZhyyMasZbJyphxxnrQuery</protocol>
			</service>
						<service>
			<serivcename>ZhyyMasZbYtcMoltenIronStandardRateQuery</serivcename>
			<protocol>JHYDB_ZhyyMasZbYtcMoltenIronStandardRateQuery</protocol>
			</service>
						<service>
			<serivcename>ZhyyMasZbYtdRawFuelUnqDetailsQuery</serivcename>
			<protocol>JHYDB_ZhyyMasZbYtdRawFuelUnqDetailsQuery</protocol>
			</service>
						<service>
			<serivcename>ZhyyMobileMasDetnCycleRateMonthQuery</serivcename>
			<protocol>JHYDB_ZhyyMobileMasDetnCycleRateMonthQuery</protocol>
			</service>
						<service>
			<serivcename>ZhyyMobileMasProdDetnNumMonthQuery</serivcename>
			<protocol>JHYDB_ZhyyMobileMasProdDetnNumMonthQuery</protocol>
			</service>
						<service>
			<serivcename>ZhyyMobileMasProdDetnNumTrendMonthQuery</serivcename>
			<protocol>JHYDB_ZhyyMobileMasProdDetnNumTrendMonthQuery</protocol>
			</service>
						<service>
			<serivcename>ZhyyProJhyLhdataQuery</serivcename>
			<protocol>JHYDB_ZhyyProJhyLhdataQuery</protocol>
			</service>
						<service>
			<serivcename>ZhyyQuaZbEtMoltenIronPMeanTrendQuery</serivcename>
			<protocol>JHYDB_ZhyyQuaZbEtMoltenIronPMeanTrendQuery</protocol>
			</service>
						<service>
			<serivcename>ZhyyQuaZbIronMeltComplianceRateQuery</serivcename>
			<protocol>JHYDB_ZhyyQuaZbIronMeltComplianceRateQuery</protocol>
			</service>
						<service>
			<serivcename>ZhyyQuaZbIronMeltComplianceTrendQuery</serivcename>
			<protocol>JHYDB_ZhyyQuaZbIronMeltComplianceTrendQuery</protocol>
			</service>
						<service>
			<serivcename>ZhyyQuaZbMoltenIronPMeanQuery</serivcename>
			<protocol>JHYDB_ZhyyQuaZbMoltenIronPMeanQuery</protocol>
			</service>
						<service>
			<serivcename>ZhyyQuaZbMoltenIronPMeanTrendQuery</serivcename>
			<protocol>JHYDB_ZhyyQuaZbMoltenIronPMeanTrendQuery</protocol>
			</service>
						<service>
			<serivcename>ZhyyQuaZbYtMoltenIronPMeanTrendQuery</serivcename>
			<protocol>JHYDB_ZhyyQuaZbYtMoltenIronPMeanTrendQuery</protocol>
			</service>
						<service>
			<serivcename>ZhyyQuaZbZlzbxzQuery</serivcename>
			<protocol>JHYDB_ZhyyQuaZbZlzbxzQuery</protocol>
			</service>
						<service>
			<serivcename>ZhyyToLJSSampInfoQuery</serivcename>
			<protocol>JHYDB_ZhyyToLJSSampInfoQuery</protocol>
			</service>
						<service>
			<serivcename>ZNPMFSLQuery</serivcename>
			<protocol>JHYDB_ZNPMFSLQuery</protocol>
			</service>
						<service>
			<serivcename>ZNPMWLQuery</serivcename>
			<protocol>JHYDB_ZNPMWLQuery</protocol>
			</service>
							</services>
	</servicesystem>
</servicesystems>