<?xml version="1.0" encoding="UTF-8"?>
<servicesystems>
	<servicesystem>
		<serviceSystemName>JSDHMS</serviceSystemName>
		<serviceSystemDesc>金仕达HMS系统</serviceSystemDesc>
		<hostName/>
		<hostIp/>
		<status>add</status>
		
		<protocols>
								<protocol>JSDHMSSYS_TradeOperationToErpQuery</protocol>
						<protocol>JSDHMS_PageListQuery</protocol>
						<protocol>JSDHMS_ReceiveRoleQuery</protocol>
						<protocol>JSDHMS_ReceiveUserRoleQuery</protocol>
						<protocol>JSDHMS_RoleAdd</protocol>
						<protocol>JSDHMS_RoleAddUser</protocol>
						<protocol>JSDHMS_RoleDisableUser</protocol>
						<protocol>JSDHMS_RoleModify</protocol>
						<protocol>JSDHMS_RolePageListQuery</protocol>
						<protocol>JSDHMS_UserAdd</protocol>
						<protocol>JSDHMS_UserDelete</protocol>
						<protocol>JSDHMS_UserDisableUpdate</protocol>
						<protocol>JSDHMS_UserEnableUpdate</protocol>
						<protocol>JSDHMS_UserModify</protocol>
						<protocol>JSDHMS_UserPasswordUpdate</protocol>
							</protocols>
		
		<params>
				</params>
		<services>
								<service>
			<serivcename>PageListQuery</serivcename>
			<protocol>JSDHMS_PageListQuery</protocol>
			</service>
						<service>
			<serivcename>ReceiveRoleQuery</serivcename>
			<protocol>JSDHMS_ReceiveRoleQuery</protocol>
			</service>
						<service>
			<serivcename>ReceiveUserRoleQuery</serivcename>
			<protocol>JSDHMS_ReceiveUserRoleQuery</protocol>
			</service>
						<service>
			<serivcename>RoleAdd</serivcename>
			<protocol>JSDHMS_RoleAdd</protocol>
			</service>
						<service>
			<serivcename>RoleAddUser</serivcename>
			<protocol>JSDHMS_RoleAddUser</protocol>
			</service>
						<service>
			<serivcename>RoleDisableUser</serivcename>
			<protocol>JSDHMS_RoleDisableUser</protocol>
			</service>
						<service>
			<serivcename>RoleModify</serivcename>
			<protocol>JSDHMS_RoleModify</protocol>
			</service>
						<service>
			<serivcename>RolePageListQuery</serivcename>
			<protocol>JSDHMS_RolePageListQuery</protocol>
			</service>
						<service>
			<serivcename>TradeOperationToErpQuery</serivcename>
			<protocol>JSDHMSSYS_TradeOperationToErpQuery</protocol>
			</service>
						<service>
			<serivcename>UserAdd</serivcename>
			<protocol>JSDHMS_UserAdd</protocol>
			</service>
						<service>
			<serivcename>UserDelete</serivcename>
			<protocol>JSDHMS_UserDelete</protocol>
			</service>
						<service>
			<serivcename>UserDisableUpdate</serivcename>
			<protocol>JSDHMS_UserDisableUpdate</protocol>
			</service>
						<service>
			<serivcename>UserEnableUpdate</serivcename>
			<protocol>JSDHMS_UserEnableUpdate</protocol>
			</service>
						<service>
			<serivcename>UserModify</serivcename>
			<protocol>JSDHMS_UserModify</protocol>
			</service>
						<service>
			<serivcename>UserPasswordUpdate</serivcename>
			<protocol>JSDHMS_UserPasswordUpdate</protocol>
			</service>
							</services>
	</servicesystem>
</servicesystems>