<?xml version="1.0" encoding="UTF-8"?>
<servicesystems>
	<servicesystem>
		<serviceSystemName>NDIOTSYS</serviceSystemName>
		<serviceSystemDesc>能动IOT系统</serviceSystemDesc>
		<hostName/>
		<hostIp/>
		<status>add</status>
		
		<protocols>
								<protocol>NDIOTSYS_GetAreaInfoByAreaCode</protocol>
						<protocol>NDIOTSYS_GetDeviceInfoByAreaId</protocol>
						<protocol>NDIOTSYS_GetPointInfoByDeviceId</protocol>
						<protocol>NDIOTSYS_GetPointLastInfo</protocol>
						<protocol>NDIOTSYS_GetSubPointValuesByTimeQuery</protocol>
						<protocol>NDIOTSYS_GetUserAccessToken</protocol>
						<protocol>NDIOTSYS_MobileGetDmPointInfo</protocol>
						<protocol>NDIOTSYS_NdIotValueByIntervalTime</protocol>
						<protocol>NDIOTSYS_getAvgDataBeforeSevenDays</protocol>
						<protocol>NDIOTSYS_getDayDataIntervalHour</protocol>
						<protocol>NDIOTSYS_listLastPointStatusQuery</protocol>
						<protocol>NDIOTSYS_subPointYesterdayDosage</protocol>
							</protocols>
		
		<params>
				</params>
		<services>
								<service>
			<serivcename>GetAreaInfoByAreaCode</serivcename>
			<protocol>NDIOTSYS_GetAreaInfoByAreaCode</protocol>
			</service>
						<service>
			<serivcename>getAvgDataBeforeSevenDays</serivcename>
			<protocol>NDIOTSYS_getAvgDataBeforeSevenDays</protocol>
			</service>
						<service>
			<serivcename>getDayDataIntervalHour</serivcename>
			<protocol>NDIOTSYS_getDayDataIntervalHour</protocol>
			</service>
						<service>
			<serivcename>GetDeviceInfoByAreaId</serivcename>
			<protocol>NDIOTSYS_GetDeviceInfoByAreaId</protocol>
			</service>
						<service>
			<serivcename>GetPointInfoByDeviceId</serivcename>
			<protocol>NDIOTSYS_GetPointInfoByDeviceId</protocol>
			</service>
						<service>
			<serivcename>GetPointLastInfo</serivcename>
			<protocol>NDIOTSYS_GetPointLastInfo</protocol>
			</service>
						<service>
			<serivcename>GetSubPointValuesByTimeQuery</serivcename>
			<protocol>NDIOTSYS_GetSubPointValuesByTimeQuery</protocol>
			</service>
						<service>
			<serivcename>GetUserAccessToken</serivcename>
			<protocol>NDIOTSYS_GetUserAccessToken</protocol>
			</service>
						<service>
			<serivcename>listLastPointStatusQuery</serivcename>
			<protocol>NDIOTSYS_listLastPointStatusQuery</protocol>
			</service>
						<service>
			<serivcename>MobileGetDmPointInfo</serivcename>
			<protocol>NDIOTSYS_MobileGetDmPointInfo</protocol>
			</service>
						<service>
			<serivcename>NdIotValueByIntervalTime</serivcename>
			<protocol>NDIOTSYS_NdIotValueByIntervalTime</protocol>
			</service>
						<service>
			<serivcename>subPointYesterdayDosage</serivcename>
			<protocol>NDIOTSYS_subPointYesterdayDosage</protocol>
			</service>
							</services>
	</servicesystem>
</servicesystems>