<?xml version="1.0" encoding="UTF-8"?>
<servicesystems>
	<servicesystem>
		<serviceSystemName>NGEMSDB</serviceSystemName>
		<serviceSystemDesc>南钢EMS数据库</serviceSystemDesc>
		<hostName/>
		<hostIp/>
		<status>add</status>
		
		<protocols>
								<protocol>NGEMSDB_BcnyInfoEmsQuery</protocol>
						<protocol>NGEMSDB_EmsToCwjsc</protocol>
						<protocol>NGEMSDB_TeDaiEnergyQuery</protocol>
						<protocol>NGEMSDB_ZhyyEneZbGeneratingDetailQuery</protocol>
						<protocol>NGEMSDB_ZhyyEneZbWddDetailQuery</protocol>
						<protocol>NGEMSDB_ZhyyProRjfpgqsQuery</protocol>
						<protocol>NGEMSDB_ZhyyProRjfpgydqkQuery</protocol>
						<protocol>NGEMSDB_ZhyyProRpjdjqkgzQuery</protocol>
						<protocol>NGEMSDB_ZhyyProRzjbQuery</protocol>
						<protocol>NGEMSDB_ZhyyProZbEneConsumpSteelMakeQuery</protocol>
						<protocol>NGEMSDB_ZhyyProZbEneConsumpSteelRollQuery</protocol>
						<protocol>NGEMSDB_ZhyyProZbTenThousandElectAirUseQuery</protocol>
						<protocol>NGEMSDB_ZhyyProZbv2RzhdjwcqkQuery</protocol>
						<protocol>NGEMSDB_ZhyyProZbv2ZqhszlmqxqQuery</protocol>
							</protocols>
		
		<params>
				</params>
		<services>
								<service>
			<serivcename>BcnyInfoEmsQuery</serivcename>
			<protocol>NGEMSDB_BcnyInfoEmsQuery</protocol>
			</service>
						<service>
			<serivcename>EmsToCwjsc</serivcename>
			<protocol>NGEMSDB_EmsToCwjsc</protocol>
			</service>
						<service>
			<serivcename>TeDaiEnergyQuery</serivcename>
			<protocol>NGEMSDB_TeDaiEnergyQuery</protocol>
			</service>
						<service>
			<serivcename>ZhyyEneZbGeneratingDetailQuery</serivcename>
			<protocol>NGEMSDB_ZhyyEneZbGeneratingDetailQuery</protocol>
			</service>
						<service>
			<serivcename>ZhyyEneZbWddDetailQuery</serivcename>
			<protocol>NGEMSDB_ZhyyEneZbWddDetailQuery</protocol>
			</service>
						<service>
			<serivcename>ZhyyProRjfpgqsQuery</serivcename>
			<protocol>NGEMSDB_ZhyyProRjfpgqsQuery</protocol>
			</service>
						<service>
			<serivcename>ZhyyProRjfpgydqkQuery</serivcename>
			<protocol>NGEMSDB_ZhyyProRjfpgydqkQuery</protocol>
			</service>
						<service>
			<serivcename>ZhyyProRpjdjqkgzQuery</serivcename>
			<protocol>NGEMSDB_ZhyyProRpjdjqkgzQuery</protocol>
			</service>
						<service>
			<serivcename>ZhyyProRzjbQuery</serivcename>
			<protocol>NGEMSDB_ZhyyProRzjbQuery</protocol>
			</service>
						<service>
			<serivcename>ZhyyProZbEneConsumpSteelMakeQuery</serivcename>
			<protocol>NGEMSDB_ZhyyProZbEneConsumpSteelMakeQuery</protocol>
			</service>
						<service>
			<serivcename>ZhyyProZbEneConsumpSteelRollQuery</serivcename>
			<protocol>NGEMSDB_ZhyyProZbEneConsumpSteelRollQuery</protocol>
			</service>
						<service>
			<serivcename>ZhyyProZbTenThousandElectAirUseQuery</serivcename>
			<protocol>NGEMSDB_ZhyyProZbTenThousandElectAirUseQuery</protocol>
			</service>
						<service>
			<serivcename>ZhyyProZbv2RzhdjwcqkQuery</serivcename>
			<protocol>NGEMSDB_ZhyyProZbv2RzhdjwcqkQuery</protocol>
			</service>
						<service>
			<serivcename>ZhyyProZbv2ZqhszlmqxqQuery</serivcename>
			<protocol>NGEMSDB_ZhyyProZbv2ZqhszlmqxqQuery</protocol>
			</service>
							</services>
	</servicesystem>
</servicesystems>