<?xml version="1.0" encoding="UTF-8"?>
<servicesystems>
	<servicesystem>
		<serviceSystemName>NGSBZYSYS</serviceSystemName>
		<serviceSystemDesc>南钢设备智维二期</serviceSystemDesc>
		<hostName/>
		<hostIp/>
		<status>add</status>
		
		<protocols>
								<protocol>NGSBZWSYS_fgfdymQuery</protocol>
						<protocol>NGSBZYSYS_DelayRecordListForBk</protocol>
						<protocol>NGSBZYSYS_EqRepairInPlanList</protocol>
						<protocol>NGSBZYSYS_EqRepairWorkTime</protocol>
						<protocol>NGSBZYSYS_FindAnalysisData</protocol>
						<protocol>NGSBZYSYS_FindCountByBussiness</protocol>
						<protocol>NGSBZYSYS_GetXncbMainMaterials</protocol>
						<protocol>NGSBZYSYS_GetXncbMainMaterialsCs</protocol>
						<protocol>NGSBZYSYS_GetXncbSlaveMaterials</protocol>
						<protocol>NGSBZYSYS_GetXncbSlaveMaterialsCs</protocol>
						<protocol>NGSBZYSYS_MbThirdInterfaceList</protocol>
						<protocol>NGSBZYSYS_McThirdInterfaceList</protocol>
						<protocol>NGSBZYSYS_MdThirdAlarmReceive</protocol>
						<protocol>NGSBZYSYS_MeThirdInterfaceList</protocol>
						<protocol>NGSBZYSYS_MfTaskListForYj</protocol>
						<protocol>NGSBZYSYS_MfThirdInterfaceList</protocol>
						<protocol>NGSBZYSYS_MhGetSideStockByEqIdAndMtrlId</protocol>
						<protocol>NGSBZYSYS_MjThirdAlarmReceive</protocol>
						<protocol>NGSBZYSYS_NgsbzyLineLiveStatusQuery</protocol>
						<protocol>NGSBZYSYS_NgsbzyPartLineLiveStatusQuery</protocol>
						<protocol>NGSBZYSYS_PrePlanList</protocol>
						<protocol>NGSBZYSYS_SyncCgXncbArrivalConfirmData</protocol>
						<protocol>NGSBZYSYS_SyncCgXncbArrivalConfirmDataCs</protocol>
						<protocol>NGSBZYSYS_changeForBc</protocol>
						<protocol>NGSBZYSYS_changeForBcCS</protocol>
						<protocol>NGSBZYSYS_findLineLiveStatusForScreen2</protocol>
						<protocol>NGSBZYSYS_getDataForFr</protocol>
						<protocol>NGSBZYSYS_getDelayRecordByFactoryNo</protocol>
						<protocol>NGSBZYSYS_lineReconditionByErp</protocol>
						<protocol>NGSBZYSYS_ngcGearSightUserApi</protocol>
						<protocol>NGSBZYSYS_ngcUpdateAlarmStatus</protocol>
						<protocol>NGSBZYSYS_saveBatchForBc</protocol>
						<protocol>NGSBZYSYS_saveBatchForBcCS</protocol>
						<protocol>NGSBZYSYS_sysPrePlanRep</protocol>
							</protocols>
		
		<params>
				</params>
		<services>
								<service>
			<serivcename>changeForBc</serivcename>
			<protocol>NGSBZYSYS_changeForBc</protocol>
			</service>
						<service>
			<serivcename>changeForBcCS</serivcename>
			<protocol>NGSBZYSYS_changeForBcCS</protocol>
			</service>
						<service>
			<serivcename>DelayRecordListForBk</serivcename>
			<protocol>NGSBZYSYS_DelayRecordListForBk</protocol>
			</service>
						<service>
			<serivcename>EqRepairInPlanList</serivcename>
			<protocol>NGSBZYSYS_EqRepairInPlanList</protocol>
			</service>
						<service>
			<serivcename>EqRepairWorkTime</serivcename>
			<protocol>NGSBZYSYS_EqRepairWorkTime</protocol>
			</service>
						<service>
			<serivcename>fgfdymQuery</serivcename>
			<protocol>NGSBZWSYS_fgfdymQuery</protocol>
			</service>
						<service>
			<serivcename>FindAnalysisData</serivcename>
			<protocol>NGSBZYSYS_FindAnalysisData</protocol>
			</service>
						<service>
			<serivcename>FindCountByBussiness</serivcename>
			<protocol>NGSBZYSYS_FindCountByBussiness</protocol>
			</service>
						<service>
			<serivcename>findLineLiveStatusForScreen2</serivcename>
			<protocol>NGSBZYSYS_findLineLiveStatusForScreen2</protocol>
			</service>
						<service>
			<serivcename>getDataForFr</serivcename>
			<protocol>NGSBZYSYS_getDataForFr</protocol>
			</service>
						<service>
			<serivcename>getDelayRecordByFactoryNo</serivcename>
			<protocol>NGSBZYSYS_getDelayRecordByFactoryNo</protocol>
			</service>
						<service>
			<serivcename>GetXncbMainMaterials</serivcename>
			<protocol>NGSBZYSYS_GetXncbMainMaterials</protocol>
			</service>
						<service>
			<serivcename>GetXncbMainMaterialsCs</serivcename>
			<protocol>NGSBZYSYS_GetXncbMainMaterialsCs</protocol>
			</service>
						<service>
			<serivcename>GetXncbSlaveMaterials</serivcename>
			<protocol>NGSBZYSYS_GetXncbSlaveMaterials</protocol>
			</service>
						<service>
			<serivcename>GetXncbSlaveMaterialsCs</serivcename>
			<protocol>NGSBZYSYS_GetXncbSlaveMaterialsCs</protocol>
			</service>
						<service>
			<serivcename>lineReconditionByErp</serivcename>
			<protocol>NGSBZYSYS_lineReconditionByErp</protocol>
			</service>
						<service>
			<serivcename>MbThirdInterfaceList</serivcename>
			<protocol>NGSBZYSYS_MbThirdInterfaceList</protocol>
			</service>
						<service>
			<serivcename>McThirdInterfaceList</serivcename>
			<protocol>NGSBZYSYS_McThirdInterfaceList</protocol>
			</service>
						<service>
			<serivcename>MdThirdAlarmReceive</serivcename>
			<protocol>NGSBZYSYS_MdThirdAlarmReceive</protocol>
			</service>
						<service>
			<serivcename>MeThirdInterfaceList</serivcename>
			<protocol>NGSBZYSYS_MeThirdInterfaceList</protocol>
			</service>
						<service>
			<serivcename>MfTaskListForYj</serivcename>
			<protocol>NGSBZYSYS_MfTaskListForYj</protocol>
			</service>
						<service>
			<serivcename>MfThirdInterfaceList</serivcename>
			<protocol>NGSBZYSYS_MfThirdInterfaceList</protocol>
			</service>
						<service>
			<serivcename>MhGetSideStockByEqIdAndMtrlId</serivcename>
			<protocol>NGSBZYSYS_MhGetSideStockByEqIdAndMtrlId</protocol>
			</service>
						<service>
			<serivcename>MjThirdAlarmReceive</serivcename>
			<protocol>NGSBZYSYS_MjThirdAlarmReceive</protocol>
			</service>
						<service>
			<serivcename>ngcGearSightUserApi</serivcename>
			<protocol>NGSBZYSYS_ngcGearSightUserApi</protocol>
			</service>
						<service>
			<serivcename>ngcUpdateAlarmStatus</serivcename>
			<protocol>NGSBZYSYS_ngcUpdateAlarmStatus</protocol>
			</service>
						<service>
			<serivcename>NgsbzyLineLiveStatusQuery</serivcename>
			<protocol>NGSBZYSYS_NgsbzyLineLiveStatusQuery</protocol>
			</service>
						<service>
			<serivcename>NgsbzyPartLineLiveStatusQuery</serivcename>
			<protocol>NGSBZYSYS_NgsbzyPartLineLiveStatusQuery</protocol>
			</service>
						<service>
			<serivcename>PrePlanList</serivcename>
			<protocol>NGSBZYSYS_PrePlanList</protocol>
			</service>
						<service>
			<serivcename>saveBatchForBc</serivcename>
			<protocol>NGSBZYSYS_saveBatchForBc</protocol>
			</service>
						<service>
			<serivcename>saveBatchForBcCS</serivcename>
			<protocol>NGSBZYSYS_saveBatchForBcCS</protocol>
			</service>
						<service>
			<serivcename>SyncCgXncbArrivalConfirmData</serivcename>
			<protocol>NGSBZYSYS_SyncCgXncbArrivalConfirmData</protocol>
			</service>
						<service>
			<serivcename>SyncCgXncbArrivalConfirmDataCs</serivcename>
			<protocol>NGSBZYSYS_SyncCgXncbArrivalConfirmDataCs</protocol>
			</service>
						<service>
			<serivcename>sysPrePlanRep</serivcename>
			<protocol>NGSBZYSYS_sysPrePlanRep</protocol>
			</service>
							</services>
	</servicesystem>
</servicesystems>