<?xml version="1.0" encoding="UTF-8"?>
<servicesystems>
	<servicesystem>
		<serviceSystemName>NYSJKDB</serviceSystemName>
		<serviceSystemDesc>能源数据库</serviceSystemDesc>
		<hostName/>
		<hostIp/>
		<status>add</status>
		
		<protocols>
								<protocol>NYSJKDB_Energy30DayQuery</protocol>
						<protocol>NYSJKDB_EnergyQuery</protocol>
						<protocol>NYSJKDB_EnergyeverydayQuery</protocol>
						<protocol>NYSJKDB_GxEnergyQuery</protocol>
						<protocol>NYSJKDB_GxMonEnergyQuery</protocol>
						<protocol>NYSJKDB_Lfrhenergy30Query</protocol>
						<protocol>NYSJKDB_LfrhenergyQuery</protocol>
						<protocol>NYSJKDB_Lzenergy30Query</protocol>
						<protocol>NYSJKDB_LzenergyQuery</protocol>
						<protocol>NYSJKDB_Tiancheenergy30Query</protocol>
						<protocol>NYSJKDB_TiancheenergyQuery</protocol>
						<protocol>NYSJKDB_Zlenergyall30Query</protocol>
						<protocol>NYSJKDB_ZlenergyallQuery</protocol>
							</protocols>
		
		<params>
				</params>
		<services>
								<service>
			<serivcename>Energy30DayQuery</serivcename>
			<protocol>NYSJKDB_Energy30DayQuery</protocol>
			</service>
						<service>
			<serivcename>EnergyeverydayQuery</serivcename>
			<protocol>NYSJKDB_EnergyeverydayQuery</protocol>
			</service>
						<service>
			<serivcename>EnergyQuery</serivcename>
			<protocol>NYSJKDB_EnergyQuery</protocol>
			</service>
						<service>
			<serivcename>GxEnergyQuery</serivcename>
			<protocol>NYSJKDB_GxEnergyQuery</protocol>
			</service>
						<service>
			<serivcename>GxMonEnergyQuery</serivcename>
			<protocol>NYSJKDB_GxMonEnergyQuery</protocol>
			</service>
						<service>
			<serivcename>Lfrhenergy30Query</serivcename>
			<protocol>NYSJKDB_Lfrhenergy30Query</protocol>
			</service>
						<service>
			<serivcename>LfrhenergyQuery</serivcename>
			<protocol>NYSJKDB_LfrhenergyQuery</protocol>
			</service>
						<service>
			<serivcename>Lzenergy30Query</serivcename>
			<protocol>NYSJKDB_Lzenergy30Query</protocol>
			</service>
						<service>
			<serivcename>LzenergyQuery</serivcename>
			<protocol>NYSJKDB_LzenergyQuery</protocol>
			</service>
						<service>
			<serivcename>Tiancheenergy30Query</serivcename>
			<protocol>NYSJKDB_Tiancheenergy30Query</protocol>
			</service>
						<service>
			<serivcename>TiancheenergyQuery</serivcename>
			<protocol>NYSJKDB_TiancheenergyQuery</protocol>
			</service>
						<service>
			<serivcename>Zlenergyall30Query</serivcename>
			<protocol>NYSJKDB_Zlenergyall30Query</protocol>
			</service>
						<service>
			<serivcename>ZlenergyallQuery</serivcename>
			<protocol>NYSJKDB_ZlenergyallQuery</protocol>
			</service>
							</services>
	</servicesystem>
</servicesystems>