<?xml version="1.0" encoding="UTF-8"?>
<servicesystems>
	<servicesystem>
		<serviceSystemName>SCRAPSTEELHALL</serviceSystemName>
		<serviceSystemDesc>废钢大厅一体化</serviceSystemDesc>
		<hostName/>
		<hostIp/>
		<status>add</status>
		
		<protocols>
								<protocol>SCRAPSTEELHALL_FGCGJHCompRateCtrtQuery</protocol>
						<protocol>SCRAPSTEELHALL_FGCGJHCompRateQuery</protocol>
						<protocol>SCRAPSTEELHALL_FGEndDiscriminateInfoQuery</protocol>
						<protocol>SCRAPSTEELHALL_FGFirstDiscriminateInfoQuery</protocol>
						<protocol>SCRAPSTEELHALL_FGFrontDoorDailyInfoQuery</protocol>
						<protocol>SCRAPSTEELHALL_FGFrontDoorVehicleDQuery</protocol>
						<protocol>SCRAPSTEELHALL_FGScrapPlanReportQuery</protocol>
						<protocol>SCRAPSTEELHALL_FGShipBrokenKzQuery</protocol>
						<protocol>SCRAPSTEELHALL_FGShipDelayExcessQuery</protocol>
						<protocol>SCRAPSTEELHALL_FGShipDelayQuery</protocol>
						<protocol>SCRAPSTEELHALL_FGShipDelayUllageQuery</protocol>
						<protocol>SCRAPSTEELHALL_FGShipFgDetailContractQuery</protocol>
						<protocol>SCRAPSTEELHALL_FGShipFgDetailShipQuery</protocol>
						<protocol>SCRAPSTEELHALL_FGShipNotBrokenJjQuery</protocol>
						<protocol>SCRAPSTEELHALL_FGShipNotBrokenKzQuery</protocol>
						<protocol>SCRAPSTEELHALL_FGShipPassRateKbQuery</protocol>
						<protocol>SCRAPSTEELHALL_FGUnloadedVesselDisplayQuery</protocol>
						<protocol>SCRAPSTEELHALL_FGXCSumByDepQuery</protocol>
						<protocol>SCRAPSTEELHALL_InTransitShipQuery</protocol>
						<protocol>SCRAPSTEELHALL_ShipVehicleDQuery</protocol>
						<protocol>SCRAPSTEELHALL_UnloadedVesselPictureSumQuery</protocol>
						<protocol>SCRAPSTEELHALL_VanRegisterByIdCSQuery</protocol>
						<protocol>SCRAPSTEELHALL_VanRegisterByIdZSQuery</protocol>
						<protocol>SCRAPSTEELHALL_VanRegisterCSAdd</protocol>
						<protocol>SCRAPSTEELHALL_VanRegisterCSDelete</protocol>
						<protocol>SCRAPSTEELHALL_VanRegisterCSQuery</protocol>
						<protocol>SCRAPSTEELHALL_VanRegisterCSUpdate</protocol>
						<protocol>SCRAPSTEELHALL_VanRegisterZSAdd</protocol>
						<protocol>SCRAPSTEELHALL_VanRegisterZSDelete</protocol>
						<protocol>SCRAPSTEELHALL_VanRegisterZSQuery</protocol>
						<protocol>SCRAPSTEELHALL_VanRegisterZSUpdate</protocol>
						<protocol>SCRAPSTRRLHALL_VehicleReturnQuery</protocol>
							</protocols>
		
		<params>
				</params>
		<services>
								<service>
			<serivcename>FGCGJHCompRateCtrtQuery</serivcename>
			<protocol>SCRAPSTEELHALL_FGCGJHCompRateCtrtQuery</protocol>
			</service>
						<service>
			<serivcename>FGCGJHCompRateQuery</serivcename>
			<protocol>SCRAPSTEELHALL_FGCGJHCompRateQuery</protocol>
			</service>
						<service>
			<serivcename>FGEndDiscriminateInfoQuery</serivcename>
			<protocol>SCRAPSTEELHALL_FGEndDiscriminateInfoQuery</protocol>
			</service>
						<service>
			<serivcename>FGFirstDiscriminateInfoQuery</serivcename>
			<protocol>SCRAPSTEELHALL_FGFirstDiscriminateInfoQuery</protocol>
			</service>
						<service>
			<serivcename>FGFrontDoorDailyInfoQuery</serivcename>
			<protocol>SCRAPSTEELHALL_FGFrontDoorDailyInfoQuery</protocol>
			</service>
						<service>
			<serivcename>FGFrontDoorVehicleDQuery</serivcename>
			<protocol>SCRAPSTEELHALL_FGFrontDoorVehicleDQuery</protocol>
			</service>
						<service>
			<serivcename>FGScrapPlanReportQuery</serivcename>
			<protocol>SCRAPSTEELHALL_FGScrapPlanReportQuery</protocol>
			</service>
						<service>
			<serivcename>FGShipBrokenKzQuery</serivcename>
			<protocol>SCRAPSTEELHALL_FGShipBrokenKzQuery</protocol>
			</service>
						<service>
			<serivcename>FGShipDelayExcessQuery</serivcename>
			<protocol>SCRAPSTEELHALL_FGShipDelayExcessQuery</protocol>
			</service>
						<service>
			<serivcename>FGShipDelayQuery</serivcename>
			<protocol>SCRAPSTEELHALL_FGShipDelayQuery</protocol>
			</service>
						<service>
			<serivcename>FGShipDelayUllageQuery</serivcename>
			<protocol>SCRAPSTEELHALL_FGShipDelayUllageQuery</protocol>
			</service>
						<service>
			<serivcename>FGShipFgDetailContractQuery</serivcename>
			<protocol>SCRAPSTEELHALL_FGShipFgDetailContractQuery</protocol>
			</service>
						<service>
			<serivcename>FGShipFgDetailShipQuery</serivcename>
			<protocol>SCRAPSTEELHALL_FGShipFgDetailShipQuery</protocol>
			</service>
						<service>
			<serivcename>FGShipNotBrokenJjQuery</serivcename>
			<protocol>SCRAPSTEELHALL_FGShipNotBrokenJjQuery</protocol>
			</service>
						<service>
			<serivcename>FGShipNotBrokenKzQuery</serivcename>
			<protocol>SCRAPSTEELHALL_FGShipNotBrokenKzQuery</protocol>
			</service>
						<service>
			<serivcename>FGShipPassRateKbQuery</serivcename>
			<protocol>SCRAPSTEELHALL_FGShipPassRateKbQuery</protocol>
			</service>
						<service>
			<serivcename>FGUnloadedVesselDisplayQuery</serivcename>
			<protocol>SCRAPSTEELHALL_FGUnloadedVesselDisplayQuery</protocol>
			</service>
						<service>
			<serivcename>FGXCSumByDepQuery</serivcename>
			<protocol>SCRAPSTEELHALL_FGXCSumByDepQuery</protocol>
			</service>
						<service>
			<serivcename>InTransitShipQuery</serivcename>
			<protocol>SCRAPSTEELHALL_InTransitShipQuery</protocol>
			</service>
						<service>
			<serivcename>ShipVehicleDQuery</serivcename>
			<protocol>SCRAPSTEELHALL_ShipVehicleDQuery</protocol>
			</service>
						<service>
			<serivcename>UnloadedVesselPictureSumQuery</serivcename>
			<protocol>SCRAPSTEELHALL_UnloadedVesselPictureSumQuery</protocol>
			</service>
						<service>
			<serivcename>VanRegisterByIdCSQuery</serivcename>
			<protocol>SCRAPSTEELHALL_VanRegisterByIdCSQuery</protocol>
			</service>
						<service>
			<serivcename>VanRegisterByIdZSQuery</serivcename>
			<protocol>SCRAPSTEELHALL_VanRegisterByIdZSQuery</protocol>
			</service>
						<service>
			<serivcename>VanRegisterCSAdd</serivcename>
			<protocol>SCRAPSTEELHALL_VanRegisterCSAdd</protocol>
			</service>
						<service>
			<serivcename>VanRegisterCSDelete</serivcename>
			<protocol>SCRAPSTEELHALL_VanRegisterCSDelete</protocol>
			</service>
						<service>
			<serivcename>VanRegisterCSQuery</serivcename>
			<protocol>SCRAPSTEELHALL_VanRegisterCSQuery</protocol>
			</service>
						<service>
			<serivcename>VanRegisterCSUpdate</serivcename>
			<protocol>SCRAPSTEELHALL_VanRegisterCSUpdate</protocol>
			</service>
						<service>
			<serivcename>VanRegisterZSAdd</serivcename>
			<protocol>SCRAPSTEELHALL_VanRegisterZSAdd</protocol>
			</service>
						<service>
			<serivcename>VanRegisterZSDelete</serivcename>
			<protocol>SCRAPSTEELHALL_VanRegisterZSDelete</protocol>
			</service>
						<service>
			<serivcename>VanRegisterZSQuery</serivcename>
			<protocol>SCRAPSTEELHALL_VanRegisterZSQuery</protocol>
			</service>
						<service>
			<serivcename>VanRegisterZSUpdate</serivcename>
			<protocol>SCRAPSTEELHALL_VanRegisterZSUpdate</protocol>
			</service>
						<service>
			<serivcename>VehicleReturnQuery</serivcename>
			<protocol>SCRAPSTRRLHALL_VehicleReturnQuery</protocol>
			</service>
							</services>
	</servicesystem>
</servicesystems>