<?xml version="1.0" encoding="UTF-8"?>
<servicesystems>
	<servicesystem>
		<serviceSystemName>SD</serviceSystemName>
		<serviceSystemDesc>赛迪</serviceSystemDesc>
		<hostName/>
		<hostIp/>
		<status>add</status>
		
		<protocols>
								<protocol>SD_DwsFtToBkyQuery</protocol>
						<protocol>SD_LimeGpsWarningInfoAdd</protocol>
						<protocol>SD_RecentValBatchQuery</protocol>
						<protocol>SD_SDbatchNew</protocol>
						<protocol>SD_SDcalculateAggregateNew</protocol>
						<protocol>SD_SDgetTapIronWeightByTimeRange</protocol>
						<protocol>SD_SDqueryByAttrIdsNew</protocol>
						<protocol>SD_SaiDiLgGaoLu5Query</protocol>
						<protocol>SD_SamplingQuery</protocol>
						<protocol>SD_SdDhlcxQuery</protocol>
						<protocol>SD_SdFkglBf1Query</protocol>
						<protocol>SD_SdFkglBf2Query</protocol>
						<protocol>SD_SdFkglBf3Query</protocol>
						<protocol>SD_SdFkglBf4Query</protocol>
						<protocol>SD_SdFkglBf5Query</protocol>
						<protocol>SD_SdFkglQuery</protocol>
						<protocol>SD_SdFkgllsBf1Query</protocol>
						<protocol>SD_SdFkgllsBf2Query</protocol>
						<protocol>SD_SdFkgllsBf3Query</protocol>
						<protocol>SD_SdFkgllsBf4Query</protocol>
						<protocol>SD_SdFkgllsBf5Query</protocol>
						<protocol>SD_SdFkgllsQuery</protocol>
						<protocol>SD_SdFkgllsSt1Query</protocol>
						<protocol>SD_SdGetPointRealTimeValue</protocol>
						<protocol>SD_SdJlrbQuery</protocol>
						<protocol>SD_SdPmQuery</protocol>
						<protocol>SD_SdSshGpsQuery</protocol>
						<protocol>SD_SdSshcwszQuery</protocol>
						<protocol>SD_SdZljckwdQuery</protocol>
						<protocol>SD_SdZljckwdSt2Query</protocol>
						<protocol>SD_SdZljckwdSt3Query</protocol>
						<protocol>SD_SdZljckwdSt4Query</protocol>
						<protocol>SD_SdZljckwdSt5Query</protocol>
						<protocol>SD_SdZljwdbjQuery</protocol>
						<protocol>SD_TagNamesInRange2Query</protocol>
						<protocol>SD_TagNamesInRange3Query</protocol>
						<protocol>SD_TagNamesInRange4Query</protocol>
						<protocol>SD_TagNamesInRange5Query</protocol>
						<protocol>SD_TagNamesInRangeQuery</protocol>
						<protocol>SD_TagNamesInRangeSt1Query</protocol>
						<protocol>SD_TagNamesInRangeSt2Query</protocol>
						<protocol>SD_TagNamesInRangeSt3Query</protocol>
						<protocol>SD_TagNamesInRangeSt4Query</protocol>
						<protocol>SD_TagNamesInRangeSt5Query</protocol>
						<protocol>SD_ZhyyQuaBF1L2MSiPredictQuery</protocol>
						<protocol>SD_ZhyyQuaBF2L2MSiPredictQuery</protocol>
						<protocol>SD_ZhyyQuaBF3L2MSiPredictQuery</protocol>
						<protocol>SD_ZhyyQuaBF4L2MSiPredictQuery</protocol>
						<protocol>SD_ZhyyQuaBF5L2MSiPredictQuery</protocol>
						<protocol>SD_ZhyyQuaZbTspycqs1Query</protocol>
						<protocol>SD_ZhyyQuaZbTspycqs2Query</protocol>
						<protocol>SD_ZhyyQuaZbTspycqs3Query</protocol>
						<protocol>SD_ZhyyQuaZbTspycqs4Query</protocol>
						<protocol>SD_ZhyyQuaZbTspycqs5Query</protocol>
						<protocol>SD_getSdPointQtPlcData</protocol>
						<protocol>SD_queryLastPoint</protocol>
						<protocol>SD_samplingQueryNew</protocol>
						<protocol>SaiDi_SaiDiLgGaoLu1</protocol>
						<protocol>SaiDi_SaiDiLgGaoLu2</protocol>
						<protocol>SaiDi_SaiDiLgGaoLu3</protocol>
						<protocol>SaiDi_SaiDiLgGaoLu4</protocol>
						<protocol>SaiDi_SaiDiLgGaoLuLuKuang1</protocol>
						<protocol>SaiDi_SaiDiLgGaoLuLuKuang2</protocol>
						<protocol>SaiDi_SaiDiLgGaoLuLuKuang3</protocol>
						<protocol>SaiDi_SaiDiLgGaoLuLuKuang4</protocol>
						<protocol>SaiDi_SaiDiLgGaoLuLuKuang5</protocol>
							</protocols>
		
		<params>
				</params>
		<services>
								<service>
			<serivcename>DwsFtToBkyQuery</serivcename>
			<protocol>SD_DwsFtToBkyQuery</protocol>
			</service>
						<service>
			<serivcename>getSdPointQtPlcData</serivcename>
			<protocol>SD_getSdPointQtPlcData</protocol>
			</service>
						<service>
			<serivcename>LimeGpsWarningInfoAdd</serivcename>
			<protocol>SD_LimeGpsWarningInfoAdd</protocol>
			</service>
						<service>
			<serivcename>queryLastPoint</serivcename>
			<protocol>SD_queryLastPoint</protocol>
			</service>
						<service>
			<serivcename>RecentValBatchQuery</serivcename>
			<protocol>SD_RecentValBatchQuery</protocol>
			</service>
						<service>
			<serivcename>SaiDiLgGaoLu1</serivcename>
			<protocol>SaiDi_SaiDiLgGaoLu1</protocol>
			</service>
						<service>
			<serivcename>SaiDiLgGaoLu2</serivcename>
			<protocol>SaiDi_SaiDiLgGaoLu2</protocol>
			</service>
						<service>
			<serivcename>SaiDiLgGaoLu3</serivcename>
			<protocol>SaiDi_SaiDiLgGaoLu3</protocol>
			</service>
						<service>
			<serivcename>SaiDiLgGaoLu4</serivcename>
			<protocol>SaiDi_SaiDiLgGaoLu4</protocol>
			</service>
						<service>
			<serivcename>SaiDiLgGaoLu5</serivcename>
			<protocol>SD_SaiDiLgGaoLu5Query</protocol>
			</service>
						<service>
			<serivcename>SaiDiLgGaoLuLuKuang1</serivcename>
			<protocol>SaiDi_SaiDiLgGaoLuLuKuang1</protocol>
			</service>
						<service>
			<serivcename>SaiDiLgGaoLuLuKuang2</serivcename>
			<protocol>SaiDi_SaiDiLgGaoLuLuKuang2</protocol>
			</service>
						<service>
			<serivcename>SaiDiLgGaoLuLuKuang3</serivcename>
			<protocol>SaiDi_SaiDiLgGaoLuLuKuang3</protocol>
			</service>
						<service>
			<serivcename>SaiDiLgGaoLuLuKuang4</serivcename>
			<protocol>SaiDi_SaiDiLgGaoLuLuKuang4</protocol>
			</service>
						<service>
			<serivcename>SaiDiLgGaoLuLuKuang5</serivcename>
			<protocol>SaiDi_SaiDiLgGaoLuLuKuang5</protocol>
			</service>
						<service>
			<serivcename>SamplingQuery</serivcename>
			<protocol>SD_SamplingQuery</protocol>
			</service>
						<service>
			<serivcename>samplingQueryNew</serivcename>
			<protocol>SD_samplingQueryNew</protocol>
			</service>
						<service>
			<serivcename>SDbatchNew</serivcename>
			<protocol>SD_SDbatchNew</protocol>
			</service>
						<service>
			<serivcename>SDcalculateAggregateNew</serivcename>
			<protocol>SD_SDcalculateAggregateNew</protocol>
			</service>
						<service>
			<serivcename>SdDhlcxQuery</serivcename>
			<protocol>SD_SdDhlcxQuery</protocol>
			</service>
						<service>
			<serivcename>SdFkglBf1Query</serivcename>
			<protocol>SD_SdFkglBf1Query</protocol>
			</service>
						<service>
			<serivcename>SdFkglBf2Query</serivcename>
			<protocol>SD_SdFkglBf2Query</protocol>
			</service>
						<service>
			<serivcename>SdFkglBf3Query</serivcename>
			<protocol>SD_SdFkglBf3Query</protocol>
			</service>
						<service>
			<serivcename>SdFkglBf4Query</serivcename>
			<protocol>SD_SdFkglBf4Query</protocol>
			</service>
						<service>
			<serivcename>SdFkglBf5Query</serivcename>
			<protocol>SD_SdFkglBf5Query</protocol>
			</service>
						<service>
			<serivcename>SdFkgllsBf1Query</serivcename>
			<protocol>SD_SdFkgllsBf1Query</protocol>
			</service>
						<service>
			<serivcename>SdFkgllsBf2Query</serivcename>
			<protocol>SD_SdFkgllsBf2Query</protocol>
			</service>
						<service>
			<serivcename>SdFkgllsBf3Query</serivcename>
			<protocol>SD_SdFkgllsBf3Query</protocol>
			</service>
						<service>
			<serivcename>SdFkgllsBf4Query</serivcename>
			<protocol>SD_SdFkgllsBf4Query</protocol>
			</service>
						<service>
			<serivcename>SdFkgllsBf5Query</serivcename>
			<protocol>SD_SdFkgllsBf5Query</protocol>
			</service>
						<service>
			<serivcename>SdFkgllsQuery</serivcename>
			<protocol>SD_SdFkgllsQuery</protocol>
			</service>
						<service>
			<serivcename>SdFkgllsSt1Query</serivcename>
			<protocol>SD_SdFkgllsSt1Query</protocol>
			</service>
						<service>
			<serivcename>SdFkgllsSt2Query</serivcename>
			<protocol>SD_SdZljckwdSt2Query</protocol>
			</service>
						<service>
			<serivcename>SdFkgllsSt3Query</serivcename>
			<protocol>SD_SdZljckwdSt3Query</protocol>
			</service>
						<service>
			<serivcename>SdFkgllsSt4Query</serivcename>
			<protocol>SD_SdZljckwdSt4Query</protocol>
			</service>
						<service>
			<serivcename>SdFkgllsSt5Query</serivcename>
			<protocol>SD_SdZljckwdSt5Query</protocol>
			</service>
						<service>
			<serivcename>SdFkglQuery</serivcename>
			<protocol>SD_SdFkglQuery</protocol>
			</service>
						<service>
			<serivcename>SdGetPointRealTimeValue</serivcename>
			<protocol>SD_SdGetPointRealTimeValue</protocol>
			</service>
						<service>
			<serivcename>SDgetTapIronWeightByTimeRange</serivcename>
			<protocol>SD_SDgetTapIronWeightByTimeRange</protocol>
			</service>
						<service>
			<serivcename>SdJlrbQuery</serivcename>
			<protocol>SD_SdJlrbQuery</protocol>
			</service>
						<service>
			<serivcename>SdPmQuery</serivcename>
			<protocol>SD_SdPmQuery</protocol>
			</service>
						<service>
			<serivcename>SDqueryByAttrIdsNew</serivcename>
			<protocol>SD_SDqueryByAttrIdsNew</protocol>
			</service>
						<service>
			<serivcename>SdSshcwszQuery</serivcename>
			<protocol>SD_SdSshcwszQuery</protocol>
			</service>
						<service>
			<serivcename>SdSshGpsQuery</serivcename>
			<protocol>SD_SdSshGpsQuery</protocol>
			</service>
						<service>
			<serivcename>SdZljckwdQuery</serivcename>
			<protocol>SD_SdZljckwdQuery</protocol>
			</service>
						<service>
			<serivcename>SdZljwdbjQuery</serivcename>
			<protocol>SD_SdZljwdbjQuery</protocol>
			</service>
						<service>
			<serivcename>TagNamesInRange2Query</serivcename>
			<protocol>SD_TagNamesInRange2Query</protocol>
			</service>
						<service>
			<serivcename>TagNamesInRange3Query</serivcename>
			<protocol>SD_TagNamesInRange3Query</protocol>
			</service>
						<service>
			<serivcename>TagNamesInRange4Query</serivcename>
			<protocol>SD_TagNamesInRange4Query</protocol>
			</service>
						<service>
			<serivcename>TagNamesInRange5Query</serivcename>
			<protocol>SD_TagNamesInRange5Query</protocol>
			</service>
						<service>
			<serivcename>TagNamesInRangeQuery</serivcename>
			<protocol>SD_TagNamesInRangeQuery</protocol>
			</service>
						<service>
			<serivcename>TagNamesInRangeSt1Query</serivcename>
			<protocol>SD_TagNamesInRangeSt1Query</protocol>
			</service>
						<service>
			<serivcename>TagNamesInRangeSt2Query</serivcename>
			<protocol>SD_TagNamesInRangeSt2Query</protocol>
			</service>
						<service>
			<serivcename>TagNamesInRangeSt3Query</serivcename>
			<protocol>SD_TagNamesInRangeSt3Query</protocol>
			</service>
						<service>
			<serivcename>TagNamesInRangeSt4Query</serivcename>
			<protocol>SD_TagNamesInRangeSt4Query</protocol>
			</service>
						<service>
			<serivcename>TagNamesInRangeSt5Query</serivcename>
			<protocol>SD_TagNamesInRangeSt5Query</protocol>
			</service>
						<service>
			<serivcename>ZhyyQuaBF1L2MSiPredictQuery</serivcename>
			<protocol>SD_ZhyyQuaBF1L2MSiPredictQuery</protocol>
			</service>
						<service>
			<serivcename>ZhyyQuaBF2L2MSiPredictQuery</serivcename>
			<protocol>SD_ZhyyQuaBF2L2MSiPredictQuery</protocol>
			</service>
						<service>
			<serivcename>ZhyyQuaBF3L2MSiPredictQuery</serivcename>
			<protocol>SD_ZhyyQuaBF3L2MSiPredictQuery</protocol>
			</service>
						<service>
			<serivcename>ZhyyQuaBF4L2MSiPredictQuery</serivcename>
			<protocol>SD_ZhyyQuaBF4L2MSiPredictQuery</protocol>
			</service>
						<service>
			<serivcename>ZhyyQuaBF5L2MSiPredictQuery</serivcename>
			<protocol>SD_ZhyyQuaBF5L2MSiPredictQuery</protocol>
			</service>
						<service>
			<serivcename>ZhyyQuaZbTspycqs1Query</serivcename>
			<protocol>SD_ZhyyQuaZbTspycqs1Query</protocol>
			</service>
						<service>
			<serivcename>ZhyyQuaZbTspycqs2Query</serivcename>
			<protocol>SD_ZhyyQuaZbTspycqs2Query</protocol>
			</service>
						<service>
			<serivcename>ZhyyQuaZbTspycqs3Query</serivcename>
			<protocol>SD_ZhyyQuaZbTspycqs3Query</protocol>
			</service>
						<service>
			<serivcename>ZhyyQuaZbTspycqs4Query</serivcename>
			<protocol>SD_ZhyyQuaZbTspycqs4Query</protocol>
			</service>
						<service>
			<serivcename>ZhyyQuaZbTspycqs5Query</serivcename>
			<protocol>SD_ZhyyQuaZbTspycqs5Query</protocol>
			</service>
							</services>
	</servicesystem>
</servicesystems>