<?xml version="1.0" encoding="UTF-8"?>
<servicesystems>
	<servicesystem>
		<serviceSystemName>TGGZJKSYS</serviceSystemName>
		<serviceSystemDesc>特钢钢轧集控二期系统</serviceSystemDesc>
		<hostName/>
		<hostIp/>
		<status>add</status>
		
		<protocols>
								<protocol>TGGZJKSYS_DBRHF1RECOGNITIONRATESTATISTICSQUERY</protocol>
						<protocol>TGGZJKSYS_DBRHF2RECOGNITIONRATESTATISTICSQUERY</protocol>
						<protocol>TGGZJKSYS_DBROLLTRACKQUERY</protocol>
						<protocol>TGGZJKSYS_GXPFTRACKQUERY</protocol>
						<protocol>TGGZJKSYS_GXQueryRecognitionRateStatisticsGroupDayTotal</protocol>
						<protocol>TGGZJKSYS_GXRHFHEATQUERY</protocol>
						<protocol>TGGZJKSYS_GXRHFRECOGNITIONRATESTATISTICSQUERY</protocol>
						<protocol>TGGZJKSYS_GXRHFTRACKQUERY</protocol>
						<protocol>TGGZJKSYS_GXROLLTRACKQUERY</protocol>
						<protocol>TGGZJKSYS_JZRCL2TEMPQUERY</protocol>
						<protocol>TGGZJKSYS_JZRCL2TRACKQUERY</protocol>
						<protocol>TGGZJKSYS_JZRCLTEMPQUERY</protocol>
						<protocol>TGGZJKSYS_JZRCLTRACKQUERY</protocol>
						<protocol>TGGZJKSYS_TDMESSAGEQUERY</protocol>
						<protocol>TGGZJKSYS_TDRHFRECOGNITIONRATESTATISTICSQUERY</protocol>
						<protocol>TGGZJKSYS_TDRHFTEMPQUERY</protocol>
						<protocol>TGGZJKSYS_TDRHFTRACKQUERY</protocol>
						<protocol>TGGZJKSYS_TDROLLTRACKQUERY</protocol>
						<protocol>TGGZJKSYS_TggzEnergyGetEmployeeNoQuery</protocol>
						<protocol>TGGZJKSYS_TggzQualityDbRhf1TempQuery</protocol>
						<protocol>TGGZJKSYS_TggzQualityDbRhf1TrackQuery</protocol>
						<protocol>TGGZJKSYS_TggzQualityDbRhf2TempQuery</protocol>
						<protocol>TGGZJKSYS_TggzQualityDbRhf2TrackQuery</protocol>
						<protocol>TGGZJKSYS_TggzQualityZbAreaAlarmCountQuery</protocol>
						<protocol>TGGZJKSYS_TggzQualityZbAreaAlarmDetailQuery</protocol>
						<protocol>TGGZJKSYS_TggzQualityZbAreaProcessPointsQuery</protocol>
						<protocol>TGGZJKSYS_TggzQualityZbRhfTempQuery</protocol>
						<protocol>TGGZJKSYS_TggzQualityZbRhfTrackQuery</protocol>
						<protocol>TGGZJKSYS_TggzQualityZbTonnageRecordQuery</protocol>
						<protocol>TGGZJKSYS_TggzQualityZbZxAreaTrackQuery</protocol>
						<protocol>TGGZJKSYS_TggzQualityZbZxTrackQuery</protocol>
						<protocol>TGGZJKSYS_ZBCOLDBEDTRACKQUERY</protocol>
						<protocol>TGGZJKSYS_ZBFINISHRECOGNITIONRATESTATISTICSQUERY</protocol>
						<protocol>TGGZJKSYS_ZBRHFRECOGNITIONRATESTATISTICSQUERY</protocol>
						<protocol>TGGZJKSYS_ZBTRACKFINISHQUERY</protocol>
							</protocols>
		
		<params>
				</params>
		<services>
								<service>
			<serivcename>DBRHF1RECOGNITIONRATESTATISTICSQUERY</serivcename>
			<protocol>TGGZJKSYS_DBRHF1RECOGNITIONRATESTATISTICSQUERY</protocol>
			</service>
						<service>
			<serivcename>DBRHF2RECOGNITIONRATESTATISTICSQUERY</serivcename>
			<protocol>TGGZJKSYS_DBRHF2RECOGNITIONRATESTATISTICSQUERY</protocol>
			</service>
						<service>
			<serivcename>DBROLLTRACKQUERY</serivcename>
			<protocol>TGGZJKSYS_DBROLLTRACKQUERY</protocol>
			</service>
						<service>
			<serivcename>GXPFTRACKQUERY</serivcename>
			<protocol>TGGZJKSYS_GXPFTRACKQUERY</protocol>
			</service>
						<service>
			<serivcename>GXQueryRecognitionRateStatisticsGroupDayTotal</serivcename>
			<protocol>TGGZJKSYS_GXQueryRecognitionRateStatisticsGroupDayTotal</protocol>
			</service>
						<service>
			<serivcename>GXRHFHEATQUERY</serivcename>
			<protocol>TGGZJKSYS_GXRHFHEATQUERY</protocol>
			</service>
						<service>
			<serivcename>GXRHFRECOGNITIONRATESTATISTICSQUERY</serivcename>
			<protocol>TGGZJKSYS_GXRHFRECOGNITIONRATESTATISTICSQUERY</protocol>
			</service>
						<service>
			<serivcename>GXRHFTRACKQUERY</serivcename>
			<protocol>TGGZJKSYS_GXRHFTRACKQUERY</protocol>
			</service>
						<service>
			<serivcename>GXROLLTRACKQUERY</serivcename>
			<protocol>TGGZJKSYS_GXROLLTRACKQUERY</protocol>
			</service>
						<service>
			<serivcename>JZRCL2TEMPQUERY</serivcename>
			<protocol>TGGZJKSYS_JZRCL2TEMPQUERY</protocol>
			</service>
						<service>
			<serivcename>JZRCL2TRACKQUERY</serivcename>
			<protocol>TGGZJKSYS_JZRCL2TRACKQUERY</protocol>
			</service>
						<service>
			<serivcename>JZRCLTEMPQUERY</serivcename>
			<protocol>TGGZJKSYS_JZRCLTEMPQUERY</protocol>
			</service>
						<service>
			<serivcename>JZRCLTRACKQUERY</serivcename>
			<protocol>TGGZJKSYS_JZRCLTRACKQUERY</protocol>
			</service>
						<service>
			<serivcename>TDMESSAGEQUERY</serivcename>
			<protocol>TGGZJKSYS_TDMESSAGEQUERY</protocol>
			</service>
						<service>
			<serivcename>TDRHFRECOGNITIONRATESTATISTICSQUERY</serivcename>
			<protocol>TGGZJKSYS_TDRHFRECOGNITIONRATESTATISTICSQUERY</protocol>
			</service>
						<service>
			<serivcename>TDRHFTEMPQUERY</serivcename>
			<protocol>TGGZJKSYS_TDRHFTEMPQUERY</protocol>
			</service>
						<service>
			<serivcename>TDRHFTRACKQUERY</serivcename>
			<protocol>TGGZJKSYS_TDRHFTRACKQUERY</protocol>
			</service>
						<service>
			<serivcename>TDROLLTRACKQUERY</serivcename>
			<protocol>TGGZJKSYS_TDROLLTRACKQUERY</protocol>
			</service>
						<service>
			<serivcename>TggzEnergyGetEmployeeNoQuery</serivcename>
			<protocol>TGGZJKSYS_TggzEnergyGetEmployeeNoQuery</protocol>
			</service>
						<service>
			<serivcename>TggzQualityDbRhf1TempQuery</serivcename>
			<protocol>TGGZJKSYS_TggzQualityDbRhf1TempQuery</protocol>
			</service>
						<service>
			<serivcename>TggzQualityDbRhf1TrackQuery</serivcename>
			<protocol>TGGZJKSYS_TggzQualityDbRhf1TrackQuery</protocol>
			</service>
						<service>
			<serivcename>TggzQualityDbRhf2TempQuery</serivcename>
			<protocol>TGGZJKSYS_TggzQualityDbRhf2TempQuery</protocol>
			</service>
						<service>
			<serivcename>TggzQualityDbRhf2TrackQuery</serivcename>
			<protocol>TGGZJKSYS_TggzQualityDbRhf2TrackQuery</protocol>
			</service>
						<service>
			<serivcename>TggzQualityZbAreaAlarmCountQuery</serivcename>
			<protocol>TGGZJKSYS_TggzQualityZbAreaAlarmCountQuery</protocol>
			</service>
						<service>
			<serivcename>TggzQualityZbAreaAlarmDetailQuery</serivcename>
			<protocol>TGGZJKSYS_TggzQualityZbAreaAlarmDetailQuery</protocol>
			</service>
						<service>
			<serivcename>TggzQualityZbAreaProcessPointsQuery</serivcename>
			<protocol>TGGZJKSYS_TggzQualityZbAreaProcessPointsQuery</protocol>
			</service>
						<service>
			<serivcename>TggzQualityZbRhfTempQuery</serivcename>
			<protocol>TGGZJKSYS_TggzQualityZbRhfTempQuery</protocol>
			</service>
						<service>
			<serivcename>TggzQualityZbRhfTrackQuery</serivcename>
			<protocol>TGGZJKSYS_TggzQualityZbRhfTrackQuery</protocol>
			</service>
						<service>
			<serivcename>TggzQualityZbTonnageRecordQuery</serivcename>
			<protocol>TGGZJKSYS_TggzQualityZbTonnageRecordQuery</protocol>
			</service>
						<service>
			<serivcename>TggzQualityZbZxAreaTrackQuery</serivcename>
			<protocol>TGGZJKSYS_TggzQualityZbZxAreaTrackQuery</protocol>
			</service>
						<service>
			<serivcename>TggzQualityZbZxTrackQuery</serivcename>
			<protocol>TGGZJKSYS_TggzQualityZbZxTrackQuery</protocol>
			</service>
						<service>
			<serivcename>ZBCOLDBEDTRACKQUERY</serivcename>
			<protocol>TGGZJKSYS_ZBCOLDBEDTRACKQUERY</protocol>
			</service>
						<service>
			<serivcename>ZBFINISHRECOGNITIONRATESTATISTICSQUERY</serivcename>
			<protocol>TGGZJKSYS_ZBFINISHRECOGNITIONRATESTATISTICSQUERY</protocol>
			</service>
						<service>
			<serivcename>ZBRHFRECOGNITIONRATESTATISTICSQUERY</serivcename>
			<protocol>TGGZJKSYS_ZBRHFRECOGNITIONRATESTATISTICSQUERY</protocol>
			</service>
						<service>
			<serivcename>ZBTRACKFINISHQUERY</serivcename>
			<protocol>TGGZJKSYS_ZBTRACKFINISHQUERY</protocol>
			</service>
							</services>
	</servicesystem>
</servicesystems>