<?xml version="1.0" encoding="UTF-8"?>
<servicesystems>
	<servicesystem>
		<serviceSystemName>WMS</serviceSystemName>
		<serviceSystemDesc>金恒-WMS系统</serviceSystemDesc>
		<hostName/>
		<hostIp/>
		<status>add</status>
		
		<protocols>
								<protocol>WMS_EntetReportQuery</protocol>
						<protocol>WMS_FindScanPlanQuery</protocol>
						<protocol>WMS_GetWmsTokenQuery</protocol>
						<protocol>WMS_InAndOutStoreDispatchAdd</protocol>
						<protocol>WMS_MinioUploadAdd</protocol>
						<protocol>WMS_PmOrderSetFindAllQuery</protocol>
						<protocol>WMS_PmStoreFindAllPkQuery</protocol>
						<protocol>WMS_PmStoreFindAllQuery</protocol>
						<protocol>WMS_PmStoreFindTotalQuery</protocol>
						<protocol>WMS_PmStorePkConfirmAdd</protocol>
						<protocol>WMS_RailwayInnerQuery</protocol>
						<protocol>WMS_StoreAndPlanForAppUpdate</protocol>
						<protocol>WMS_StoreAndPlanListUpdate</protocol>
							</protocols>
		
		<params>
				</params>
		<services>
								<service>
			<serivcename>EntetReportQuery</serivcename>
			<protocol>WMS_EntetReportQuery</protocol>
			</service>
						<service>
			<serivcename>FindScanPlanQuery</serivcename>
			<protocol>WMS_FindScanPlanQuery</protocol>
			</service>
						<service>
			<serivcename>GetWmsTokenQuery</serivcename>
			<protocol>WMS_GetWmsTokenQuery</protocol>
			</service>
						<service>
			<serivcename>InAndOutStoreDispatchAdd</serivcename>
			<protocol>WMS_InAndOutStoreDispatchAdd</protocol>
			</service>
						<service>
			<serivcename>MinioUploadAdd</serivcename>
			<protocol>WMS_MinioUploadAdd</protocol>
			</service>
						<service>
			<serivcename>PmOrderSetFindAllQuery</serivcename>
			<protocol>WMS_PmOrderSetFindAllQuery</protocol>
			</service>
						<service>
			<serivcename>PmStoreFindAllPkQuery</serivcename>
			<protocol>WMS_PmStoreFindAllPkQuery</protocol>
			</service>
						<service>
			<serivcename>PmStoreFindAllQuery</serivcename>
			<protocol>WMS_PmStoreFindAllQuery</protocol>
			</service>
						<service>
			<serivcename>PmStoreFindTotalQuery</serivcename>
			<protocol>WMS_PmStoreFindTotalQuery</protocol>
			</service>
						<service>
			<serivcename>PmStorePkConfirmAdd</serivcename>
			<protocol>WMS_PmStorePkConfirmAdd</protocol>
			</service>
						<service>
			<serivcename>RailwayInnerQuery</serivcename>
			<protocol>WMS_RailwayInnerQuery</protocol>
			</service>
						<service>
			<serivcename>StoreAndPlanForAppUpdate</serivcename>
			<protocol>WMS_StoreAndPlanForAppUpdate</protocol>
			</service>
						<service>
			<serivcename>StoreAndPlanListUpdate</serivcename>
			<protocol>WMS_StoreAndPlanListUpdate</protocol>
			</service>
							</services>
	</servicesystem>
</servicesystems>