<?xml version="1.0" encoding="UTF-8"?>
<servicesystems>
	<servicesystem>
		<serviceSystemName>XCYSYS</serviceSystemName>
		<serviceSystemDesc>新产业信息化系统</serviceSystemDesc>
		<hostName/>
		<hostIp/>
		<status>add</status>
		
		<protocols>
								<protocol>XCYSYS_XcyBaseIUFODataWSQuery</protocol>
						<protocol>XCYSYS_XcyFlowReturnFormalNotice</protocol>
						<protocol>XCYSYS_XcyFlowReturnTestNotice</protocol>
						<protocol>XCYSYS_XcyGetNcBzFinanceQuery</protocol>
						<protocol>XCYSYS_XcyGetNcGfFinanceQuery</protocol>
						<protocol>XCYSYS_XcyGetNcLhFinanceQuery</protocol>
						<protocol>XCYSYS_XcyModeDbQuery</protocol>
						<protocol>XCYSYS_XcySendOAMessageFormalQuery</protocol>
						<protocol>XCYSYS_XcySendOAMessageTestQuery</protocol>
						<protocol>XCYSYS_XcyWorkflowSizeQuery</protocol>
						<protocol>XCYSYS_ZhyyCoInvestMeetingFlow</protocol>
						<protocol>XCYSYS_ZhyyErpLoginQuery</protocol>
						<protocol>XCYSYS_ZhyyGetDatasFromMDMQuery</protocol>
						<protocol>XCYSYS_ZhyyGetMainErpDataQuery</protocol>
						<protocol>XCYSYS_ZhyyInvestMeetingFlow</protocol>
						<protocol>XCYSYS_ZhyyProjectApprovalFlow</protocol>
						<protocol>XCYSYS_ZhyyReceiveVerificationCodeQuery</protocol>
							</protocols>
		
		<params>
				</params>
		<services>
								<service>
			<serivcename>XcyBaseIUFODataWSQuery</serivcename>
			<protocol>XCYSYS_XcyBaseIUFODataWSQuery</protocol>
			</service>
						<service>
			<serivcename>XcyFlowReturnFormalNotice</serivcename>
			<protocol>XCYSYS_XcyFlowReturnFormalNotice</protocol>
			</service>
						<service>
			<serivcename>XcyFlowReturnTestNotice</serivcename>
			<protocol>XCYSYS_XcyFlowReturnTestNotice</protocol>
			</service>
						<service>
			<serivcename>XcyGetNcBzFinanceQuery</serivcename>
			<protocol>XCYSYS_XcyGetNcBzFinanceQuery</protocol>
			</service>
						<service>
			<serivcename>XcyGetNcGfFinanceQuery</serivcename>
			<protocol>XCYSYS_XcyGetNcGfFinanceQuery</protocol>
			</service>
						<service>
			<serivcename>XcyGetNcLhFinanceQuery</serivcename>
			<protocol>XCYSYS_XcyGetNcLhFinanceQuery</protocol>
			</service>
						<service>
			<serivcename>XcyModeDbQuery</serivcename>
			<protocol>XCYSYS_XcyModeDbQuery</protocol>
			</service>
						<service>
			<serivcename>XcySendOAMessageFormalQuery</serivcename>
			<protocol>XCYSYS_XcySendOAMessageFormalQuery</protocol>
			</service>
						<service>
			<serivcename>XcySendOAMessageTestQuery</serivcename>
			<protocol>XCYSYS_XcySendOAMessageTestQuery</protocol>
			</service>
						<service>
			<serivcename>XcyWorkflowSizeQuery</serivcename>
			<protocol>XCYSYS_XcyWorkflowSizeQuery</protocol>
			</service>
						<service>
			<serivcename>ZhyyCoInvestMeetingFlow</serivcename>
			<protocol>XCYSYS_ZhyyCoInvestMeetingFlow</protocol>
			</service>
						<service>
			<serivcename>ZhyyErpLoginQuery</serivcename>
			<protocol>XCYSYS_ZhyyErpLoginQuery</protocol>
			</service>
						<service>
			<serivcename>ZhyyGetDatasFromMDMQuery</serivcename>
			<protocol>XCYSYS_ZhyyGetDatasFromMDMQuery</protocol>
			</service>
						<service>
			<serivcename>ZhyyGetMainErpDataQuery</serivcename>
			<protocol>XCYSYS_ZhyyGetMainErpDataQuery</protocol>
			</service>
						<service>
			<serivcename>ZhyyInvestMeetingFlow</serivcename>
			<protocol>XCYSYS_ZhyyInvestMeetingFlow</protocol>
			</service>
						<service>
			<serivcename>ZhyyProjectApprovalFlow</serivcename>
			<protocol>XCYSYS_ZhyyProjectApprovalFlow</protocol>
			</service>
						<service>
			<serivcename>ZhyyReceiveVerificationCodeQuery</serivcename>
			<protocol>XCYSYS_ZhyyReceiveVerificationCodeQuery</protocol>
			</service>
							</services>
	</servicesystem>
</servicesystems>