<?xml version="1.0" encoding="UTF-8"?>
<servicesystems>
	<servicesystem>
		<serviceSystemName>XNFZZL</serviceSystemName>
		<serviceSystemDesc>虚拟仿真转炉</serviceSystemDesc>
		<hostName/>
		<hostIp/>
		<status>add</status>
		
		<protocols>
								<protocol>XNFZZL_SteelConverterScheduleDetailsQuery</protocol>
							</protocols>
		
		<params>
				</params>
		<services>
								<service>
			<serivcename>SteelConverterScheduleDetailsQuery</serivcename>
			<protocol>XNFZZL_SteelConverterScheduleDetailsQuery</protocol>
			</service>
							</services>
	</servicesystem>
</servicesystems>