<?xml version="1.0" encoding="UTF-8"?>
<servicesystems>
	<servicesystem>
		<serviceSystemName>YQSYS</serviceSystemName>
		<serviceSystemDesc>南钢疫情系统</serviceSystemDesc>
		<hostName/>
		<hostIp/>
		<status>add</status>
		
		<protocols>
								<protocol>YQSYS_YIQingUploadFiles</protocol>
						<protocol>YQSYS_YiQingAccessControlListQuery</protocol>
						<protocol>YQSYS_YiQingCarControlListQuery</protocol>
						<protocol>YQSYS_YiQingDownFilesByFileId</protocol>
						<protocol>YQSYS_YiQingDtlByCodeListQuery</protocol>
						<protocol>YQSYS_YiQingEpidemicSwitchListQuery</protocol>
						<protocol>YQSYS_YiQingEpidemicTravelReportListQuery</protocol>
						<protocol>YQSYS_YiQingEpidemicTravelReportTYFAdd</protocol>
						<protocol>YQSYS_YiQingEpidemicTravelReportUpdate</protocol>
						<protocol>YQSYS_YiQingEpidemicVaccReportAdd</protocol>
						<protocol>YQSYS_YiQingEpidemicVaccReportDelete</protocol>
						<protocol>YQSYS_YiQingEpidemicVaccReportListQuery</protocol>
						<protocol>YQSYS_YiQingEpidemicVaccReportUpdate</protocol>
						<protocol>YQSYS_YiQingEpidemicVisitorAdd</protocol>
						<protocol>YQSYS_YiQingEpidemicVisitorDelete</protocol>
						<protocol>YQSYS_YiQingEpidemicVisitorIsHighAreaQuery</protocol>
						<protocol>YQSYS_YiQingEpidemicVisitorLeaveUpdate</protocol>
						<protocol>YQSYS_YiQingEpidemicVisitorLisQuery</protocol>
						<protocol>YQSYS_YiQingEpidemicVisitorReturnLeave</protocol>
						<protocol>YQSYS_YiQingEpidemicVisitorUpdate</protocol>
						<protocol>YQSYS_YiQingFirstDeptListQuery</protocol>
						<protocol>YQSYS_YiQingHandleConfirm</protocol>
						<protocol>YQSYS_YiQingHandleGetOneByIdQuery</protocol>
						<protocol>YQSYS_YiQingHandleListQuery</protocol>
						<protocol>YQSYS_YiQingHandleTravelListQuery</protocol>
						<protocol>YQSYS_YiQingIsHighAreaQuery</protocol>
						<protocol>YQSYS_YiQingIsolationStatuListQuery</protocol>
						<protocol>YQSYS_YiQingLogisticsListQuery</protocol>
						<protocol>YQSYS_YiQingOcrVaccStatusQuery</protocol>
						<protocol>YQSYS_YiQingStaffhealthReportAdd</protocol>
						<protocol>YQSYS_YiQingStaffhealthReportDelete</protocol>
						<protocol>YQSYS_YiQingStaffhealthReportListQuery</protocol>
						<protocol>YQSYS_YiQingStaffhealthReportUpdate</protocol>
						<protocol>YQSYS_YiQingTravelByIdQuery</protocol>
						<protocol>YQSYS_YiQingTravelReportInfoDelete</protocol>
						<protocol>YQSYS_YiQingUserFirstDeptQuery</protocol>
						<protocol>YQSYS_YiQingUserInfoByStrAccountQuery</protocol>
						<protocol>YQSYS_YiQingVacctestOcrAdd</protocol>
						<protocol>YQSYS_YiQingVacctestOcrDelete</protocol>
						<protocol>YQSYS_YiQingVacctestOcrListQuery</protocol>
							</protocols>
		
		<params>
				</params>
		<services>
								<service>
			<serivcename>YiQingAccessControlListQuery</serivcename>
			<protocol>YQSYS_YiQingAccessControlListQuery</protocol>
			</service>
						<service>
			<serivcename>YiQingCarControlListQuery</serivcename>
			<protocol>YQSYS_YiQingCarControlListQuery</protocol>
			</service>
						<service>
			<serivcename>YiQingDownFilesByFileId</serivcename>
			<protocol>YQSYS_YiQingDownFilesByFileId</protocol>
			</service>
						<service>
			<serivcename>YiQingDtlByCodeListQuery</serivcename>
			<protocol>YQSYS_YiQingDtlByCodeListQuery</protocol>
			</service>
						<service>
			<serivcename>YiQingEpidemicSwitchListQuery</serivcename>
			<protocol>YQSYS_YiQingEpidemicSwitchListQuery</protocol>
			</service>
						<service>
			<serivcename>YiQingEpidemicTravelReportListQuery</serivcename>
			<protocol>YQSYS_YiQingEpidemicTravelReportListQuery</protocol>
			</service>
						<service>
			<serivcename>YiQingEpidemicTravelReportTYFAdd</serivcename>
			<protocol>YQSYS_YiQingEpidemicTravelReportTYFAdd</protocol>
			</service>
						<service>
			<serivcename>YiQingEpidemicTravelReportUpdate</serivcename>
			<protocol>YQSYS_YiQingEpidemicTravelReportUpdate</protocol>
			</service>
						<service>
			<serivcename>YiQingEpidemicVaccReportAdd</serivcename>
			<protocol>YQSYS_YiQingEpidemicVaccReportAdd</protocol>
			</service>
						<service>
			<serivcename>YiQingEpidemicVaccReportDelete</serivcename>
			<protocol>YQSYS_YiQingEpidemicVaccReportDelete</protocol>
			</service>
						<service>
			<serivcename>YiQingEpidemicVaccReportListQuery</serivcename>
			<protocol>YQSYS_YiQingEpidemicVaccReportListQuery</protocol>
			</service>
						<service>
			<serivcename>YiQingEpidemicVaccReportUpdate</serivcename>
			<protocol>YQSYS_YiQingEpidemicVaccReportUpdate</protocol>
			</service>
						<service>
			<serivcename>YiQingEpidemicVisitorAdd</serivcename>
			<protocol>YQSYS_YiQingEpidemicVisitorAdd</protocol>
			</service>
						<service>
			<serivcename>YiQingEpidemicVisitorDelete</serivcename>
			<protocol>YQSYS_YiQingEpidemicVisitorDelete</protocol>
			</service>
						<service>
			<serivcename>YiQingEpidemicVisitorIsHighAreaQuery</serivcename>
			<protocol>YQSYS_YiQingEpidemicVisitorIsHighAreaQuery</protocol>
			</service>
						<service>
			<serivcename>YiQingEpidemicVisitorLeaveUpdate</serivcename>
			<protocol>YQSYS_YiQingEpidemicVisitorLeaveUpdate</protocol>
			</service>
						<service>
			<serivcename>YiQingEpidemicVisitorLisQuery</serivcename>
			<protocol>YQSYS_YiQingEpidemicVisitorLisQuery</protocol>
			</service>
						<service>
			<serivcename>YiQingEpidemicVisitorReturnLeave</serivcename>
			<protocol>YQSYS_YiQingEpidemicVisitorReturnLeave</protocol>
			</service>
						<service>
			<serivcename>YiQingEpidemicVisitorUpdate</serivcename>
			<protocol>YQSYS_YiQingEpidemicVisitorUpdate</protocol>
			</service>
						<service>
			<serivcename>YiQingFirstDeptListQuery</serivcename>
			<protocol>YQSYS_YiQingFirstDeptListQuery</protocol>
			</service>
						<service>
			<serivcename>YiQingHandleConfirm</serivcename>
			<protocol>YQSYS_YiQingHandleConfirm</protocol>
			</service>
						<service>
			<serivcename>YiQingHandleGetOneByIdQuery</serivcename>
			<protocol>YQSYS_YiQingHandleGetOneByIdQuery</protocol>
			</service>
						<service>
			<serivcename>YiQingHandleListQuery</serivcename>
			<protocol>YQSYS_YiQingHandleListQuery</protocol>
			</service>
						<service>
			<serivcename>YiQingHandleTravelListQuery</serivcename>
			<protocol>YQSYS_YiQingHandleTravelListQuery</protocol>
			</service>
						<service>
			<serivcename>YiQingIsHighAreaQuery</serivcename>
			<protocol>YQSYS_YiQingIsHighAreaQuery</protocol>
			</service>
						<service>
			<serivcename>YiQingIsolationStatuListQuery</serivcename>
			<protocol>YQSYS_YiQingIsolationStatuListQuery</protocol>
			</service>
						<service>
			<serivcename>YiQingLogisticsListQuery</serivcename>
			<protocol>YQSYS_YiQingLogisticsListQuery</protocol>
			</service>
						<service>
			<serivcename>YiQingOcrVaccStatusQuery</serivcename>
			<protocol>YQSYS_YiQingOcrVaccStatusQuery</protocol>
			</service>
						<service>
			<serivcename>YiQingStaffhealthReportAdd</serivcename>
			<protocol>YQSYS_YiQingStaffhealthReportAdd</protocol>
			</service>
						<service>
			<serivcename>YiQingStaffhealthReportDelete</serivcename>
			<protocol>YQSYS_YiQingStaffhealthReportDelete</protocol>
			</service>
						<service>
			<serivcename>YiQingStaffhealthReportListQuery</serivcename>
			<protocol>YQSYS_YiQingStaffhealthReportListQuery</protocol>
			</service>
						<service>
			<serivcename>YiQingStaffhealthReportUpdate</serivcename>
			<protocol>YQSYS_YiQingStaffhealthReportUpdate</protocol>
			</service>
						<service>
			<serivcename>YiQingTravelByIdQuery</serivcename>
			<protocol>YQSYS_YiQingTravelByIdQuery</protocol>
			</service>
						<service>
			<serivcename>YiQingTravelReportInfoDelete</serivcename>
			<protocol>YQSYS_YiQingTravelReportInfoDelete</protocol>
			</service>
						<service>
			<serivcename>YIQingUploadFiles</serivcename>
			<protocol>YQSYS_YIQingUploadFiles</protocol>
			</service>
						<service>
			<serivcename>YiQingUserFirstDeptQuery</serivcename>
			<protocol>YQSYS_YiQingUserFirstDeptQuery</protocol>
			</service>
						<service>
			<serivcename>YiQingUserInfoByStrAccountQuery</serivcename>
			<protocol>YQSYS_YiQingUserInfoByStrAccountQuery</protocol>
			</service>
						<service>
			<serivcename>YiQingVacctestOcrAdd</serivcename>
			<protocol>YQSYS_YiQingVacctestOcrAdd</protocol>
			</service>
						<service>
			<serivcename>YiQingVacctestOcrDelete</serivcename>
			<protocol>YQSYS_YiQingVacctestOcrDelete</protocol>
			</service>
						<service>
			<serivcename>YiQingVacctestOcrListQuery</serivcename>
			<protocol>YQSYS_YiQingVacctestOcrListQuery</protocol>
			</service>
							</services>
	</servicesystem>
</servicesystems>