<?xml version="1.0" encoding="UTF-8"?>
<servicesystems>
	<servicesystem>
		<serviceSystemName>YXSJZLDB</serviceSystemName>
		<serviceSystemDesc>智慧营销数据治理</serviceSystemDesc>
		<hostName/>
		<hostIp/>
		<status>add</status>
		
		<protocols>
								<protocol>YXSJZLDB_ZhyyYxScfxQuery</protocol>
							</protocols>
		
		<params>
				</params>
		<services>
								<service>
			<serivcename>ZhyyYxScfxQuery</serivcename>
			<protocol>YXSJZLDB_ZhyyYxScfxQuery</protocol>
			</service>
							</services>
	</servicesystem>
</servicesystems>