<?xml version="1.0" encoding="UTF-8"?>
<servicesystems>
	<servicesystem>
		<serviceSystemName>ZHYQYQDB</serviceSystemName>
		<serviceSystemDesc>智慧园区一期数据库</serviceSystemDesc>
		<hostName/>
		<hostIp/>
		<status>add</status>
		
		<protocols>
								<protocol>ZHYQYQDB_ZhyyAfZbAccessDataDetailPeoQuery</protocol>
						<protocol>ZHYQYQDB_ZhyyAfZbAccessDataSumPeoQuery</protocol>
						<protocol>ZHYQYQDB_ZhyyAfZbAlarmCountQuery</protocol>
						<protocol>ZHYQYQDB_ZhyyAfZbAppApplicationUserCollectIndexQuery</protocol>
						<protocol>ZHYQYQDB_ZhyyAfZbAppApplicationUserCollectSaveQuery</protocol>
						<protocol>ZHYQYQDB_ZhyyAfZbAppUserLoginQuery</protocol>
						<protocol>ZHYQYQDB_ZhyyAfZbCarAppointmentGetByIdQuery</protocol>
						<protocol>ZHYQYQDB_ZhyyAfZbCarAppointmentListQuery</protocol>
						<protocol>ZHYQYQDB_ZhyyAfZbCarAppointmentSaveQuery</protocol>
						<protocol>ZHYQYQDB_ZhyyAfZbCarAppointmentUpdateQuery</protocol>
						<protocol>ZHYQYQDB_ZhyyAfZbCarBlacklistAppletListPageQuery</protocol>
						<protocol>ZHYQYQDB_ZhyyAfZbEleDeviceServiceInfoAppGetByIdQuery</protocol>
						<protocol>ZHYQYQDB_ZhyyAfZbEleDeviceServiceInfoCloseTheCaseQuery</protocol>
						<protocol>ZHYQYQDB_ZhyyAfZbEleRelateSuppliesInfoAppGetByIdQuery</protocol>
						<protocol>ZHYQYQDB_ZhyyAfZbEleRelateSuppliesInfoAppListQuery</protocol>
						<protocol>ZHYQYQDB_ZhyyAfZbEleRelateSuppliesInfoCloseTheCaseQuery</protocol>
						<protocol>ZHYQYQDB_ZhyyAfZbEleWasteSuppliesInfoAppGetByIdQuery</protocol>
						<protocol>ZHYQYQDB_ZhyyAfZbEleWasteSuppliesInfoAppJianZhuangListQuery</protocol>
						<protocol>ZHYQYQDB_ZhyyAfZbEleWasteSuppliesInfoCloseTheCaseQuery</protocol>
						<protocol>ZHYQYQDB_ZhyyAfZbEleWasteSuppliesInfoUpdateJzStatusByIdQuery</protocol>
						<protocol>ZHYQYQDB_ZhyyAfZbFireMonitorPlaceQuery</protocol>
						<protocol>ZHYQYQDB_ZhyyAfZbFireMonitorQuery</protocol>
						<protocol>ZHYQYQDB_ZhyyAfZbJeevesCountQuery</protocol>
						<protocol>ZHYQYQDB_ZhyyAfZbJeevesManagementQuery</protocol>
						<protocol>ZHYQYQDB_ZhyyAfZbMonitorVideoQuery</protocol>
						<protocol>ZHYQYQDB_ZhyyAfZbPcdYqDetailQuery</protocol>
						<protocol>ZHYQYQDB_ZhyyAfZbPerBlacklistAppListQuery</protocol>
						<protocol>ZHYQYQDB_ZhyyAfZbPerPersonnelGateTableEmergencyOpenSubmitQuery</protocol>
						<protocol>ZHYQYQDB_ZhyyAfZbPerPersonnelGateTableGetDoorListQuery</protocol>
						<protocol>ZHYQYQDB_ZhyyAfZbPerPersonnelGateTableGetPassWayListQuery</protocol>
						<protocol>ZHYQYQDB_ZhyyAfZbPersonAppointmentGetByIdQuery</protocol>
						<protocol>ZHYQYQDB_ZhyyAfZbPersonAppointmentGetListByNameQuery</protocol>
						<protocol>ZHYQYQDB_ZhyyAfZbPersonAppointmentGetVisitorListQuery</protocol>
						<protocol>ZHYQYQDB_ZhyyAfZbPersonAppointmentListQuery</protocol>
						<protocol>ZHYQYQDB_ZhyyAfZbPersonAppointmentSaveQuery</protocol>
						<protocol>ZHYQYQDB_ZhyyAfZbPersonAppointmentUpdateQuery</protocol>
						<protocol>ZHYQYQDB_ZhyyAfZbStaffBaseInfoListQuery</protocol>
						<protocol>ZHYQYQDB_ZhyyAfZbStoreAttachUploadQuery</protocol>
						<protocol>ZHYQYQDB_ZhyyAfZbTimeslotCarAppointmentNumListQuery</protocol>
						<protocol>ZHYQYQDB_ZhyyAfZbTrafficViolationQuery</protocol>
						<protocol>ZHYQYQDB_ZhyyAfZbUatApiStoreAttachUploadQuery</protocol>
						<protocol>ZHYQYQDB_ZhyyAfZbUatApiSystemDictGetMapByDicSnQuery</protocol>
						<protocol>ZHYQYQDB_ZhyyAfZbUserGetOneByIdAppQuery</protocol>
						<protocol>ZHYQYQDB_ZhyyAfZbViolateCompanyRankDayQuery</protocol>
						<protocol>ZHYQYQDB_ZhyyAfZbViolateTypeQuery</protocol>
						<protocol>ZHYQYQDB_ZhyyAfZbVisitorApproveGetQrInfoQuery</protocol>
						<protocol>ZHYQYQDB_ZhyyAfZyRoadDeviceRelevantInfoQuery</protocol>
						<protocol>ZHYQYQDB_ZhyyAfzyAlarmDetailQuery</protocol>
						<protocol>ZHYQYQDB_ZhyyAfzyAlarmGetWarningQuery</protocol>
						<protocol>ZHYQYQDB_ZhyyAfzyDailyViolationCountsQuery</protocol>
						<protocol>ZHYQYQDB_ZhyyAfzyPersonInrecordDetailQuery</protocol>
						<protocol>ZHYQYQDB_ZhyyAfzyPersonOutrecordDetailQuery</protocol>
						<protocol>ZHYQYQDB_ZhyyAfzyTodayVehicleViolationDetailQuery</protocol>
						<protocol>ZHYQYQDB_ZhyyYjEmergModeKeyPositionQuery</protocol>
						<protocol>ZHYQYQDB_ZhyyYjEmergencyPlanDataQuery</protocol>
						<protocol>ZHYQYQDB_ZhyyYjWorkSafetyMonitoringDataQuery</protocol>
							</protocols>
		
		<params>
				</params>
		<services>
								<service>
			<serivcename>ZhyyAfZbAccessDataDetailPeoQuery</serivcename>
			<protocol>ZHYQYQDB_ZhyyAfZbAccessDataDetailPeoQuery</protocol>
			</service>
						<service>
			<serivcename>ZhyyAfZbAccessDataSumPeoQuery</serivcename>
			<protocol>ZHYQYQDB_ZhyyAfZbAccessDataSumPeoQuery</protocol>
			</service>
						<service>
			<serivcename>ZhyyAfZbAlarmCountQuery</serivcename>
			<protocol>ZHYQYQDB_ZhyyAfZbAlarmCountQuery</protocol>
			</service>
						<service>
			<serivcename>ZhyyAfZbAppApplicationUserCollectIndexQuery</serivcename>
			<protocol>ZHYQYQDB_ZhyyAfZbAppApplicationUserCollectIndexQuery</protocol>
			</service>
						<service>
			<serivcename>ZhyyAfZbAppApplicationUserCollectSaveQuery</serivcename>
			<protocol>ZHYQYQDB_ZhyyAfZbAppApplicationUserCollectSaveQuery</protocol>
			</service>
						<service>
			<serivcename>ZhyyAfZbAppUserLoginQuery</serivcename>
			<protocol>ZHYQYQDB_ZhyyAfZbAppUserLoginQuery</protocol>
			</service>
						<service>
			<serivcename>ZhyyAfZbCarAppointmentGetByIdQuery</serivcename>
			<protocol>ZHYQYQDB_ZhyyAfZbCarAppointmentGetByIdQuery</protocol>
			</service>
						<service>
			<serivcename>ZhyyAfZbCarAppointmentListQuery</serivcename>
			<protocol>ZHYQYQDB_ZhyyAfZbCarAppointmentListQuery</protocol>
			</service>
						<service>
			<serivcename>ZhyyAfZbCarAppointmentSaveQuery</serivcename>
			<protocol>ZHYQYQDB_ZhyyAfZbCarAppointmentSaveQuery</protocol>
			</service>
						<service>
			<serivcename>ZhyyAfZbCarAppointmentUpdateQuery</serivcename>
			<protocol>ZHYQYQDB_ZhyyAfZbCarAppointmentUpdateQuery</protocol>
			</service>
						<service>
			<serivcename>ZhyyAfZbCarBlacklistAppletListPageQuery</serivcename>
			<protocol>ZHYQYQDB_ZhyyAfZbCarBlacklistAppletListPageQuery</protocol>
			</service>
						<service>
			<serivcename>ZhyyAfZbEleDeviceServiceInfoAppGetByIdQuery</serivcename>
			<protocol>ZHYQYQDB_ZhyyAfZbEleDeviceServiceInfoAppGetByIdQuery</protocol>
			</service>
						<service>
			<serivcename>ZhyyAfZbEleDeviceServiceInfoCloseTheCaseQuery</serivcename>
			<protocol>ZHYQYQDB_ZhyyAfZbEleDeviceServiceInfoCloseTheCaseQuery</protocol>
			</service>
						<service>
			<serivcename>ZhyyAfZbEleRelateSuppliesInfoAppGetByIdQuery</serivcename>
			<protocol>ZHYQYQDB_ZhyyAfZbEleRelateSuppliesInfoAppListQuery</protocol>
			</service>
						<service>
			<serivcename>ZhyyAfZbEleRelateSuppliesInfoAppListQuery</serivcename>
			<protocol>ZHYQYQDB_ZhyyAfZbEleRelateSuppliesInfoAppListQuery</protocol>
			</service>
						<service>
			<serivcename>ZhyyAfZbEleRelateSuppliesInfoCloseTheCaseQuery</serivcename>
			<protocol>ZHYQYQDB_ZhyyAfZbEleRelateSuppliesInfoCloseTheCaseQuery</protocol>
			</service>
						<service>
			<serivcename>ZhyyAfZbEleWasteSuppliesInfoAppGetByIdQuery</serivcename>
			<protocol>ZHYQYQDB_ZhyyAfZbEleWasteSuppliesInfoAppGetByIdQuery</protocol>
			</service>
						<service>
			<serivcename>ZhyyAfZbEleWasteSuppliesInfoAppJianZhuangListQuery</serivcename>
			<protocol>ZHYQYQDB_ZhyyAfZbEleWasteSuppliesInfoAppJianZhuangListQuery</protocol>
			</service>
						<service>
			<serivcename>ZhyyAfZbEleWasteSuppliesInfoCloseTheCaseQuery</serivcename>
			<protocol>ZHYQYQDB_ZhyyAfZbEleRelateSuppliesInfoCloseTheCaseQuery</protocol>
			</service>
						<service>
			<serivcename>ZhyyAfZbEleWasteSuppliesInfoUpdateJzStatusByIdQuery</serivcename>
			<protocol>ZHYQYQDB_ZhyyAfZbEleWasteSuppliesInfoUpdateJzStatusByIdQuery</protocol>
			</service>
						<service>
			<serivcename>ZhyyAfZbFireMonitorPlaceQuery</serivcename>
			<protocol>ZHYQYQDB_ZhyyAfZbFireMonitorPlaceQuery</protocol>
			</service>
						<service>
			<serivcename>ZhyyAfZbFireMonitorQuery</serivcename>
			<protocol>ZHYQYQDB_ZhyyAfZbFireMonitorQuery</protocol>
			</service>
						<service>
			<serivcename>ZhyyAfZbJeevesCountQuery</serivcename>
			<protocol>ZHYQYQDB_ZhyyAfZbJeevesCountQuery</protocol>
			</service>
						<service>
			<serivcename>ZhyyAfZbJeevesManagementQuery</serivcename>
			<protocol>ZHYQYQDB_ZhyyAfZbJeevesManagementQuery</protocol>
			</service>
						<service>
			<serivcename>ZhyyAfZbMonitorVideoQuery</serivcename>
			<protocol>ZHYQYQDB_ZhyyAfZbMonitorVideoQuery</protocol>
			</service>
						<service>
			<serivcename>ZhyyAfZbPcdYqDetailQuery</serivcename>
			<protocol>ZHYQYQDB_ZhyyAfZbPcdYqDetailQuery</protocol>
			</service>
						<service>
			<serivcename>ZhyyAfZbPerBlacklistAppListQuery</serivcename>
			<protocol>ZHYQYQDB_ZhyyAfZbPerBlacklistAppListQuery</protocol>
			</service>
						<service>
			<serivcename>ZhyyAfZbPerPersonnelGateTableEmergencyOpenSubmitQuery</serivcename>
			<protocol>ZHYQYQDB_ZhyyAfZbPerPersonnelGateTableEmergencyOpenSubmitQuery</protocol>
			</service>
						<service>
			<serivcename>ZhyyAfZbPerPersonnelGateTableGetDoorListQuery</serivcename>
			<protocol>ZHYQYQDB_ZhyyAfZbPerPersonnelGateTableGetDoorListQuery</protocol>
			</service>
						<service>
			<serivcename>ZhyyAfZbPerPersonnelGateTableGetPassWayListQuery</serivcename>
			<protocol>ZHYQYQDB_ZhyyAfZbPerPersonnelGateTableGetPassWayListQuery</protocol>
			</service>
						<service>
			<serivcename>ZhyyAfZbPersonAppointmentGetByIdQuery</serivcename>
			<protocol>ZHYQYQDB_ZhyyAfZbPersonAppointmentGetByIdQuery</protocol>
			</service>
						<service>
			<serivcename>ZhyyAfZbPersonAppointmentGetListByNameQuery</serivcename>
			<protocol>ZHYQYQDB_ZhyyAfZbPersonAppointmentGetListByNameQuery</protocol>
			</service>
						<service>
			<serivcename>ZhyyAfZbPersonAppointmentGetVisitorListQuery</serivcename>
			<protocol>ZHYQYQDB_ZhyyAfZbPersonAppointmentGetVisitorListQuery</protocol>
			</service>
						<service>
			<serivcename>ZhyyAfZbPersonAppointmentListQuery</serivcename>
			<protocol>ZHYQYQDB_ZhyyAfZbPersonAppointmentListQuery</protocol>
			</service>
						<service>
			<serivcename>ZhyyAfZbPersonAppointmentSaveQuery</serivcename>
			<protocol>ZHYQYQDB_ZhyyAfZbPersonAppointmentSaveQuery</protocol>
			</service>
						<service>
			<serivcename>ZhyyAfZbPersonAppointmentUpdateQuery</serivcename>
			<protocol>ZHYQYQDB_ZhyyAfZbPersonAppointmentUpdateQuery</protocol>
			</service>
						<service>
			<serivcename>ZhyyAfZbStaffBaseInfoListQuery</serivcename>
			<protocol>ZHYQYQDB_ZhyyAfZbStaffBaseInfoListQuery</protocol>
			</service>
						<service>
			<serivcename>ZhyyAfZbStoreAttachUploadQuery</serivcename>
			<protocol>ZHYQYQDB_ZhyyAfZbStoreAttachUploadQuery</protocol>
			</service>
						<service>
			<serivcename>ZhyyAfZbTimeslotCarAppointmentNumListQuery</serivcename>
			<protocol>ZHYQYQDB_ZhyyAfZbTimeslotCarAppointmentNumListQuery</protocol>
			</service>
						<service>
			<serivcename>ZhyyAfZbTrafficViolationQuery</serivcename>
			<protocol>ZHYQYQDB_ZhyyAfZbTrafficViolationQuery</protocol>
			</service>
						<service>
			<serivcename>ZhyyAfZbUatApiStoreAttachUploadQuery</serivcename>
			<protocol>ZHYQYQDB_ZhyyAfZbUatApiStoreAttachUploadQuery</protocol>
			</service>
						<service>
			<serivcename>ZhyyAfZbUatApiSystemDictGetMapByDicSnQuery</serivcename>
			<protocol>ZHYQYQDB_ZhyyAfZbUatApiSystemDictGetMapByDicSnQuery</protocol>
			</service>
						<service>
			<serivcename>ZhyyAfZbUserGetOneByIdAppQuery</serivcename>
			<protocol>ZHYQYQDB_ZhyyAfZbUserGetOneByIdAppQuery</protocol>
			</service>
						<service>
			<serivcename>ZhyyAfZbViolateCompanyRankDayQuery</serivcename>
			<protocol>ZHYQYQDB_ZhyyAfZbViolateCompanyRankDayQuery</protocol>
			</service>
						<service>
			<serivcename>ZhyyAfZbViolateTypeQuery</serivcename>
			<protocol>ZHYQYQDB_ZhyyAfZbViolateTypeQuery</protocol>
			</service>
						<service>
			<serivcename>ZhyyAfZbVisitorApproveGetQrInfoQuery</serivcename>
			<protocol>ZHYQYQDB_ZhyyAfZbVisitorApproveGetQrInfoQuery</protocol>
			</service>
						<service>
			<serivcename>ZhyyAfzyAlarmDetailQuery</serivcename>
			<protocol>ZHYQYQDB_ZhyyAfzyAlarmDetailQuery</protocol>
			</service>
						<service>
			<serivcename>ZhyyAfzyAlarmGetWarningQuery</serivcename>
			<protocol>ZHYQYQDB_ZhyyAfzyAlarmGetWarningQuery</protocol>
			</service>
						<service>
			<serivcename>ZhyyAfzyDailyViolationCountsQuery</serivcename>
			<protocol>ZHYQYQDB_ZhyyAfzyDailyViolationCountsQuery</protocol>
			</service>
						<service>
			<serivcename>ZhyyAfzyPersonInrecordDetailQuery</serivcename>
			<protocol>ZHYQYQDB_ZhyyAfzyPersonInrecordDetailQuery</protocol>
			</service>
						<service>
			<serivcename>ZhyyAfzyPersonOutrecordDetailQuery</serivcename>
			<protocol>ZHYQYQDB_ZhyyAfzyPersonOutrecordDetailQuery</protocol>
			</service>
						<service>
			<serivcename>ZhyyAfZyRoadDeviceRelevantInfoQuery</serivcename>
			<protocol>ZHYQYQDB_ZhyyAfZyRoadDeviceRelevantInfoQuery</protocol>
			</service>
						<service>
			<serivcename>ZhyyAfzyTodayVehicleViolationDetailQuery</serivcename>
			<protocol>ZHYQYQDB_ZhyyAfzyTodayVehicleViolationDetailQuery</protocol>
			</service>
						<service>
			<serivcename>ZhyyYjEmergencyPlanDataQuery</serivcename>
			<protocol>ZHYQYQDB_ZhyyYjEmergencyPlanDataQuery</protocol>
			</service>
						<service>
			<serivcename>ZhyyYjEmergModeKeyPositionQuery</serivcename>
			<protocol>ZHYQYQDB_ZhyyYjEmergModeKeyPositionQuery</protocol>
			</service>
						<service>
			<serivcename>ZhyyYjWorkSafetyMonitoringDataQuery</serivcename>
			<protocol>ZHYQYQDB_ZhyyYjWorkSafetyMonitoringDataQuery</protocol>
			</service>
							</services>
	</servicesystem>
</servicesystems>