<?xml version="1.0" encoding="UTF-8"?>
<servicesystems>
	<servicesystem>
		<serviceSystemName>ZHYWDB</serviceSystemName>
		<serviceSystemDesc>智慧运维数据库</serviceSystemDesc>
		<hostName/>
		<hostIp/>
		<status>add</status>
		
		<protocols>
								<protocol>ZHYWDB_EquGetcxdngzscQuery</protocol>
						<protocol>ZHYWDB_EquGetcxdrgzscQuery</protocol>
						<protocol>ZHYWDB_EquGetcxdygzscQuery</protocol>
						<protocol>ZHYWDB_ZhyyEquLineNameQuery</protocol>
						<protocol>ZHYWDB_ZhyyEquLineQuery</protocol>
						<protocol>ZHYWDB_ZhyyProFeijhYwWeibihuanQuery</protocol>
						<protocol>ZHYWDB_ZhyyProSbChanxianZhuangtaiQuery</protocol>
						<protocol>ZHYWDB_ZhyyProZbConditionMonitoringListQuery</protocol>
						<protocol>ZHYWDB_ZhyyProZbConditionMonitoringTargetQuery</protocol>
						<protocol>ZHYWDB_ZhyyProZbEqOprDailyFailureDetailsQuery</protocol>
						<protocol>ZHYWDB_ZhyyProZbEqOprMonthFailureDetailsQuery</protocol>
						<protocol>ZHYWDB_ZhyyProZbEqOprTargetQuery</protocol>
						<protocol>ZHYWDB_ZhyyProZbEqReportingTimeQuery</protocol>
						<protocol>ZHYWDB_ZhyyProZbv2DelayManagementDiveQuery</protocol>
						<protocol>ZHYWDB_ZhyyProZbv2PlannedShutdownQuery</protocol>
						<protocol>ZHYWDB_ZhyyProZbv2UnplannedShutdownQuery</protocol>
							</protocols>
		
		<params>
				</params>
		<services>
								<service>
			<serivcename>EquGetcxdngzscQuery</serivcename>
			<protocol>ZHYWDB_EquGetcxdngzscQuery</protocol>
			</service>
						<service>
			<serivcename>EquGetcxdrgzscQuery</serivcename>
			<protocol>ZHYWDB_EquGetcxdrgzscQuery</protocol>
			</service>
						<service>
			<serivcename>EquGetcxdygzscQuery</serivcename>
			<protocol>ZHYWDB_EquGetcxdygzscQuery</protocol>
			</service>
						<service>
			<serivcename>ZhyyEquLineNameQuery</serivcename>
			<protocol>ZHYWDB_ZhyyEquLineNameQuery</protocol>
			</service>
						<service>
			<serivcename>ZhyyEquLineQuery</serivcename>
			<protocol>ZHYWDB_ZhyyEquLineQuery</protocol>
			</service>
						<service>
			<serivcename>ZhyyProFeijhYwWeibihuanQuery</serivcename>
			<protocol>ZHYWDB_ZhyyProFeijhYwWeibihuanQuery</protocol>
			</service>
						<service>
			<serivcename>ZhyyProSbChanxianZhuangtaiQuery</serivcename>
			<protocol>ZHYWDB_ZhyyProSbChanxianZhuangtaiQuery</protocol>
			</service>
						<service>
			<serivcename>ZhyyProZbConditionMonitoringListQuery</serivcename>
			<protocol>ZHYWDB_ZhyyProZbConditionMonitoringListQuery</protocol>
			</service>
						<service>
			<serivcename>ZhyyProZbConditionMonitoringTargetQuery</serivcename>
			<protocol>ZHYWDB_ZhyyProZbConditionMonitoringTargetQuery</protocol>
			</service>
						<service>
			<serivcename>ZhyyProZbEqOprDailyFailureDetailsQuery</serivcename>
			<protocol>ZHYWDB_ZhyyProZbEqOprDailyFailureDetailsQuery</protocol>
			</service>
						<service>
			<serivcename>ZhyyProZbEqOprMonthFailureDetailsQuery</serivcename>
			<protocol>ZHYWDB_ZhyyProZbEqOprMonthFailureDetailsQuery</protocol>
			</service>
						<service>
			<serivcename>ZhyyProZbEqOprTargetQuery</serivcename>
			<protocol>ZHYWDB_ZhyyProZbEqOprTargetQuery</protocol>
			</service>
						<service>
			<serivcename>ZhyyProZbEqReportingTimeQuery</serivcename>
			<protocol>ZHYWDB_ZhyyProZbEqReportingTimeQuery</protocol>
			</service>
						<service>
			<serivcename>ZhyyProZbv2DelayManagementDiveQuery</serivcename>
			<protocol>ZHYWDB_ZhyyProZbv2DelayManagementDiveQuery</protocol>
			</service>
						<service>
			<serivcename>ZhyyProZbv2PlannedShutdownQuery</serivcename>
			<protocol>ZHYWDB_ZhyyProZbv2PlannedShutdownQuery</protocol>
			</service>
						<service>
			<serivcename>ZhyyProZbv2UnplannedShutdownQuery</serivcename>
			<protocol>ZHYWDB_ZhyyProZbv2UnplannedShutdownQuery</protocol>
			</service>
							</services>
	</servicesystem>
</servicesystems>