<?xml version="1.0" encoding="UTF-8"?>
<servicesystems>
	<servicesystem>
		<serviceSystemName>ZHYY</serviceSystemName>
		<serviceSystemDesc>智慧运营</serviceSystemDesc>
		<hostName/>
		<hostIp/>
		<status>add</status>
		
		<protocols>
								<protocol>TBJG_TBJGlistQuery</protocol>
						<protocol>TBJG_TBJGloginQuery</protocol>
						<protocol>ZHYY_ZhyyExtSsoReceiveGetAdminQuery</protocol>
						<protocol>ZHYY_ZhyyExtSsoReceivePageListQuery</protocol>
						<protocol>ZHYY_ZhyyExtSsoReceiveRoleAdd</protocol>
						<protocol>ZHYY_ZhyyExtSsoReceiveRoleAddUserAdd</protocol>
						<protocol>ZHYY_ZhyyExtSsoReceiveRoleDisableUserDel</protocol>
						<protocol>ZHYY_ZhyyExtSsoReceiveRoleModifyUpdate</protocol>
						<protocol>ZHYY_ZhyyExtSsoReceiveRolePageListQuery</protocol>
						<protocol>ZHYY_ZhyyExtSsoReceiveRoleQuery</protocol>
						<protocol>ZHYY_ZhyyExtSsoReceiveUserRoleQuery</protocol>
						<protocol>ZHYY_ZhyyFloodPreventionAccumulatedWater</protocol>
						<protocol>ZHYY_ZhyyFloodPreventionAlarmInfo</protocol>
						<protocol>ZHYY_ZhyyFloodPreventionEventDetail</protocol>
						<protocol>ZHYY_ZhyyFloodPreventionEventPlan</protocol>
						<protocol>ZHYY_ZhyyFloodPreventionGoods</protocol>
						<protocol>ZHYY_ZhyyFloodPreventionGoodsDetail</protocol>
						<protocol>ZHYY_ZhyyFloodPreventionMapPoint</protocol>
						<protocol>ZHYY_ZhyyFloodPreventionMoblieCorrectDetail</protocol>
						<protocol>ZHYY_ZhyyFloodPreventionMoblieCorrectList</protocol>
						<protocol>ZHYY_ZhyyFloodPreventionMoblieCorrectUpdate</protocol>
						<protocol>ZHYY_ZhyyFloodPreventionMoblieEventDetail</protocol>
						<protocol>ZHYY_ZhyyFloodPreventionMoblieEventHandle</protocol>
						<protocol>ZHYY_ZhyyFloodPreventionMoblieEventIssue</protocol>
						<protocol>ZHYY_ZhyyFloodPreventionMoblieEventUpdate</protocol>
						<protocol>ZHYY_ZhyyFloodPreventionMobliePlanDetail</protocol>
						<protocol>ZHYY_ZhyyFloodPreventionMobliePlanList</protocol>
						<protocol>ZHYY_ZhyyFloodPreventionRainfallRecord</protocol>
						<protocol>ZHYY_ZhyyFloodPreventionTeamDetail</protocol>
						<protocol>ZHYY_ZhyyFloodPreventionWaterRecord</protocol>
						<protocol>ZHYY_ZhyyFloodPreventionWeatherForecast</protocol>
						<protocol>ZHYY_ZhyyGZmsFcjsjQuery</protocol>
						<protocol>ZHYY_ZhyyGZmsFcjsyjhdxQuery</protocol>
						<protocol>ZHYY_ZhyyMqphFsdQuery</protocol>
						<protocol>ZHYY_ZhyyMqphXhdQuery</protocol>
						<protocol>ZHYY_ZhyyOrgMonitorWastewaterValueLatest</protocol>
						<protocol>ZHYY_ZhyyProGetCCM0LZHeatNoQuery</protocol>
						<protocol>ZHYY_ZhyyProGetCCM0LZSTLGRDQuery</protocol>
						<protocol>ZHYY_ZhyyProdThroughQuery</protocol>
						<protocol>ZHYY_ZhyyProdTokenQuery</protocol>
						<protocol>ZHYY_ZhyyRuleEngineGetSecurityTaskList</protocol>
						<protocol>ZHYY_ZhyyUatTokenQuery</protocol>
						<protocol>ZHYY_ZhyyUpdateTelPersonStatus</protocol>
							</protocols>
		
		<params>
				</params>
		<services>
								<service>
			<serivcename>TBJGlistQuery</serivcename>
			<protocol>TBJG_TBJGlistQuery</protocol>
			</service>
						<service>
			<serivcename>TBJGloginQuery</serivcename>
			<protocol>TBJG_TBJGloginQuery</protocol>
			</service>
						<service>
			<serivcename>ZhyyExtSsoReceiveGetAdminQuery</serivcename>
			<protocol>ZHYY_ZhyyExtSsoReceiveGetAdminQuery</protocol>
			</service>
						<service>
			<serivcename>ZhyyExtSsoReceivePageListQuery</serivcename>
			<protocol>ZHYY_ZhyyExtSsoReceivePageListQuery</protocol>
			</service>
						<service>
			<serivcename>ZhyyExtSsoReceiveRoleAdd</serivcename>
			<protocol>ZHYY_ZhyyExtSsoReceiveRoleAdd</protocol>
			</service>
						<service>
			<serivcename>ZhyyExtSsoReceiveRoleAddUserAdd</serivcename>
			<protocol>ZHYY_ZhyyExtSsoReceiveRoleAddUserAdd</protocol>
			</service>
						<service>
			<serivcename>ZhyyExtSsoReceiveRoleDisableUserDel</serivcename>
			<protocol>ZHYY_ZhyyExtSsoReceiveRoleDisableUserDel</protocol>
			</service>
						<service>
			<serivcename>ZhyyExtSsoReceiveRoleModifyUpdate</serivcename>
			<protocol>ZHYY_ZhyyExtSsoReceiveRoleModifyUpdate</protocol>
			</service>
						<service>
			<serivcename>ZhyyExtSsoReceiveRolePageListQuery</serivcename>
			<protocol>ZHYY_ZhyyExtSsoReceiveRolePageListQuery</protocol>
			</service>
						<service>
			<serivcename>ZhyyExtSsoReceiveRoleQuery</serivcename>
			<protocol>ZHYY_ZhyyExtSsoReceiveRoleQuery</protocol>
			</service>
						<service>
			<serivcename>ZhyyExtSsoReceiveUserRoleQuery</serivcename>
			<protocol>ZHYY_ZhyyExtSsoReceiveUserRoleQuery</protocol>
			</service>
						<service>
			<serivcename>ZhyyFloodPreventionAccumulatedWater</serivcename>
			<protocol>ZHYY_ZhyyFloodPreventionAccumulatedWater</protocol>
			</service>
						<service>
			<serivcename>ZhyyFloodPreventionAlarmInfo</serivcename>
			<protocol>ZHYY_ZhyyFloodPreventionAlarmInfo</protocol>
			</service>
						<service>
			<serivcename>ZhyyFloodPreventionEventDetail</serivcename>
			<protocol>ZHYY_ZhyyFloodPreventionEventDetail</protocol>
			</service>
						<service>
			<serivcename>ZhyyFloodPreventionEventPlan</serivcename>
			<protocol>ZHYY_ZhyyFloodPreventionEventPlan</protocol>
			</service>
						<service>
			<serivcename>ZhyyFloodPreventionGoods</serivcename>
			<protocol>ZHYY_ZhyyFloodPreventionGoods</protocol>
			</service>
						<service>
			<serivcename>ZhyyFloodPreventionGoodsDetail</serivcename>
			<protocol>ZHYY_ZhyyFloodPreventionGoodsDetail</protocol>
			</service>
						<service>
			<serivcename>ZhyyFloodPreventionMapPoint</serivcename>
			<protocol>ZHYY_ZhyyFloodPreventionMapPoint</protocol>
			</service>
						<service>
			<serivcename>ZhyyFloodPreventionMoblieCorrectDetail</serivcename>
			<protocol>ZHYY_ZhyyFloodPreventionMoblieCorrectDetail</protocol>
			</service>
						<service>
			<serivcename>ZhyyFloodPreventionMoblieCorrectList</serivcename>
			<protocol>ZHYY_ZhyyFloodPreventionMoblieCorrectList</protocol>
			</service>
						<service>
			<serivcename>ZhyyFloodPreventionMoblieCorrectUpdate</serivcename>
			<protocol>ZHYY_ZhyyFloodPreventionMoblieCorrectUpdate</protocol>
			</service>
						<service>
			<serivcename>ZhyyFloodPreventionMoblieEventDetail</serivcename>
			<protocol>ZHYY_ZhyyFloodPreventionMoblieEventDetail</protocol>
			</service>
						<service>
			<serivcename>ZhyyFloodPreventionMoblieEventHandle</serivcename>
			<protocol>ZHYY_ZhyyFloodPreventionMoblieEventHandle</protocol>
			</service>
						<service>
			<serivcename>ZhyyFloodPreventionMoblieEventIssue</serivcename>
			<protocol>ZHYY_ZhyyFloodPreventionMoblieEventIssue</protocol>
			</service>
						<service>
			<serivcename>ZhyyFloodPreventionMoblieEventUpdate</serivcename>
			<protocol>ZHYY_ZhyyFloodPreventionMoblieEventUpdate</protocol>
			</service>
						<service>
			<serivcename>ZhyyFloodPreventionMobliePlanDetail</serivcename>
			<protocol>ZHYY_ZhyyFloodPreventionMobliePlanDetail</protocol>
			</service>
						<service>
			<serivcename>ZhyyFloodPreventionMobliePlanList</serivcename>
			<protocol>ZHYY_ZhyyFloodPreventionMobliePlanList</protocol>
			</service>
						<service>
			<serivcename>ZhyyFloodPreventionRainfallRecord</serivcename>
			<protocol>ZHYY_ZhyyFloodPreventionRainfallRecord</protocol>
			</service>
						<service>
			<serivcename>ZhyyFloodPreventionTeamDetail</serivcename>
			<protocol>ZHYY_ZhyyFloodPreventionTeamDetail</protocol>
			</service>
						<service>
			<serivcename>ZhyyFloodPreventionWaterRecord</serivcename>
			<protocol>ZHYY_ZhyyFloodPreventionWaterRecord</protocol>
			</service>
						<service>
			<serivcename>ZhyyFloodPreventionWeatherForecast</serivcename>
			<protocol>ZHYY_ZhyyFloodPreventionWeatherForecast</protocol>
			</service>
						<service>
			<serivcename>ZhyyGZmsFcjsjQuery</serivcename>
			<protocol>ZHYY_ZhyyGZmsFcjsjQuery</protocol>
			</service>
						<service>
			<serivcename>ZhyyGZmsFcjsyjhdxQuery</serivcename>
			<protocol>ZHYY_ZhyyGZmsFcjsyjhdxQuery</protocol>
			</service>
						<service>
			<serivcename>ZhyyMqphFsdQuery</serivcename>
			<protocol>ZHYY_ZhyyMqphFsdQuery</protocol>
			</service>
						<service>
			<serivcename>ZhyyMqphXhdQuery</serivcename>
			<protocol>ZHYY_ZhyyMqphXhdQuery</protocol>
			</service>
						<service>
			<serivcename>ZhyyOrgMonitorWastewaterValueLatest</serivcename>
			<protocol>ZHYY_ZhyyOrgMonitorWastewaterValueLatest</protocol>
			</service>
						<service>
			<serivcename>ZhyyProdThroughQuery</serivcename>
			<protocol>ZHYY_ZhyyProdThroughQuery</protocol>
			</service>
						<service>
			<serivcename>ZhyyProdTokenQuery</serivcename>
			<protocol>ZHYY_ZhyyProdTokenQuery</protocol>
			</service>
						<service>
			<serivcename>ZhyyProGetCCM0LZHeatNoQuery</serivcename>
			<protocol>ZHYY_ZhyyProGetCCM0LZHeatNoQuery</protocol>
			</service>
						<service>
			<serivcename>ZhyyProGetCCM0LZSTLGRDQuery</serivcename>
			<protocol>ZHYY_ZhyyProGetCCM0LZSTLGRDQuery</protocol>
			</service>
						<service>
			<serivcename>ZhyyRuleEngineGetSecurityTaskList</serivcename>
			<protocol>ZHYY_ZhyyRuleEngineGetSecurityTaskList</protocol>
			</service>
						<service>
			<serivcename>ZhyyUatTokenQuery</serivcename>
			<protocol>ZHYY_ZhyyUatTokenQuery</protocol>
			</service>
						<service>
			<serivcename>ZhyyUpdateTelPersonStatus</serivcename>
			<protocol>ZHYY_ZhyyUpdateTelPersonStatus</protocol>
			</service>
							</services>
	</servicesystem>
</servicesystems>