<?xml version="1.0" encoding="UTF-8"?>
<servicesystems>
	<servicesystem>
		<serviceSystemName>ZLEJYHLDB</serviceSystemName>
		<serviceSystemDesc>转炉二级一号炉数据库</serviceSystemDesc>
		<hostName/>
		<hostIp/>
		<status>add</status>
		
		<protocols>
								<protocol>ZLEJYHLDB_Cglsj4Query</protocol>
						<protocol>ZLEJYHLDB_Chuilian4Query</protocol>
						<protocol>ZLEJYHLDB_Ckheatno4Query</protocol>
						<protocol>ZLEJYHLDB_Ckzdcf4Query</protocol>
						<protocol>ZLEJYHLDB_Clbof4Query</protocol>
						<protocol>ZLEJYHLDB_Currentchui4Query</protocol>
						<protocol>ZLEJYHLDB_Dtaim4Query</protocol>
						<protocol>ZLEJYHLDB_Dtmz4Query</protocol>
						<protocol>ZLEJYHLDB_Dtqcbof4Query</protocol>
						<protocol>ZLEJYHLDB_Dtqx4Query</protocol>
						<protocol>ZLEJYHLDB_Jlsj4Query</protocol>
						<protocol>ZLEJYHLDB_Refer4Query</protocol>
						<protocol>ZLEJYHLDB_Ssrc4Query</protocol>
						<protocol>ZLEJYHLDB_Yflset4Query</protocol>
							</protocols>
		
		<params>
				</params>
		<services>
								<service>
			<serivcename>Cglsj4Query</serivcename>
			<protocol>ZLEJYHLDB_Cglsj4Query</protocol>
			</service>
						<service>
			<serivcename>Chuilian4Query</serivcename>
			<protocol>ZLEJYHLDB_Chuilian4Query</protocol>
			</service>
						<service>
			<serivcename>Ckheatno4Query</serivcename>
			<protocol>ZLEJYHLDB_Ckheatno4Query</protocol>
			</service>
						<service>
			<serivcename>Ckzdcf4Query</serivcename>
			<protocol>ZLEJYHLDB_Ckzdcf4Query</protocol>
			</service>
						<service>
			<serivcename>Clbof4Query</serivcename>
			<protocol>ZLEJYHLDB_Clbof4Query</protocol>
			</service>
						<service>
			<serivcename>Currentchui4Query</serivcename>
			<protocol>ZLEJYHLDB_Currentchui4Query</protocol>
			</service>
						<service>
			<serivcename>Dtaim4Query</serivcename>
			<protocol>ZLEJYHLDB_Dtaim4Query</protocol>
			</service>
						<service>
			<serivcename>Dtmz4Query</serivcename>
			<protocol>ZLEJYHLDB_Dtmz4Query</protocol>
			</service>
						<service>
			<serivcename>Dtqcbof4Query</serivcename>
			<protocol>ZLEJYHLDB_Dtqcbof4Query</protocol>
			</service>
						<service>
			<serivcename>Dtqx4Query</serivcename>
			<protocol>ZLEJYHLDB_Dtqx4Query</protocol>
			</service>
						<service>
			<serivcename>Jlsj4Query</serivcename>
			<protocol>ZLEJYHLDB_Jlsj4Query</protocol>
			</service>
						<service>
			<serivcename>Refer4Query</serivcename>
			<protocol>ZLEJYHLDB_Refer4Query</protocol>
			</service>
						<service>
			<serivcename>Ssrc4Query</serivcename>
			<protocol>ZLEJYHLDB_Ssrc4Query</protocol>
			</service>
						<service>
			<serivcename>Yflset4Query</serivcename>
			<protocol>ZLEJYHLDB_Yflset4Query</protocol>
			</service>
							</services>
	</servicesystem>
</servicesystems>