<?xml version="1.0" encoding="utf-8"?>
<root>
	<id>DbProcessQuery</id>
	<type>business</type>
	<nickName>DbProcessQuery</nickName>
	<category>TGMESDB</category>
	<lastModified>1757297076038</lastModified>
	<description><![CDATA[大棒工艺路径维护查询]]></description>
	<impl>com.dc.esb.container.service.DefaultBusinessService</impl>
	<passThrough>true</passThrough>
	<contribution/>
	<servicesystem>TGMESDB</servicesystem>
	<adapterFlow>
		<ref>ServiceDspAdaptor</ref>
	</adapterFlow>
	<protocols>
		<slaprotocol>
		</slaprotocol>
		<olaprotocol>
		</olaprotocol>
	<protocol>TGMESDB_DbProcessQuery</protocol></protocols>
</root>