<?xml version="1.0" encoding="UTF-8"?>
<protocol.http protocolName="HTTPServiceConnector" id="XCYDHRXT_SmartParkHaiKangEventBlackSearch"
               ioDirection="DataIn/DataOut"
               mode="synchronous"
               side="client">
   <common uri="https://172.25.61.191:443/artemis/api/frs/v1/event/black/search" serverType="jetty"/>
   <request method="post" encoding="UTF-8" connectTimeout="10000" action="toBytes">
 	   </request>
   <response  readTimeout="10000" encoding="UTF-8" action="toBytes"/>
	<security protocol="SSL" bidirectional="false">
      <keyStore path=""
      			keyMainPass=""
                keyPass=""
                type=""/>
      <trustStore path=""
                  keyPass=""
                  type=""/>
   </security>
	<advanced	 		threadCount="50" 	connPerHostCount="200" 	readTimeout="58000" 	maxConnCount="2000" 	soLinger="0" 	writeBufferSize="2048" 	reuseAddress="true" 	connectionTimeout="10000" 	readBufferSize="2048" 	tcpNoDelay="true" 	threshold="524288" 	truststoreDisable="true"   	 />	
</protocol.http>