<?xml version="1.0" encoding="UTF-8"?>
<servicesystems>
    <servicesystem>
        <serviceSystemName>AQSCJCSYS</serviceSystemName>
        <serviceSystemDesc>安全生产监测系统</serviceSystemDesc>
        <hostName/>
        <hostIp/>
        <status>add</status>

        <protocols>
            <protocol>AQSCJCSYS_ZhaqAlarmSave</protocol>
            <protocol>AQSCJCSYS_ZhaqCheckRecordDetailSave</protocol>
            <protocol>AQSCJCSYS_ZhaqCheckRecordSave</protocol>
            <protocol>AQSCJCSYS_ZhaqDeleteFileById</protocol>
            <protocol>AQSCJCSYS_ZhaqDeviceSave</protocol>
            <protocol>AQSCJCSYS_ZhaqFindJudgmentWarnInfo</protocol>
            <protocol>AQSCJCSYS_ZhaqGetCompanyAccessToken</protocol>
            <protocol>AQSCJCSYS_ZhaqGetFileByRelativeId</protocol>
            <protocol>AQSCJCSYS_ZhaqGetUniqueGlobalId</protocol>
            <protocol>AQSCJCSYS_ZhaqRegularcheckSave</protocol>
            <protocol>AQSCJCSYS_ZhaqSaveByState</protocol>
            <protocol>AQSCJCSYS_ZhaqSaveTargetList</protocol>
            <protocol>AQSCJCSYS_ZhaqScarpRecordSave</protocol>
            <protocol>AQSCJCSYS_ZhaqStopworkRecordSave</protocol>
            <protocol>AQSCJCSYS_ZhaqUpdateByState</protocol>
            <protocol>AQSCJCSYS_ZhaqUpdateFeedBack</protocol>
            <protocol>AQSCJCSYS_ZhaqUploadFile</protocol>
            <protocol>AQSCJCSYS_ZhaqVideoSaveByState</protocol>
            <protocol>AQSCJCSYS_ZhaqWireropeCheckRecordSave</protocol>
            <protocol>AQSCJCSYS_ZhaqWireropeReplaceRecordSave</protocol>
        </protocols>

        <params>
        </params>
        <services>
            <service>
                <serivcename>ZhaqAlarmSave</serivcename>
                <protocol>AQSCJCSYS_ZhaqAlarmSave</protocol>
            </service>
            <service>
                <serivcename>ZhaqCheckRecordDetailSave</serivcename>
                <protocol>AQSCJCSYS_ZhaqCheckRecordDetailSave</protocol>
            </service>
            <service>
                <serivcename>ZhaqCheckRecordSave</serivcename>
                <protocol>AQSCJCSYS_ZhaqCheckRecordSave</protocol>
            </service>
            <service>
                <serivcename>ZhaqDeleteFileById</serivcename>
                <protocol>AQSCJCSYS_ZhaqDeleteFileById</protocol>
            </service>
            <service>
                <serivcename>ZhaqDeviceSave</serivcename>
                <protocol>AQSCJCSYS_ZhaqDeviceSave</protocol>
            </service>
            <service>
                <serivcename>ZhaqFindJudgmentWarnInfo</serivcename>
                <protocol>AQSCJCSYS_ZhaqFindJudgmentWarnInfo</protocol>
            </service>
            <service>
                <serivcename>ZhaqGetCompanyAccessToken</serivcename>
                <protocol>AQSCJCSYS_ZhaqGetCompanyAccessToken</protocol>
            </service>
            <service>
                <serivcename>ZhaqGetFileByRelativeId</serivcename>
                <protocol>AQSCJCSYS_ZhaqGetFileByRelativeId</protocol>
            </service>
            <service>
                <serivcename>ZhaqGetUniqueGlobalId</serivcename>
                <protocol>AQSCJCSYS_ZhaqGetUniqueGlobalId</protocol>
            </service>
            <service>
                <serivcename>ZhaqRegularcheckSave</serivcename>
                <protocol>AQSCJCSYS_ZhaqRegularcheckSave</protocol>
            </service>
            <service>
                <serivcename>ZhaqSaveByState</serivcename>
                <protocol>AQSCJCSYS_ZhaqSaveByState</protocol>
            </service>
            <service>
                <serivcename>ZhaqSaveTargetList</serivcename>
                <protocol>AQSCJCSYS_ZhaqSaveTargetList</protocol>
            </service>
            <service>
                <serivcename>ZhaqScarpRecordSave</serivcename>
                <protocol>AQSCJCSYS_ZhaqScarpRecordSave</protocol>
            </service>
            <service>
                <serivcename>ZhaqStopworkRecordSave</serivcename>
                <protocol>AQSCJCSYS_ZhaqStopworkRecordSave</protocol>
            </service>
            <service>
                <serivcename>ZhaqUpdateByState</serivcename>
                <protocol>AQSCJCSYS_ZhaqUpdateByState</protocol>
            </service>
            <service>
                <serivcename>ZhaqUpdateFeedBack</serivcename>
                <protocol>AQSCJCSYS_ZhaqUpdateFeedBack</protocol>
            </service>
            <service>
                <serivcename>ZhaqUploadFile</serivcename>
                <protocol>AQSCJCSYS_ZhaqUploadFile</protocol>
            </service>
            <service>
                <serivcename>ZhaqVideoSaveByState</serivcename>
                <protocol>AQSCJCSYS_ZhaqVideoSaveByState</protocol>
            </service>
            <service>
                <serivcename>ZhaqWireropeCheckRecordSave</serivcename>
                <protocol>AQSCJCSYS_ZhaqWireropeCheckRecordSave</protocol>
            </service>
            <service>
                <serivcename>ZhaqWireropeReplaceRecordSave</serivcename>
                <protocol>AQSCJCSYS_ZhaqWireropeReplaceRecordSave</protocol>
            </service>
        </services>
    </servicesystem>
</servicesystems>