<?xml version="1.0" encoding="UTF-8"?>
<servicesystems>
	<servicesystem>
		<serviceSystemName>BCMESDB</serviceSystemName>
		<serviceSystemDesc>板材MES数据库</serviceSystemDesc>
		<hostName/>
		<hostIp/>
		<status>add</status>
		
		<protocols>
								<protocol>BCMESDB_BanCaiProductionProcessQuery</protocol>
						<protocol>BCMESDB_BcMesCarbonEmissionDailyQuery</protocol>
						<protocol>BCMESDB_BcmesDgsjQuery_1</protocol>
						<protocol>BCMESDB_BcmesToRyFlagUpdate</protocol>
						<protocol>BCMESDB_BcmesToRyQuery</protocol>
						<protocol>BCMESDB_OneSteelworksTH2Query</protocol>
						<protocol>BCMESDB_ZhyyBcMESBaseDataQuery</protocol>
						<protocol>BCMESDB_ZhyyDdlckhbCpxxQuery</protocol>
						<protocol>BCMESDB_ZhyyDdlckhbCpxxxxdllbQuery</protocol>
						<protocol>BCMESDB_ZhyyDdlckhbCpxxxxxllbQuery</protocol>
						<protocol>BCMESDB_ZhyyDdlckhbDdxxQuery</protocol>
						<protocol>BCMESDB_ZhyyDdlckhbKhcxddhQuery</protocol>
						<protocol>BCMESDB_ZhyyDdlckhbKhcxmcQuery</protocol>
						<protocol>BCMESDB_ZhyyDdlckhbKhcxzzhQuery</protocol>
						<protocol>BCMESDB_ZhyyDdlckhbXzslcmcQuery</protocol>
						<protocol>BCMESDB_ZhyyDdlckhbYlgcgxzhzbQuery</protocol>
						<protocol>BCMESDB_ZhyyDdlckhbYlgcgycsQuery</protocol>
						<protocol>BCMESDB_ZhyyDdlckhbYlgcgycszbQuery</protocol>
						<protocol>BCMESDB_ZhyyDdlckhbYlgcscsjQuery</protocol>
						<protocol>BCMESDB_ZhyyDdlckhbYlgczhpjQuery</protocol>
						<protocol>BCMESDB_ZhyyMasZbBcInspFailureDetailsQuery</protocol>
						<protocol>BCMESDB_ZhyyMasZbBcPerfDqReportQuery</protocol>
						<protocol>BCMESDB_ZhyyMobileMasKeyVarDetnNumQuery</protocol>
						<protocol>BCMESDB_ZhyyMobileMasKeyVarPerfPassRateBcQuery</protocol>
						<protocol>BCMESDB_ZhyyMobileMasPerfPassRateBcQuery</protocol>
						<protocol>BCMESDB_ZhyyMobileMasProcAlarmDisRateQuery</protocol>
						<protocol>BCMESDB_ZhyyMobileMasSteelCompHitRateBcQuery</protocol>
						<protocol>BCMESDB_ZhyyProYlgLFRHLhgzQuery</protocol>
						<protocol>BCMESDB_ZhyyProZbv2SmeltingCycleDetailsYgQuery</protocol>
						<protocol>BCMESDB_ZhyyQuaZbYesterdayBCFlawRateQuery</protocol>
						<protocol>BCMESDB_ZhyyQuaZbYesterdayBCFuncOneRateQuery</protocol>
						<protocol>BCMESDB_ZhyyTd2HIronSteelBalanceSteelSumQuery</protocol>
						<protocol>BCMESDB_ZhyyTdIronStellBalanceQuery</protocol>
						<protocol>BCMESDB_ZhyyTdjqGtPhXqQuery</protocol>
						<protocol>BCMESDB_ZhyyTsfpFirstIronProductionQuery</protocol>
						<protocol>BCMESDB_ZhyyYlgThQuery</protocol>
							</protocols>
		
		<params>
				</params>
		<services>
								<service>
			<serivcename>BanCaiProductionProcessQuery</serivcename>
			<protocol>BCMESDB_BanCaiProductionProcessQuery</protocol>
			</service>
						<service>
			<serivcename>BcMesCarbonEmissionDailyQuery</serivcename>
			<protocol>BCMESDB_BcMesCarbonEmissionDailyQuery</protocol>
			</service>
						<service>
			<serivcename>BcmesDgsjQuery_1</serivcename>
			<protocol>BCMESDB_BcmesDgsjQuery_1</protocol>
			</service>
						<service>
			<serivcename>BcmesToRyFlagUpdate</serivcename>
			<protocol>BCMESDB_BcmesToRyFlagUpdate</protocol>
			</service>
						<service>
			<serivcename>BcmesToRyQuery</serivcename>
			<protocol>BCMESDB_BcmesToRyQuery</protocol>
			</service>
						<service>
			<serivcename>OneSteelworksTH2Query</serivcename>
			<protocol>BCMESDB_OneSteelworksTH2Query</protocol>
			</service>
						<service>
			<serivcename>ZhyyBcMESBaseDataQuery</serivcename>
			<protocol>BCMESDB_ZhyyBcMESBaseDataQuery</protocol>
			</service>
						<service>
			<serivcename>ZhyyDdlckhbCpxxQuery</serivcename>
			<protocol>BCMESDB_ZhyyDdlckhbCpxxQuery</protocol>
			</service>
						<service>
			<serivcename>ZhyyDdlckhbCpxxxxdllbQuery</serivcename>
			<protocol>BCMESDB_ZhyyDdlckhbCpxxxxdllbQuery</protocol>
			</service>
						<service>
			<serivcename>ZhyyDdlckhbCpxxxxxllbQuery</serivcename>
			<protocol>BCMESDB_ZhyyDdlckhbCpxxxxxllbQuery</protocol>
			</service>
						<service>
			<serivcename>ZhyyDdlckhbDdxxQuery</serivcename>
			<protocol>BCMESDB_ZhyyDdlckhbDdxxQuery</protocol>
			</service>
						<service>
			<serivcename>ZhyyDdlckhbKhcxddhQuery</serivcename>
			<protocol>BCMESDB_ZhyyDdlckhbKhcxddhQuery</protocol>
			</service>
						<service>
			<serivcename>ZhyyDdlckhbKhcxmcQuery</serivcename>
			<protocol>BCMESDB_ZhyyDdlckhbKhcxmcQuery</protocol>
			</service>
						<service>
			<serivcename>ZhyyDdlckhbKhcxzzhQuery</serivcename>
			<protocol>BCMESDB_ZhyyDdlckhbKhcxzzhQuery</protocol>
			</service>
						<service>
			<serivcename>ZhyyDdlckhbXzslcmcQuery</serivcename>
			<protocol>BCMESDB_ZhyyDdlckhbXzslcmcQuery</protocol>
			</service>
						<service>
			<serivcename>ZhyyDdlckhbYlgcgxzhzbQuery</serivcename>
			<protocol>BCMESDB_ZhyyDdlckhbYlgcgxzhzbQuery</protocol>
			</service>
						<service>
			<serivcename>ZhyyDdlckhbYlgcgycsQuery</serivcename>
			<protocol>BCMESDB_ZhyyDdlckhbYlgcgycsQuery</protocol>
			</service>
						<service>
			<serivcename>ZhyyDdlckhbYlgcgycszbQuery</serivcename>
			<protocol>BCMESDB_ZhyyDdlckhbYlgcgycszbQuery</protocol>
			</service>
						<service>
			<serivcename>ZhyyDdlckhbYlgcscsjQuery</serivcename>
			<protocol>BCMESDB_ZhyyDdlckhbYlgcscsjQuery</protocol>
			</service>
						<service>
			<serivcename>ZhyyDdlckhbYlgczhpjQuery</serivcename>
			<protocol>BCMESDB_ZhyyDdlckhbYlgczhpjQuery</protocol>
			</service>
						<service>
			<serivcename>ZhyyMasZbBcInspFailureDetailsQuery</serivcename>
			<protocol>BCMESDB_ZhyyMasZbBcInspFailureDetailsQuery</protocol>
			</service>
						<service>
			<serivcename>ZhyyMasZbBcPerfDqReportQuery</serivcename>
			<protocol>BCMESDB_ZhyyMasZbBcPerfDqReportQuery</protocol>
			</service>
						<service>
			<serivcename>ZhyyMobileMasKeyVarDetnNumQuery</serivcename>
			<protocol>BCMESDB_ZhyyMobileMasKeyVarDetnNumQuery</protocol>
			</service>
						<service>
			<serivcename>ZhyyMobileMasKeyVarPerfPassRateBcQuery</serivcename>
			<protocol>BCMESDB_ZhyyMobileMasKeyVarPerfPassRateBcQuery</protocol>
			</service>
						<service>
			<serivcename>ZhyyMobileMasPerfPassRateBcQuery</serivcename>
			<protocol>BCMESDB_ZhyyMobileMasPerfPassRateBcQuery</protocol>
			</service>
						<service>
			<serivcename>ZhyyMobileMasProcAlarmDisRateQuery</serivcename>
			<protocol>BCMESDB_ZhyyMobileMasProcAlarmDisRateQuery</protocol>
			</service>
						<service>
			<serivcename>ZhyyMobileMasSteelCompHitRateBcQuery</serivcename>
			<protocol>BCMESDB_ZhyyMobileMasSteelCompHitRateBcQuery</protocol>
			</service>
						<service>
			<serivcename>ZhyyProYlgLFRHLhgzQuery</serivcename>
			<protocol>BCMESDB_ZhyyProYlgLFRHLhgzQuery</protocol>
			</service>
						<service>
			<serivcename>ZhyyProZbv2SmeltingCycleDetailsYgQuery</serivcename>
			<protocol>BCMESDB_ZhyyProZbv2SmeltingCycleDetailsYgQuery</protocol>
			</service>
						<service>
			<serivcename>ZhyyQuaZbYesterdayBCFlawRateQuery</serivcename>
			<protocol>BCMESDB_ZhyyQuaZbYesterdayBCFlawRateQuery</protocol>
			</service>
						<service>
			<serivcename>ZhyyQuaZbYesterdayBCFuncOneRateQuery</serivcename>
			<protocol>BCMESDB_ZhyyQuaZbYesterdayBCFuncOneRateQuery</protocol>
			</service>
						<service>
			<serivcename>ZhyyTd2HIronSteelBalanceSteelSumQuery</serivcename>
			<protocol>BCMESDB_ZhyyTd2HIronSteelBalanceSteelSumQuery</protocol>
			</service>
						<service>
			<serivcename>ZhyyTdIronStellBalanceQuery</serivcename>
			<protocol>BCMESDB_ZhyyTdIronStellBalanceQuery</protocol>
			</service>
						<service>
			<serivcename>ZhyyTdjqGtPhXqQuery</serivcename>
			<protocol>BCMESDB_ZhyyTdjqGtPhXqQuery</protocol>
			</service>
						<service>
			<serivcename>ZhyyTsfpFirstIronProductionQuery</serivcename>
			<protocol>BCMESDB_ZhyyTsfpFirstIronProductionQuery</protocol>
			</service>
						<service>
			<serivcename>ZhyyYlgThQuery</serivcename>
			<protocol>BCMESDB_ZhyyYlgThQuery</protocol>
			</service>
							</services>
	</servicesystem>
</servicesystems>