<?xml version="1.0" encoding="UTF-8"?>
<servicesystems>
	<servicesystem>
		<serviceSystemName>BCYXDB</serviceSystemName>
		<serviceSystemDesc>板材智慧营销</serviceSystemDesc>
		<hostName/>
		<hostIp/>
		<status>add</status>
		
		<protocols>
								<protocol>BCYXDB_BcyxAmtQuery</protocol>
						<protocol>BCYXDB_BcyxAmtSalesOrgQuery</protocol>
						<protocol>BCYXDB_BcyxBDIPriceQuery</protocol>
						<protocol>BCYXDB_BcyxCXRateQuery</protocol>
						<protocol>BCYXDB_BcyxCXSalesOrgRateQuery</protocol>
						<protocol>BCYXDB_BcyxCokePriceQuery</protocol>
						<protocol>BCYXDB_BcyxCustNoQuery</protocol>
						<protocol>BCYXDB_BcyxCutDealPriceQuery</protocol>
						<protocol>BCYXDB_BcyxDayBPSearchWgtQuery</protocol>
						<protocol>BCYXDB_BcyxDaySearchWgtQuery</protocol>
						<protocol>BCYXDB_BcyxFactoryWgtQuery</protocol>
						<protocol>BCYXDB_BcyxIronPriceQuery</protocol>
						<protocol>BCYXDB_BcyxIronstonePriceQuery</protocol>
						<protocol>BCYXDB_BcyxLineNoQuery</protocol>
						<protocol>BCYXDB_BcyxLineQuery</protocol>
						<protocol>BCYXDB_BcyxLongOrderSalesOrgWgtQuery</protocol>
						<protocol>BCYXDB_BcyxLongOrderWgtQuery</protocol>
						<protocol>BCYXDB_BcyxOrdProductionQuery</protocol>
						<protocol>BCYXDB_BcyxOrderProfitTable1Query</protocol>
						<protocol>BCYXDB_BcyxOrderProfitTable2Query</protocol>
						<protocol>BCYXDB_BcyxOrderRateQuery</protocol>
						<protocol>BCYXDB_BcyxOrderSalesOrgRateQuery</protocol>
						<protocol>BCYXDB_BcyxOrderSpecTableQuery</protocol>
						<protocol>BCYXDB_BcyxPcmlQuery</protocol>
						<protocol>BCYXDB_BcyxPcmlSalesOrgQuery</protocol>
						<protocol>BCYXDB_BcyxProdidQuery</protocol>
						<protocol>BCYXDB_BcyxSalesOrgBPSearchWgtQuery</protocol>
						<protocol>BCYXDB_BcyxSalesOrgDayBPSearchWgtQuery</protocol>
						<protocol>BCYXDB_BcyxSalesOrgDaySearchWgtQuery</protocol>
						<protocol>BCYXDB_BcyxSalesOrgItemQuery</protocol>
						<protocol>BCYXDB_BcyxSalesOrgScoreQuery</protocol>
						<protocol>BCYXDB_BcyxSalesOrgSearchWgtQuery</protocol>
						<protocol>BCYXDB_BcyxSearchWgtQuery</protocol>
						<protocol>BCYXDB_BcyxSizeQuery</protocol>
						<protocol>BCYXDB_BcyxTechnologyQuery</protocol>
						<protocol>BCYXDB_BcyxWarnTextQuery</protocol>
						<protocol>BCYXDB_ORCommonGetInterface</protocol>
						<protocol>BCYXDB_ORCommonGetInterfaceCS</protocol>
						<protocol>BCYXDB_ORCommonPostInterface</protocol>
						<protocol>BCYXDB_ORCommonPostInterfaceCS</protocol>
						<protocol>BCYXDB_SBCommonGetInterface</protocol>
						<protocol>BCYXDB_SBCommonGetInterfaceCS</protocol>
						<protocol>BCYXDB_SBCommonPostInterface</protocol>
						<protocol>BCYXDB_SBCommonPostInterfaceCS</protocol>
						<protocol>BCYXDB_SCCommonGetInterface</protocol>
						<protocol>BCYXDB_SCCommonGetInterfaceCS</protocol>
						<protocol>BCYXDB_SCCommonPostInterface</protocol>
						<protocol>BCYXDB_SCCommonPostInterfaceCS</protocol>
							</protocols>
		
		<params>
				</params>
		<services>
								<service>
			<serivcename>BcyxAmtQuery</serivcename>
			<protocol>BCYXDB_BcyxAmtQuery</protocol>
			</service>
						<service>
			<serivcename>BcyxAmtSalesOrgQuery</serivcename>
			<protocol>BCYXDB_BcyxAmtSalesOrgQuery</protocol>
			</service>
						<service>
			<serivcename>BcyxBDIPriceQuery</serivcename>
			<protocol>BCYXDB_BcyxBDIPriceQuery</protocol>
			</service>
						<service>
			<serivcename>BcyxCokePriceQuery</serivcename>
			<protocol>BCYXDB_BcyxCokePriceQuery</protocol>
			</service>
						<service>
			<serivcename>BcyxCustNoQuery</serivcename>
			<protocol>BCYXDB_BcyxCustNoQuery</protocol>
			</service>
						<service>
			<serivcename>BcyxCutDealPriceQuery</serivcename>
			<protocol>BCYXDB_BcyxCutDealPriceQuery</protocol>
			</service>
						<service>
			<serivcename>BcyxCXRateQuery</serivcename>
			<protocol>BCYXDB_BcyxCXRateQuery</protocol>
			</service>
						<service>
			<serivcename>BcyxCXSalesOrgRateQuery</serivcename>
			<protocol>BCYXDB_BcyxCXSalesOrgRateQuery</protocol>
			</service>
						<service>
			<serivcename>BcyxDayBPSearchWgtQuery</serivcename>
			<protocol>BCYXDB_BcyxDayBPSearchWgtQuery</protocol>
			</service>
						<service>
			<serivcename>BcyxDaySearchWgtQuery</serivcename>
			<protocol>BCYXDB_BcyxDaySearchWgtQuery</protocol>
			</service>
						<service>
			<serivcename>BcyxFactoryWgtQuery</serivcename>
			<protocol>BCYXDB_BcyxFactoryWgtQuery</protocol>
			</service>
						<service>
			<serivcename>BcyxIronPriceQuery</serivcename>
			<protocol>BCYXDB_BcyxIronPriceQuery</protocol>
			</service>
						<service>
			<serivcename>BcyxIronstonePriceQuery</serivcename>
			<protocol>BCYXDB_BcyxIronstonePriceQuery</protocol>
			</service>
						<service>
			<serivcename>BcyxLineNoQuery</serivcename>
			<protocol>BCYXDB_BcyxLineNoQuery</protocol>
			</service>
						<service>
			<serivcename>BcyxLineQuery</serivcename>
			<protocol>BCYXDB_BcyxLineQuery</protocol>
			</service>
						<service>
			<serivcename>BcyxLongOrderSalesOrgWgtQuery</serivcename>
			<protocol>BCYXDB_BcyxLongOrderSalesOrgWgtQuery</protocol>
			</service>
						<service>
			<serivcename>BcyxLongOrderWgtQuery</serivcename>
			<protocol>BCYXDB_BcyxLongOrderWgtQuery</protocol>
			</service>
						<service>
			<serivcename>BcyxOrderProfitTable1Query</serivcename>
			<protocol>BCYXDB_BcyxOrderProfitTable1Query</protocol>
			</service>
						<service>
			<serivcename>BcyxOrderProfitTable2Query</serivcename>
			<protocol>BCYXDB_BcyxOrderProfitTable2Query</protocol>
			</service>
						<service>
			<serivcename>BcyxOrderRateQuery</serivcename>
			<protocol>BCYXDB_BcyxOrderRateQuery</protocol>
			</service>
						<service>
			<serivcename>BcyxOrderSalesOrgRateQuery</serivcename>
			<protocol>BCYXDB_BcyxOrderSalesOrgRateQuery</protocol>
			</service>
						<service>
			<serivcename>BcyxOrderSpecTableQuery</serivcename>
			<protocol>BCYXDB_BcyxOrderSpecTableQuery</protocol>
			</service>
						<service>
			<serivcename>BcyxOrdProductionQuery</serivcename>
			<protocol>BCYXDB_BcyxOrdProductionQuery</protocol>
			</service>
						<service>
			<serivcename>BcyxPcmlQuery</serivcename>
			<protocol>BCYXDB_BcyxPcmlQuery</protocol>
			</service>
						<service>
			<serivcename>BcyxPcmlSalesOrgQuery</serivcename>
			<protocol>BCYXDB_BcyxPcmlSalesOrgQuery</protocol>
			</service>
						<service>
			<serivcename>BcyxProdidQuery</serivcename>
			<protocol>BCYXDB_BcyxProdidQuery</protocol>
			</service>
						<service>
			<serivcename>BcyxSalesOrgBPSearchWgtQuery</serivcename>
			<protocol>BCYXDB_BcyxSalesOrgBPSearchWgtQuery</protocol>
			</service>
						<service>
			<serivcename>BcyxSalesOrgDayBPSearchWgtQuery</serivcename>
			<protocol>BCYXDB_BcyxSalesOrgDayBPSearchWgtQuery</protocol>
			</service>
						<service>
			<serivcename>BcyxSalesOrgDaySearchWgtQuery</serivcename>
			<protocol>BCYXDB_BcyxSalesOrgDaySearchWgtQuery</protocol>
			</service>
						<service>
			<serivcename>BcyxSalesOrgItemQuery</serivcename>
			<protocol>BCYXDB_BcyxSalesOrgItemQuery</protocol>
			</service>
						<service>
			<serivcename>BcyxSalesOrgScoreQuery</serivcename>
			<protocol>BCYXDB_BcyxSalesOrgScoreQuery</protocol>
			</service>
						<service>
			<serivcename>BcyxSalesOrgSearchWgtQuery</serivcename>
			<protocol>BCYXDB_BcyxSalesOrgSearchWgtQuery</protocol>
			</service>
						<service>
			<serivcename>BcyxSearchWgtQuery</serivcename>
			<protocol>BCYXDB_BcyxSearchWgtQuery</protocol>
			</service>
						<service>
			<serivcename>BcyxSizeQuery</serivcename>
			<protocol>BCYXDB_BcyxSizeQuery</protocol>
			</service>
						<service>
			<serivcename>BcyxTechnologyQuery</serivcename>
			<protocol>BCYXDB_BcyxTechnologyQuery</protocol>
			</service>
						<service>
			<serivcename>BcyxWarnTextQuery</serivcename>
			<protocol>BCYXDB_BcyxWarnTextQuery</protocol>
			</service>
						<service>
			<serivcename>ORCommonGetInterface</serivcename>
			<protocol>BCYXDB_ORCommonGetInterface</protocol>
			</service>
						<service>
			<serivcename>ORCommonGetInterfaceCS</serivcename>
			<protocol>BCYXDB_ORCommonGetInterfaceCS</protocol>
			</service>
						<service>
			<serivcename>ORCommonPostInterface</serivcename>
			<protocol>BCYXDB_ORCommonPostInterface</protocol>
			</service>
						<service>
			<serivcename>ORCommonPostInterfaceCS</serivcename>
			<protocol>BCYXDB_ORCommonPostInterfaceCS</protocol>
			</service>
						<service>
			<serivcename>SBCommonGetInterface</serivcename>
			<protocol>BCYXDB_SBCommonGetInterface</protocol>
			</service>
						<service>
			<serivcename>SBCommonGetInterfaceCS</serivcename>
			<protocol>BCYXDB_SBCommonGetInterfaceCS</protocol>
			</service>
						<service>
			<serivcename>SBCommonPostInterface</serivcename>
			<protocol>BCYXDB_SBCommonPostInterface</protocol>
			</service>
						<service>
			<serivcename>SBCommonPostInterfaceCS</serivcename>
			<protocol>BCYXDB_SBCommonPostInterfaceCS</protocol>
			</service>
						<service>
			<serivcename>SCCommonGetInterface</serivcename>
			<protocol>BCYXDB_SCCommonGetInterface</protocol>
			</service>
						<service>
			<serivcename>SCCommonGetInterfaceCS</serivcename>
			<protocol>BCYXDB_SCCommonGetInterfaceCS</protocol>
			</service>
						<service>
			<serivcename>SCCommonPostInterface</serivcename>
			<protocol>BCYXDB_SCCommonPostInterface</protocol>
			</service>
						<service>
			<serivcename>SCCommonPostInterfaceCS</serivcename>
			<protocol>BCYXDB_SCCommonPostInterfaceCS</protocol>
			</service>
							</services>
	</servicesystem>
</servicesystems>