<?xml version="1.0" encoding="UTF-8"?>
<servicesystems>
	<servicesystem>
		<serviceSystemName>CCWLSYS</serviceSystemName>
		<serviceSystemDesc>长材物流系统</serviceSystemDesc>
		<hostName/>
		<hostIp/>
		<status>add</status>
		
		<protocols>
								<protocol>CCWLSYS_ApproveAwaitListQuery</protocol>
						<protocol>CCWLSYS_ApproveCarrierFlow</protocol>
						<protocol>CCWLSYS_ApproveListDetailQuery</protocol>
						<protocol>CCWLSYS_ApproveReturnFlow</protocol>
						<protocol>CCWLSYS_ApproveVarrierSubmitFlow</protocol>
						<protocol>CCWLSYS_AuthorityQuery</protocol>
						<protocol>CCWLSYS_CCWLLoginFlow</protocol>
						<protocol>CCWLSYS_CarPrecontractIdQuery</protocol>
						<protocol>CCWLSYS_CarrierChooseFLow</protocol>
						<protocol>CCWLSYS_CarrierDel</protocol>
						<protocol>CCWLSYS_CarrierInfoQuery</protocol>
						<protocol>CCWLSYS_CarrierPrecontractAdd</protocol>
						<protocol>CCWLSYS_CarrierPrecontractCancelVerfityFlow</protocol>
						<protocol>CCWLSYS_CarrierPrecontractDel</protocol>
						<protocol>CCWLSYS_CarrierPrecontractQuery</protocol>
						<protocol>CCWLSYS_CarrierPrecontractUpdate</protocol>
						<protocol>CCWLSYS_CarrierPrecontractVerfityFlow</protocol>
						<protocol>CCWLSYS_CarrierViorec1ChooseFlow</protocol>
						<protocol>CCWLSYS_ChooseFlow</protocol>
						<protocol>CCWLSYS_ClientUserDetailQuery</protocol>
						<protocol>CCWLSYS_CloseFlow</protocol>
						<protocol>CCWLSYS_CodeScanFlow</protocol>
						<protocol>CCWLSYS_DetailInfoAdd</protocol>
						<protocol>CCWLSYS_DetailInfoDel</protocol>
						<protocol>CCWLSYS_DetailListQuery</protocol>
						<protocol>CCWLSYS_DomainSwitchFlow</protocol>
						<protocol>CCWLSYS_DoorMachineDistributeCancel</protocol>
						<protocol>CCWLSYS_DoorMachineDistributeFlow</protocol>
						<protocol>CCWLSYS_DriverDischargeFlow</protocol>
						<protocol>CCWLSYS_FindUserInfoFlow</protocol>
						<protocol>CCWLSYS_FinishCaseCancel</protocol>
						<protocol>CCWLSYS_FinishCaseFlow</protocol>
						<protocol>CCWLSYS_FittingCancel</protocol>
						<protocol>CCWLSYS_FittingFlow</protocol>
						<protocol>CCWLSYS_FlowCancel</protocol>
						<protocol>CCWLSYS_FlowSystemTypeQuery</protocol>
						<protocol>CCWLSYS_GatekeeperInfoQuery</protocol>
						<protocol>CCWLSYS_MainInfoAddSaveFlow</protocol>
						<protocol>CCWLSYS_MainStatusChooseFlow</protocol>
						<protocol>CCWLSYS_ManualCarCancel</protocol>
						<protocol>CCWLSYS_ManualCarFlow</protocol>
						<protocol>CCWLSYS_ManualCarListQuery</protocol>
						<protocol>CCWLSYS_ManualReportPortCancel</protocol>
						<protocol>CCWLSYS_ManualReportPortFlow</protocol>
						<protocol>CCWLSYS_MarineReverseFinishCaseFlow</protocol>
						<protocol>CCWLSYS_MarineReverseQuery</protocol>
						<protocol>CCWLSYS_ShipArrivalReportListQuery</protocol>
						<protocol>CCWLSYS_ShipChooseListQuery</protocol>
						<protocol>CCWLSYS_ShipNumberQuery</protocol>
						<protocol>CCWLSYS_ShipPretributeNoQuery</protocol>
						<protocol>CCWLSYS_ShipTransportNoQuery</protocol>
						<protocol>CCWLSYS_SpecialMachineCancelVerifyFlow</protocol>
						<protocol>CCWLSYS_SpecialMachineDetailDistributeVerifyFlow</protocol>
						<protocol>CCWLSYS_SpecialMachineDetailQuery</protocol>
						<protocol>CCWLSYS_SpecialMachineDetailUpdate</protocol>
						<protocol>CCWLSYS_SpecialMachineQuery</protocol>
						<protocol>CCWLSYS_SpecialMachineReturnFlow</protocol>
						<protocol>CCWLSYS_SubmitAddAprroveFlow</protocol>
						<protocol>CCWLSYS_SubmitNormalApproveFlow</protocol>
						<protocol>CCWLSYS_TranSportViorec1Query</protocol>
						<protocol>CCWLSYS_WareHouseDetailListQuery</protocol>
							</protocols>
		
		<params>
				</params>
		<services>
								<service>
			<serivcename>ApproveAwaitListQuery</serivcename>
			<protocol>CCWLSYS_ApproveAwaitListQuery</protocol>
			</service>
						<service>
			<serivcename>ApproveCarrierFlow</serivcename>
			<protocol>CCWLSYS_ApproveCarrierFlow</protocol>
			</service>
						<service>
			<serivcename>ApproveListDetailQuery</serivcename>
			<protocol>CCWLSYS_ApproveListDetailQuery</protocol>
			</service>
						<service>
			<serivcename>ApproveReturnFlow</serivcename>
			<protocol>CCWLSYS_ApproveReturnFlow</protocol>
			</service>
						<service>
			<serivcename>ApproveVarrierSubmitFlow</serivcename>
			<protocol>CCWLSYS_ApproveVarrierSubmitFlow</protocol>
			</service>
						<service>
			<serivcename>AuthorityQuery</serivcename>
			<protocol>CCWLSYS_AuthorityQuery</protocol>
			</service>
						<service>
			<serivcename>CarPrecontractIdQuery</serivcename>
			<protocol>CCWLSYS_CarPrecontractIdQuery</protocol>
			</service>
						<service>
			<serivcename>CarrierChooseFLow</serivcename>
			<protocol>CCWLSYS_CarrierChooseFLow</protocol>
			</service>
						<service>
			<serivcename>CarrierDel</serivcename>
			<protocol>CCWLSYS_CarrierDel</protocol>
			</service>
						<service>
			<serivcename>CarrierInfoQuery</serivcename>
			<protocol>CCWLSYS_CarrierInfoQuery</protocol>
			</service>
						<service>
			<serivcename>CarrierPrecontractAdd</serivcename>
			<protocol>CCWLSYS_CarrierPrecontractAdd</protocol>
			</service>
						<service>
			<serivcename>CarrierPrecontractCancelVerfityFlow</serivcename>
			<protocol>CCWLSYS_CarrierPrecontractCancelVerfityFlow</protocol>
			</service>
						<service>
			<serivcename>CarrierPrecontractDel</serivcename>
			<protocol>CCWLSYS_CarrierPrecontractDel</protocol>
			</service>
						<service>
			<serivcename>CarrierPrecontractQuery</serivcename>
			<protocol>CCWLSYS_CarrierPrecontractQuery</protocol>
			</service>
						<service>
			<serivcename>CarrierPrecontractUpdate</serivcename>
			<protocol>CCWLSYS_CarrierPrecontractUpdate</protocol>
			</service>
						<service>
			<serivcename>CarrierPrecontractVerfityFlow</serivcename>
			<protocol>CCWLSYS_CarrierPrecontractVerfityFlow</protocol>
			</service>
						<service>
			<serivcename>CarrierViorec1ChooseFlow</serivcename>
			<protocol>CCWLSYS_CarrierViorec1ChooseFlow</protocol>
			</service>
						<service>
			<serivcename>CCWLLoginFlow</serivcename>
			<protocol>CCWLSYS_CCWLLoginFlow</protocol>
			</service>
						<service>
			<serivcename>ChooseFlow</serivcename>
			<protocol>CCWLSYS_ChooseFlow</protocol>
			</service>
						<service>
			<serivcename>ClientUserDetailQuery</serivcename>
			<protocol>CCWLSYS_ClientUserDetailQuery</protocol>
			</service>
						<service>
			<serivcename>CloseFlow</serivcename>
			<protocol>CCWLSYS_CloseFlow</protocol>
			</service>
						<service>
			<serivcename>CodeScanFlow</serivcename>
			<protocol>CCWLSYS_CodeScanFlow</protocol>
			</service>
						<service>
			<serivcename>DetailInfoAdd</serivcename>
			<protocol>CCWLSYS_DetailInfoAdd</protocol>
			</service>
						<service>
			<serivcename>DetailInfoDel</serivcename>
			<protocol>CCWLSYS_DetailInfoDel</protocol>
			</service>
						<service>
			<serivcename>DetailListQuery</serivcename>
			<protocol>CCWLSYS_DetailListQuery</protocol>
			</service>
						<service>
			<serivcename>DomainSwitchFlow</serivcename>
			<protocol>CCWLSYS_DomainSwitchFlow</protocol>
			</service>
						<service>
			<serivcename>DoorMachineDistributeCancel</serivcename>
			<protocol>CCWLSYS_DoorMachineDistributeCancel</protocol>
			</service>
						<service>
			<serivcename>DoorMachineDistributeFlow</serivcename>
			<protocol>CCWLSYS_DoorMachineDistributeFlow</protocol>
			</service>
						<service>
			<serivcename>DriverDischargeFlow</serivcename>
			<protocol>CCWLSYS_DriverDischargeFlow</protocol>
			</service>
						<service>
			<serivcename>FindUserInfoFlow</serivcename>
			<protocol>CCWLSYS_FindUserInfoFlow</protocol>
			</service>
						<service>
			<serivcename>FinishCaseCancel</serivcename>
			<protocol>CCWLSYS_FinishCaseCancel</protocol>
			</service>
						<service>
			<serivcename>FinishCaseFlow</serivcename>
			<protocol>CCWLSYS_FinishCaseFlow</protocol>
			</service>
						<service>
			<serivcename>FittingCancel</serivcename>
			<protocol>CCWLSYS_FittingCancel</protocol>
			</service>
						<service>
			<serivcename>FittingFlow</serivcename>
			<protocol>CCWLSYS_FittingFlow</protocol>
			</service>
						<service>
			<serivcename>FlowCancel</serivcename>
			<protocol>CCWLSYS_FlowCancel</protocol>
			</service>
						<service>
			<serivcename>FlowSystemTypeQuery</serivcename>
			<protocol>CCWLSYS_FlowSystemTypeQuery</protocol>
			</service>
						<service>
			<serivcename>GatekeeperInfoQuery</serivcename>
			<protocol>CCWLSYS_GatekeeperInfoQuery</protocol>
			</service>
						<service>
			<serivcename>MainInfoAddSaveFlow</serivcename>
			<protocol>CCWLSYS_MainInfoAddSaveFlow</protocol>
			</service>
						<service>
			<serivcename>MainStatusChooseFlow</serivcename>
			<protocol>CCWLSYS_MainStatusChooseFlow</protocol>
			</service>
						<service>
			<serivcename>ManualCarCancel</serivcename>
			<protocol>CCWLSYS_ManualCarCancel</protocol>
			</service>
						<service>
			<serivcename>ManualCarFlow</serivcename>
			<protocol>CCWLSYS_ManualCarFlow</protocol>
			</service>
						<service>
			<serivcename>ManualCarListQuery</serivcename>
			<protocol>CCWLSYS_ManualCarListQuery</protocol>
			</service>
						<service>
			<serivcename>ManualReportPortCancel</serivcename>
			<protocol>CCWLSYS_ManualReportPortCancel</protocol>
			</service>
						<service>
			<serivcename>ManualReportPortFlow</serivcename>
			<protocol>CCWLSYS_ManualReportPortFlow</protocol>
			</service>
						<service>
			<serivcename>MarineReverseFinishCaseFlow</serivcename>
			<protocol>CCWLSYS_MarineReverseFinishCaseFlow</protocol>
			</service>
						<service>
			<serivcename>MarineReverseQuery</serivcename>
			<protocol>CCWLSYS_MarineReverseQuery</protocol>
			</service>
						<service>
			<serivcename>ShipArrivalReportListQuery</serivcename>
			<protocol>CCWLSYS_ShipArrivalReportListQuery</protocol>
			</service>
						<service>
			<serivcename>ShipChooseListQuery</serivcename>
			<protocol>CCWLSYS_ShipChooseListQuery</protocol>
			</service>
						<service>
			<serivcename>ShipNumberQuery</serivcename>
			<protocol>CCWLSYS_ShipNumberQuery</protocol>
			</service>
						<service>
			<serivcename>ShipPretributeNoQuery</serivcename>
			<protocol>CCWLSYS_ShipPretributeNoQuery</protocol>
			</service>
						<service>
			<serivcename>ShipTransportNoQuery</serivcename>
			<protocol>CCWLSYS_ShipTransportNoQuery</protocol>
			</service>
						<service>
			<serivcename>SpecialMachineCancelVerifyFlow</serivcename>
			<protocol>CCWLSYS_SpecialMachineCancelVerifyFlow</protocol>
			</service>
						<service>
			<serivcename>SpecialMachineDetailDistributeVerifyFlow</serivcename>
			<protocol>CCWLSYS_SpecialMachineDetailDistributeVerifyFlow</protocol>
			</service>
						<service>
			<serivcename>SpecialMachineDetailQuery</serivcename>
			<protocol>CCWLSYS_SpecialMachineDetailQuery</protocol>
			</service>
						<service>
			<serivcename>SpecialMachineDetailUpdate</serivcename>
			<protocol>CCWLSYS_SpecialMachineDetailUpdate</protocol>
			</service>
						<service>
			<serivcename>SpecialMachineQuery</serivcename>
			<protocol>CCWLSYS_SpecialMachineQuery</protocol>
			</service>
						<service>
			<serivcename>SpecialMachineReturnFlow</serivcename>
			<protocol>CCWLSYS_SpecialMachineReturnFlow</protocol>
			</service>
						<service>
			<serivcename>SubmitAddAprroveFlow</serivcename>
			<protocol>CCWLSYS_SubmitAddAprroveFlow</protocol>
			</service>
						<service>
			<serivcename>SubmitNormalApproveFlow</serivcename>
			<protocol>CCWLSYS_SubmitNormalApproveFlow</protocol>
			</service>
						<service>
			<serivcename>TranSportViorec1Query</serivcename>
			<protocol>CCWLSYS_TranSportViorec1Query</protocol>
			</service>
						<service>
			<serivcename>WareHouseDetailListQuery</serivcename>
			<protocol>CCWLSYS_WareHouseDetailListQuery</protocol>
			</service>
							</services>
	</servicesystem>
</servicesystems>