<?xml version="1.0" encoding="UTF-8"?>
<servicesystems>
	<servicesystem>
		<serviceSystemName>CENTERIOTSYS</serviceSystemName>
		<serviceSystemDesc>中心loT系统</serviceSystemDesc>
		<hostName/>
		<hostIp/>
		<status>add</status>
		
		<protocols>
								<protocol>CENTERIOTSYS_CenterGetUserAccessToken</protocol>
						<protocol>CENTERIOTSYS_CenterIotValueByIntervalTime</protocol>
						<protocol>CENTERIOTSYS_GetLastValueOfPointFromCenterIot</protocol>
						<protocol>CENTERIOTSYS_GetPointByDeviceId</protocol>
						<protocol>CENTERIOTSYS_GetPointListByPointId</protocol>
						<protocol>CENTERIOTSYS_GetToken</protocol>
						<protocol>CENTERIOTSYS_IOTAvgValuesEveryXMinQuery</protocol>
						<protocol>CENTERIOTSYS_IotGetMethodTestFlow</protocol>
						<protocol>CENTERIOTSYS_IotHWTestInterfaceFlow</protocol>
						<protocol>CENTERIOTSYS_IotNoParamTestFlow</protocol>
						<protocol>CENTERIOTSYS_IotScanCodeTemperatureQuery</protocol>
						<protocol>CENTERIOTSYS_NdIOTAvgValuesEveryXMinQuery</protocol>
						<protocol>CENTERIOTSYS_PointTimeNDataQuery</protocol>
							</protocols>
		
		<params>
				</params>
		<services>
								<service>
			<serivcename>CenterGetUserAccessToken</serivcename>
			<protocol>CENTERIOTSYS_CenterGetUserAccessToken</protocol>
			</service>
						<service>
			<serivcename>CenterIotValueByIntervalTime</serivcename>
			<protocol>CENTERIOTSYS_CenterIotValueByIntervalTime</protocol>
			</service>
						<service>
			<serivcename>GetLastValueOfPointFromCenterIot</serivcename>
			<protocol>CENTERIOTSYS_GetLastValueOfPointFromCenterIot</protocol>
			</service>
						<service>
			<serivcename>GetPointByDeviceId</serivcename>
			<protocol>CENTERIOTSYS_GetPointByDeviceId</protocol>
			</service>
						<service>
			<serivcename>GetPointListByPointId</serivcename>
			<protocol>CENTERIOTSYS_GetPointListByPointId</protocol>
			</service>
						<service>
			<serivcename>GetToken</serivcename>
			<protocol>CENTERIOTSYS_GetToken</protocol>
			</service>
						<service>
			<serivcename>IOTAvgValuesEveryXMinQuery</serivcename>
			<protocol>CENTERIOTSYS_IOTAvgValuesEveryXMinQuery</protocol>
			</service>
						<service>
			<serivcename>IotGetMethodTestFlow</serivcename>
			<protocol>CENTERIOTSYS_IotGetMethodTestFlow</protocol>
			</service>
						<service>
			<serivcename>IotHWTestInterfaceFlow</serivcename>
			<protocol>CENTERIOTSYS_IotHWTestInterfaceFlow</protocol>
			</service>
						<service>
			<serivcename>IotNoParamTestFlow</serivcename>
			<protocol>CENTERIOTSYS_IotNoParamTestFlow</protocol>
			</service>
						<service>
			<serivcename>IotScanCodeTemperatureQuery</serivcename>
			<protocol>CENTERIOTSYS_IotScanCodeTemperatureQuery</protocol>
			</service>
						<service>
			<serivcename>NdIOTAvgValuesEveryXMinQuery</serivcename>
			<protocol>CENTERIOTSYS_GetLastValueOfPointFromCenterIot</protocol>
			</service>
						<service>
			<serivcename>PointTimeNDataQuery</serivcename>
			<protocol>CENTERIOTSYS_PointTimeNDataQuery</protocol>
			</service>
							</services>
	</servicesystem>
</servicesystems>