<?xml version="1.0" encoding="UTF-8"?>
<servicesystems>
	<servicesystem>
		<serviceSystemName>CGYTHDB</serviceSystemName>
		<serviceSystemDesc>采购一体化数据库</serviceSystemDesc>
		<hostName/>
		<hostIp/>
		<status>add</status>
		
		<protocols>
								<protocol>CGYTHDB_PurchasePriceEvaluation</protocol>
						<protocol>CGYTHDB_ZhyyGysLxNfQuery</protocol>
						<protocol>CGYTHDB_ZhyyGysMonthQuery</protocol>
						<protocol>CGYTHDB_ZhyyGysNfZsQuery</protocol>
						<protocol>CGYTHDB_ZhyyGysYfQuery</protocol>
						<protocol>CGYTHDB_ZhyyGysYfZsQuery</protocol>
						<protocol>CGYTHDB_ZhyyGysjxwtQuery</protocol>
						<protocol>CGYTHDB_ZhyyGysjxwtapzQuery</protocol>
						<protocol>CGYTHDB_ZhyyGysjxwtayfQuery</protocol>
						<protocol>CGYTHDB_ZhyyGyspjQuery</protocol>
						<protocol>CGYTHDB_ZhyyGyspjzsQuery</protocol>
						<protocol>CGYTHDB_ZhyyGysydyjQuery</protocol>
						<protocol>CGYTHDB_ZhyyGyszzcfmxQuery</protocol>
						<protocol>CGYTHDB_ZhyyMpzgyspjdfmxbQuery</protocol>
						<protocol>CGYTHDB_ZhyySlghjxwtslzxtQuery</protocol>
						<protocol>CGYTHDB_ZhyyYxGcSlQuery</protocol>
						<protocol>CGYTHDB_ZhyyYxGysLxNfQuery</protocol>
						<protocol>CGYTHDB_ZhyyYxGysLxYfQuery</protocol>
						<protocol>CGYTHDB_ZhyyYxGyszzcfzztQuery</protocol>
						<protocol>CGYTHDB_ZhyyYxSclxxllbQuery</protocol>
						<protocol>CGYTHDB_ZhyyYxSybSlQuery</protocol>
						<protocol>CGYTHDB_ZhyyYxWtfxSlQuery</protocol>
							</protocols>
		
		<params>
				</params>
		<services>
								<service>
			<serivcename>PurchasePriceEvaluation</serivcename>
			<protocol>CGYTHDB_PurchasePriceEvaluation</protocol>
			</service>
						<service>
			<serivcename>ZhyyGysjxwtapzQuery</serivcename>
			<protocol>CGYTHDB_ZhyyGysjxwtapzQuery</protocol>
			</service>
						<service>
			<serivcename>ZhyyGysjxwtayfQuery</serivcename>
			<protocol>CGYTHDB_ZhyyGysjxwtayfQuery</protocol>
			</service>
						<service>
			<serivcename>ZhyyGysjxwtQuery</serivcename>
			<protocol>CGYTHDB_ZhyyGysjxwtQuery</protocol>
			</service>
						<service>
			<serivcename>ZhyyGysLxNfQuery</serivcename>
			<protocol>CGYTHDB_ZhyyGysLxNfQuery</protocol>
			</service>
						<service>
			<serivcename>ZhyyGysMonthQuery</serivcename>
			<protocol>CGYTHDB_ZhyyGysMonthQuery</protocol>
			</service>
						<service>
			<serivcename>ZhyyGysNfZsQuery</serivcename>
			<protocol>CGYTHDB_ZhyyGysNfZsQuery</protocol>
			</service>
						<service>
			<serivcename>ZhyyGyspjQuery</serivcename>
			<protocol>CGYTHDB_ZhyyGyspjQuery</protocol>
			</service>
						<service>
			<serivcename>ZhyyGyspjzsQuery</serivcename>
			<protocol>CGYTHDB_ZhyyGyspjzsQuery</protocol>
			</service>
						<service>
			<serivcename>ZhyyGysydyjQuery</serivcename>
			<protocol>CGYTHDB_ZhyyGysydyjQuery</protocol>
			</service>
						<service>
			<serivcename>ZhyyGysYfQuery</serivcename>
			<protocol>CGYTHDB_ZhyyGysYfQuery</protocol>
			</service>
						<service>
			<serivcename>ZhyyGysYfZsQuery</serivcename>
			<protocol>CGYTHDB_ZhyyGysYfZsQuery</protocol>
			</service>
						<service>
			<serivcename>ZhyyGyszzcfmxQuery</serivcename>
			<protocol>CGYTHDB_ZhyyGyszzcfmxQuery</protocol>
			</service>
						<service>
			<serivcename>ZhyyMpzgyspjdfmxbQuery</serivcename>
			<protocol>CGYTHDB_ZhyyMpzgyspjdfmxbQuery</protocol>
			</service>
						<service>
			<serivcename>ZhyySlghjxwtslzxtQuery</serivcename>
			<protocol>CGYTHDB_ZhyySlghjxwtslzxtQuery</protocol>
			</service>
						<service>
			<serivcename>ZhyyYxGcSlQuery</serivcename>
			<protocol>CGYTHDB_ZhyyYxGcSlQuery</protocol>
			</service>
						<service>
			<serivcename>ZhyyYxGysLxNfQuery</serivcename>
			<protocol>CGYTHDB_ZhyyYxGysLxNfQuery</protocol>
			</service>
						<service>
			<serivcename>ZhyyYxGysLxYfQuery</serivcename>
			<protocol>CGYTHDB_ZhyyYxGysLxYfQuery</protocol>
			</service>
						<service>
			<serivcename>ZhyyYxGyszzcfzztQuery</serivcename>
			<protocol>CGYTHDB_ZhyyYxGyszzcfzztQuery</protocol>
			</service>
						<service>
			<serivcename>ZhyyYxSclxxllbQuery</serivcename>
			<protocol>CGYTHDB_ZhyyYxSclxxllbQuery</protocol>
			</service>
						<service>
			<serivcename>ZhyyYxSybSlQuery</serivcename>
			<protocol>CGYTHDB_ZhyyYxSybSlQuery</protocol>
			</service>
						<service>
			<serivcename>ZhyyYxWtfxSlQuery</serivcename>
			<protocol>CGYTHDB_ZhyyYxWtfxSlQuery</protocol>
			</service>
							</services>
	</servicesystem>
</servicesystems>