<?xml version="1.0" encoding="UTF-8"?>
<servicesystems>
	<servicesystem>
		<serviceSystemName>CLMJ</serviceSystemName>
		<serviceSystemDesc>车辆门禁</serviceSystemDesc>
		<hostName/>
		<hostIp/>
		<status>add</status>
		
		<protocols>
								<protocol>CLMJ_APPCommContractsCommQuery</protocol>
						<protocol>CLMJ_ApproveRecordDel</protocol>
						<protocol>CLMJ_ApproveRecordQuery</protocol>
						<protocol>CLMJ_BelongCompanyTypeQuery</protocol>
						<protocol>CLMJ_BidAttachmentDownload</protocol>
						<protocol>CLMJ_BidWebsiteAttachmentDownload</protocol>
						<protocol>CLMJ_CarryMaterialQuery</protocol>
						<protocol>CLMJ_CarryMaterialSubmitFlow</protocol>
						<protocol>CLMJ_CommnQuery</protocol>
						<protocol>CLMJ_EmergencyVehicleApproveDeailCarTypeFlow</protocol>
						<protocol>CLMJ_EmergencyVehicleGatePassFlow</protocol>
						<protocol>CLMJ_EmergencyVehicleMainAdd</protocol>
						<protocol>CLMJ_EmergencyVehicleMainDel</protocol>
						<protocol>CLMJ_EmergencyVehicleMainDetailQuery</protocol>
						<protocol>CLMJ_EmergencyVehicleMainUpdate</protocol>
						<protocol>CLMJ_EmergencyVehicleVerifyFlow</protocol>
						<protocol>CLMJ_GateFluxQuery</protocol>
						<protocol>CLMJ_GatekeeperStatisticsQuery</protocol>
						<protocol>CLMJ_MROMollEntranceProgressQuery</protocol>
						<protocol>CLMJ_MROTemporaryCarMainAdd</protocol>
						<protocol>CLMJ_PdaQueryTelMenu</protocol>
						<protocol>CLMJ_PdaRegistInfoAdd</protocol>
						<protocol>CLMJ_PdaScanDriverQrcodelnsertInfo</protocol>
						<protocol>CLMJ_PdaTransitInfoBySerialNumber</protocol>
						<protocol>CLMJ_PdaUpdateTransitInfo</protocol>
						<protocol>CLMJ_TemporaryCoachMainAdd</protocol>
						<protocol>CLMJ_TemporaryCoachMainDetailQuery</protocol>
						<protocol>CLMJ_TemporaryCoachMainListQuery</protocol>
						<protocol>CLMJ_TemporaryDetailAdd</protocol>
						<protocol>CLMJ_TemporaryDetailDel</protocol>
						<protocol>CLMJ_TemporaryDetailListQuery</protocol>
						<protocol>CLMJ_TemporaryDetailQuery</protocol>
						<protocol>CLMJ_TemporaryDetailUpdate</protocol>
						<protocol>CLMJ_UnusualApproveGateFlow</protocol>
						<protocol>CLMJ_UnusualApproveGateFluxQuery</protocol>
						<protocol>CLMJ_VanServiceInterfaceFlow</protocol>
						<protocol>CLMJ_VehicleApproveCarDetailTypeFlow</protocol>
						<protocol>CLMJ_VehicleBlacklistQuery</protocol>
						<protocol>CLMJ_VehicleCarDetailQuery</protocol>
						<protocol>CLMJ_VehicleEmissionStandardsQuery</protocol>
						<protocol>CLMJ_VehicleEntranceFlow</protocol>
						<protocol>CLMJ_VehicleHistoryCarQuery</protocol>
						<protocol>CLMJ_VehicleMainAdd</protocol>
						<protocol>CLMJ_VehicleMainDel</protocol>
						<protocol>CLMJ_VehicleMainListQuery</protocol>
						<protocol>CLMJ_VehicleMainQuery</protocol>
						<protocol>CLMJ_VehicleMainUpdate</protocol>
						<protocol>CLMJ_VehicleSendERPFlow</protocol>
						<protocol>CLMJ_VehicleTemporaryCarDetailAdd</protocol>
						<protocol>CLMJ_VehicleTemporaryDetailArrivalFlow</protocol>
						<protocol>CLMJ_VehicleTemporaryDetailUserInfoQuery</protocol>
						<protocol>CLMJ_VehicleUserinfoQuery</protocol>
						<protocol>CLMJ_VehicleWithPeopleAdd</protocol>
						<protocol>CLMJ_VehicleWithPeopleDel</protocol>
						<protocol>CLMJ_VehicleWithPeopleQuery</protocol>
						<protocol>CLMJ_VehicleWithPeopleUpdate</protocol>
							</protocols>
		
		<params>
				</params>
		<services>
								<service>
			<serivcename>APPCommContractsCommQuery</serivcename>
			<protocol>CLMJ_APPCommContractsCommQuery</protocol>
			</service>
						<service>
			<serivcename>ApproveRecordDel</serivcename>
			<protocol>CLMJ_ApproveRecordDel</protocol>
			</service>
						<service>
			<serivcename>ApproveRecordQuery</serivcename>
			<protocol>CLMJ_ApproveRecordQuery</protocol>
			</service>
						<service>
			<serivcename>BelongCompanyTypeQuery</serivcename>
			<protocol>CLMJ_BelongCompanyTypeQuery</protocol>
			</service>
						<service>
			<serivcename>BidAttachmentDownload</serivcename>
			<protocol>CLMJ_BidAttachmentDownload</protocol>
			</service>
						<service>
			<serivcename>BidWebsiteAttachmentDownload</serivcename>
			<protocol>CLMJ_BidWebsiteAttachmentDownload</protocol>
			</service>
						<service>
			<serivcename>CarryMaterialQuery</serivcename>
			<protocol>CLMJ_CarryMaterialQuery</protocol>
			</service>
						<service>
			<serivcename>CarryMaterialSubmitFlow</serivcename>
			<protocol>CLMJ_CarryMaterialSubmitFlow</protocol>
			</service>
						<service>
			<serivcename>CommnQuery</serivcename>
			<protocol>CLMJ_CommnQuery</protocol>
			</service>
						<service>
			<serivcename>EmergencyVehicleApproveDeailCarTypeFlow</serivcename>
			<protocol>CLMJ_EmergencyVehicleApproveDeailCarTypeFlow</protocol>
			</service>
						<service>
			<serivcename>EmergencyVehicleGatePassFlow</serivcename>
			<protocol>CLMJ_EmergencyVehicleGatePassFlow</protocol>
			</service>
						<service>
			<serivcename>EmergencyVehicleMainAdd</serivcename>
			<protocol>CLMJ_EmergencyVehicleMainAdd</protocol>
			</service>
						<service>
			<serivcename>EmergencyVehicleMainDel</serivcename>
			<protocol>CLMJ_EmergencyVehicleMainDel</protocol>
			</service>
						<service>
			<serivcename>EmergencyVehicleMainDetailQuery</serivcename>
			<protocol>CLMJ_EmergencyVehicleMainDetailQuery</protocol>
			</service>
						<service>
			<serivcename>EmergencyVehicleMainUpdate</serivcename>
			<protocol>CLMJ_EmergencyVehicleMainUpdate</protocol>
			</service>
						<service>
			<serivcename>EmergencyVehicleVerifyFlow</serivcename>
			<protocol>CLMJ_EmergencyVehicleVerifyFlow</protocol>
			</service>
						<service>
			<serivcename>GateFluxQuery</serivcename>
			<protocol>CLMJ_GateFluxQuery</protocol>
			</service>
						<service>
			<serivcename>GatekeeperStatisticsQuery</serivcename>
			<protocol>CLMJ_GatekeeperStatisticsQuery</protocol>
			</service>
						<service>
			<serivcename>MROMollEntranceProgressQuery</serivcename>
			<protocol>CLMJ_MROMollEntranceProgressQuery</protocol>
			</service>
						<service>
			<serivcename>MROTemporaryCarMainAdd</serivcename>
			<protocol>CLMJ_MROTemporaryCarMainAdd</protocol>
			</service>
						<service>
			<serivcename>PdaQueryTelMenu</serivcename>
			<protocol>CLMJ_PdaQueryTelMenu</protocol>
			</service>
						<service>
			<serivcename>PdaRegistInfoAdd</serivcename>
			<protocol>CLMJ_PdaRegistInfoAdd</protocol>
			</service>
						<service>
			<serivcename>PdaScanDriverQrcodelnsertInfo</serivcename>
			<protocol>CLMJ_PdaScanDriverQrcodelnsertInfo</protocol>
			</service>
						<service>
			<serivcename>PdaTransitInfoBySerialNumber</serivcename>
			<protocol>CLMJ_PdaTransitInfoBySerialNumber</protocol>
			</service>
						<service>
			<serivcename>PdaUpdateTransitInfo</serivcename>
			<protocol>CLMJ_PdaUpdateTransitInfo</protocol>
			</service>
						<service>
			<serivcename>TemporaryCoachMainAdd</serivcename>
			<protocol>CLMJ_TemporaryCoachMainAdd</protocol>
			</service>
						<service>
			<serivcename>TemporaryCoachMainDetailQuery</serivcename>
			<protocol>CLMJ_TemporaryCoachMainDetailQuery</protocol>
			</service>
						<service>
			<serivcename>TemporaryCoachMainListQuery</serivcename>
			<protocol>CLMJ_TemporaryCoachMainListQuery</protocol>
			</service>
						<service>
			<serivcename>TemporaryDetailAdd</serivcename>
			<protocol>CLMJ_TemporaryDetailAdd</protocol>
			</service>
						<service>
			<serivcename>TemporaryDetailDel</serivcename>
			<protocol>CLMJ_TemporaryDetailDel</protocol>
			</service>
						<service>
			<serivcename>TemporaryDetailListQuery</serivcename>
			<protocol>CLMJ_TemporaryDetailListQuery</protocol>
			</service>
						<service>
			<serivcename>TemporaryDetailQuery</serivcename>
			<protocol>CLMJ_TemporaryDetailQuery</protocol>
			</service>
						<service>
			<serivcename>TemporaryDetailUpdate</serivcename>
			<protocol>CLMJ_TemporaryDetailUpdate</protocol>
			</service>
						<service>
			<serivcename>UnusualApproveGateFlow</serivcename>
			<protocol>CLMJ_UnusualApproveGateFlow</protocol>
			</service>
						<service>
			<serivcename>UnusualApproveGateFluxQuery</serivcename>
			<protocol>CLMJ_UnusualApproveGateFluxQuery</protocol>
			</service>
						<service>
			<serivcename>VanServiceInterfaceFlow</serivcename>
			<protocol>CLMJ_VanServiceInterfaceFlow</protocol>
			</service>
						<service>
			<serivcename>VehicleApproveCarDetailTypeFlow</serivcename>
			<protocol>CLMJ_VehicleApproveCarDetailTypeFlow</protocol>
			</service>
						<service>
			<serivcename>VehicleBlacklistQuery</serivcename>
			<protocol>CLMJ_VehicleBlacklistQuery</protocol>
			</service>
						<service>
			<serivcename>VehicleCarDetailQuery</serivcename>
			<protocol>CLMJ_VehicleCarDetailQuery</protocol>
			</service>
						<service>
			<serivcename>VehicleEmissionStandardsQuery</serivcename>
			<protocol>CLMJ_VehicleEmissionStandardsQuery</protocol>
			</service>
						<service>
			<serivcename>VehicleEntranceFlow</serivcename>
			<protocol>CLMJ_VehicleEntranceFlow</protocol>
			</service>
						<service>
			<serivcename>VehicleHistoryCarQuery</serivcename>
			<protocol>CLMJ_VehicleHistoryCarQuery</protocol>
			</service>
						<service>
			<serivcename>VehicleMainAdd</serivcename>
			<protocol>CLMJ_VehicleMainAdd</protocol>
			</service>
						<service>
			<serivcename>VehicleMainDel</serivcename>
			<protocol>CLMJ_VehicleMainDel</protocol>
			</service>
						<service>
			<serivcename>VehicleMainListQuery</serivcename>
			<protocol>CLMJ_VehicleMainListQuery</protocol>
			</service>
						<service>
			<serivcename>VehicleMainQuery</serivcename>
			<protocol>CLMJ_VehicleMainQuery</protocol>
			</service>
						<service>
			<serivcename>VehicleMainUpdate</serivcename>
			<protocol>CLMJ_VehicleMainUpdate</protocol>
			</service>
						<service>
			<serivcename>VehicleSendERPFlow</serivcename>
			<protocol>CLMJ_VehicleSendERPFlow</protocol>
			</service>
						<service>
			<serivcename>VehicleTemporaryCarDetailAdd</serivcename>
			<protocol>CLMJ_VehicleTemporaryCarDetailAdd</protocol>
			</service>
						<service>
			<serivcename>VehicleTemporaryDetailArrivalFlow</serivcename>
			<protocol>CLMJ_VehicleTemporaryDetailArrivalFlow</protocol>
			</service>
						<service>
			<serivcename>VehicleTemporaryDetailUserInfoQuery</serivcename>
			<protocol>CLMJ_VehicleTemporaryDetailUserInfoQuery</protocol>
			</service>
						<service>
			<serivcename>VehicleUserinfoQuery</serivcename>
			<protocol>CLMJ_VehicleUserinfoQuery</protocol>
			</service>
						<service>
			<serivcename>VehicleWithPeopleAdd</serivcename>
			<protocol>CLMJ_VehicleWithPeopleAdd</protocol>
			</service>
						<service>
			<serivcename>VehicleWithPeopleDel</serivcename>
			<protocol>CLMJ_VehicleWithPeopleDel</protocol>
			</service>
						<service>
			<serivcename>VehicleWithPeopleQuery</serivcename>
			<protocol>CLMJ_VehicleWithPeopleQuery</protocol>
			</service>
						<service>
			<serivcename>VehicleWithPeopleUpdate</serivcename>
			<protocol>CLMJ_VehicleWithPeopleUpdate</protocol>
			</service>
							</services>
	</servicesystem>
</servicesystems>