<?xml version="1.0" encoding="UTF-8"?>
<servicesystems>
	<servicesystem>
		<serviceSystemName>DGCNGDB</serviceSystemName>
		<serviceSystemDesc>数据治理中心DGC</serviceSystemDesc>
		<hostName/>
		<hostIp/>
		<status>add</status>
		
		<protocols>
								<protocol>DGCFINDB_DwsFinLargeReductCostsDetailQuery</protocol>
						<protocol>DGCFINDB_GzeqCostDutyLoss</protocol>
						<protocol>DGCNGDB_C1ColdstraightenQuery</protocol>
						<protocol>DGCNGDB_C1DetectionQuery</protocol>
						<protocol>DGCNGDB_C1IncomMachinQuery</protocol>
						<protocol>DGCNGDB_C1OfflineCutQuery</protocol>
						<protocol>DGCNGDB_C1OutsourcedQuery</protocol>
						<protocol>DGCNGDB_C1StraightenQuery</protocol>
						<protocol>DGCNGDB_C1ThickAverageQuery</protocol>
						<protocol>DGCNGDB_C1WidthAverageQuery</protocol>
						<protocol>DGCNGDB_C2ColdstraightenQuery</protocol>
						<protocol>DGCNGDB_C2DetectionQuery</protocol>
						<protocol>DGCNGDB_C2FlattenQuery</protocol>
						<protocol>DGCNGDB_C2IncomMachinQuery</protocol>
						<protocol>DGCNGDB_C2OfflineCutQuery</protocol>
						<protocol>DGCNGDB_C2OutsourcedQuery</protocol>
						<protocol>DGCNGDB_C2ThickAverageQuery</protocol>
						<protocol>DGCNGDB_C2WidthAverageQuery</protocol>
						<protocol>DGCNGDB_C3ColdstraightenQuery</protocol>
						<protocol>DGCNGDB_C3DetectionQuery</protocol>
						<protocol>DGCNGDB_C3FlattenQuery</protocol>
						<protocol>DGCNGDB_C3IncomMachinQuery</protocol>
						<protocol>DGCNGDB_C3OfflineCutQuery</protocol>
						<protocol>DGCNGDB_C3OutsourcedQuery</protocol>
						<protocol>DGCNGDB_C3PretreatmentQuery</protocol>
						<protocol>DGCNGDB_C3ThickAverageQuery</protocol>
						<protocol>DGCNGDB_C3WidthAverageQuery</protocol>
						<protocol>DGCNGDB_ColdCuttingQuery</protocol>
						<protocol>DGCNGDB_ColdstraightenQuery</protocol>
						<protocol>DGCNGDB_ConverterOutputQuery</protocol>
						<protocol>DGCNGDB_DetectionQuery</protocol>
						<protocol>DGCNGDB_FanGong</protocol>
						<protocol>DGCNGDB_FirstIronmakingPlantOutputQuery</protocol>
						<protocol>DGCNGDB_FirstSinteringPlantOutputQuery</protocol>
						<protocol>DGCNGDB_FlattenYieldQuery</protocol>
						<protocol>DGCNGDB_FuelSupplyPlantOutputQuery</protocol>
						<protocol>DGCNGDB_GzeqCostFanGong</protocol>
						<protocol>DGCNGDB_GzeqCostFanGongWords</protocol>
						<protocol>DGCNGDB_GzeqCostFeiAndGai</protocol>
						<protocol>DGCNGDB_GzeqCostKeySteelMonth</protocol>
						<protocol>DGCNGDB_GzeqCostPanFeiWords</protocol>
						<protocol>DGCNGDB_GzeqJzZZDW</protocol>
						<protocol>DGCNGDB_GzeqPaperPfReason</protocol>
						<protocol>DGCNGDB_GzeqZbFanGongQty</protocol>
						<protocol>DGCNGDB_GzeqZbFanGongQtyDesc</protocol>
						<protocol>DGCNGDB_GzeqZbPfGpQty</protocol>
						<protocol>DGCNGDB_GzeqZbPfGpQtyDesc</protocol>
						<protocol>DGCNGDB_HighwayLogisticsQuery</protocol>
						<protocol>DGCNGDB_InspectionDetails</protocol>
						<protocol>DGCNGDB_LimePrdQuery</protocol>
						<protocol>DGCNGDB_LogisticsDailyResultQuery</protocol>
						<protocol>DGCNGDB_MesTgOutputDailyQuery</protocol>
						<protocol>DGCNGDB_NgPowerEnergyDailyDetailQuery</protocol>
						<protocol>DGCNGDB_OfflineCutQuery</protocol>
						<protocol>DGCNGDB_OutputFirstSteelmakingPlantQuery</protocol>
						<protocol>DGCNGDB_PelletPlantOutputQuery</protocol>
						<protocol>DGCNGDB_PlateSteelMonthQuery</protocol>
						<protocol>DGCNGDB_PlateSteelRollingOutputQuery</protocol>
						<protocol>DGCNGDB_ProductionOfRolledProductsQuery</protocol>
						<protocol>DGCNGDB_PurchasedElectricityOutputQuery</protocol>
						<protocol>DGCNGDB_QLTNqisChargeRecordsQuery</protocol>
						<protocol>DGCNGDB_QuadrilateralQuery</protocol>
						<protocol>DGCNGDB_QuadrilateralRateQuery</protocol>
						<protocol>DGCNGDB_RNDERPTBTP08Query</protocol>
						<protocol>DGCNGDB_RailwayLogisticsQuery</protocol>
						<protocol>DGCNGDB_Reclassification</protocol>
						<protocol>DGCNGDB_RoughQuery</protocol>
						<protocol>DGCNGDB_RoughRateQuery</protocol>
						<protocol>DGCNGDB_SecCarOutDoorQuery</protocol>
						<protocol>DGCNGDB_SecondIronmakingPlantOutputQuery</protocol>
						<protocol>DGCNGDB_SecondSinteringPlantOutputQuery</protocol>
						<protocol>DGCNGDB_SecondSteelmakingPlantOutputQuery</protocol>
						<protocol>DGCNGDB_ShippingLogisticsQuery</protocol>
						<protocol>DGCNGDB_SingleYieldQuery</protocol>
						<protocol>DGCNGDB_SingleYieldRateQuery</protocol>
						<protocol>DGCNGDB_SteelDynamicsC1Query</protocol>
						<protocol>DGCNGDB_SteelDynamicsC2Query</protocol>
						<protocol>DGCNGDB_SteelDynamicsC3Query</protocol>
						<protocol>DGCNGDB_SubcontractAreaQuery</protocol>
						<protocol>DGCNGDB_SubcontractWgtQuery</protocol>
						<protocol>DGCNGDB_TSyieldRateQuery</protocol>
						<protocol>DGCNGDB_TgMesQualityCostQuery</protocol>
						<protocol>DGCNGDB_TgMonthProductQuery</protocol>
						<protocol>DGCNGDB_ThirdSteelmakingPlantOutputQuery</protocol>
						<protocol>DGCNGDB_TjxxhSteelPassRateImportQuery</protocol>
						<protocol>DGCNGDB_TjxxhSteelPassRateQuery</protocol>
						<protocol>DGCNGDB_TqBf1ErosionAlarmDetailQuery</protocol>
						<protocol>DGCNGDB_TqBf2ErosionAlarmDetailQuery</protocol>
						<protocol>DGCNGDB_TqBf3ErosionAlarmDetailQuery</protocol>
						<protocol>DGCNGDB_TqBf4ErosionAlarmDetailQuery</protocol>
						<protocol>DGCNGDB_TqBf5ErosionAlarmDetailQuery</protocol>
						<protocol>DGCNGDB_TqBfErosionAlaramInfoQuery</protocol>
						<protocol>DGCNGDB_TqBfPelletRationQuery</protocol>
						<protocol>DGCNGDB_YCTDQuery</protocol>
						<protocol>DGCNGDB_ZzbProcessOutputDailyQuery</protocol>
						<protocol>DGCNHDB_SpecialSteelRollingOutputQuery</protocol>
						<protocol>DGCQLTDB_DwsQltLongMaterialOncePassRateQuery</protocol>
						<protocol>DGCQLTDB_DwsQltSteelMakingHitRateQuery</protocol>
						<protocol>DGCQLTDB_DwsQltTgPassRateQuery</protocol>
						<protocol>DGCQLTDB_DwsQltTgSufaceInspectOncePassRateQuery</protocol>
						<protocol>DGCQLTDB_JinYuVerifyperformanceQuery</protocol>
						<protocol>ERPZSDB_JysMesInfoQuery</protocol>
						<protocol>RNDDB_SPCperformanceQuery</protocol>
						<protocol>ZABW_ZabwMobileTstCheckBank</protocol>
						<protocol>ZABW_ZabwMobileTstGetExam</protocol>
							</protocols>
		
		<params>
				</params>
		<services>
								<service>
			<serivcename>C1ColdstraightenQuery</serivcename>
			<protocol>DGCNGDB_C1ColdstraightenQuery</protocol>
			</service>
						<service>
			<serivcename>C1DetectionQuery</serivcename>
			<protocol>DGCNGDB_C1DetectionQuery</protocol>
			</service>
						<service>
			<serivcename>C1IncomMachinQuery</serivcename>
			<protocol>DGCNGDB_C1IncomMachinQuery</protocol>
			</service>
						<service>
			<serivcename>C1OfflineCutQuery</serivcename>
			<protocol>DGCNGDB_C1OfflineCutQuery</protocol>
			</service>
						<service>
			<serivcename>C1OutsourcedQuery</serivcename>
			<protocol>DGCNGDB_C1OutsourcedQuery</protocol>
			</service>
						<service>
			<serivcename>C1StraightenQuery</serivcename>
			<protocol>DGCNGDB_C1StraightenQuery</protocol>
			</service>
						<service>
			<serivcename>C1ThickAverageQuery</serivcename>
			<protocol>DGCNGDB_C1ThickAverageQuery</protocol>
			</service>
						<service>
			<serivcename>C1WidthAverageQuery</serivcename>
			<protocol>DGCNGDB_C1WidthAverageQuery</protocol>
			</service>
						<service>
			<serivcename>C2ColdstraightenQuery</serivcename>
			<protocol>DGCNGDB_C2ColdstraightenQuery</protocol>
			</service>
						<service>
			<serivcename>C2DetectionQuery</serivcename>
			<protocol>DGCNGDB_C2DetectionQuery</protocol>
			</service>
						<service>
			<serivcename>C2FlattenQuery</serivcename>
			<protocol>DGCNGDB_C2FlattenQuery</protocol>
			</service>
						<service>
			<serivcename>C2IncomMachinQuery</serivcename>
			<protocol>DGCNGDB_C2IncomMachinQuery</protocol>
			</service>
						<service>
			<serivcename>C2OfflineCutQuery</serivcename>
			<protocol>DGCNGDB_C2OfflineCutQuery</protocol>
			</service>
						<service>
			<serivcename>C2OutsourcedQuery</serivcename>
			<protocol>DGCNGDB_C2OutsourcedQuery</protocol>
			</service>
						<service>
			<serivcename>C2ThickAverageQuery</serivcename>
			<protocol>DGCNGDB_C2ThickAverageQuery</protocol>
			</service>
						<service>
			<serivcename>C2WidthAverageQuery</serivcename>
			<protocol>DGCNGDB_C2WidthAverageQuery</protocol>
			</service>
						<service>
			<serivcename>C3ColdstraightenQuery</serivcename>
			<protocol>DGCNGDB_C3ColdstraightenQuery</protocol>
			</service>
						<service>
			<serivcename>C3DetectionQuery</serivcename>
			<protocol>DGCNGDB_C3DetectionQuery</protocol>
			</service>
						<service>
			<serivcename>C3FlattenQuery</serivcename>
			<protocol>DGCNGDB_C3FlattenQuery</protocol>
			</service>
						<service>
			<serivcename>C3IncomMachinQuery</serivcename>
			<protocol>DGCNGDB_C3IncomMachinQuery</protocol>
			</service>
						<service>
			<serivcename>C3OfflineCutQuery</serivcename>
			<protocol>DGCNGDB_C3OfflineCutQuery</protocol>
			</service>
						<service>
			<serivcename>C3OutsourcedQuery</serivcename>
			<protocol>DGCNGDB_C3OutsourcedQuery</protocol>
			</service>
						<service>
			<serivcename>C3PretreatmentQuery</serivcename>
			<protocol>DGCNGDB_C3PretreatmentQuery</protocol>
			</service>
						<service>
			<serivcename>C3ThickAverageQuery</serivcename>
			<protocol>DGCNGDB_C3ThickAverageQuery</protocol>
			</service>
						<service>
			<serivcename>C3WidthAverageQuery</serivcename>
			<protocol>DGCNGDB_C3WidthAverageQuery</protocol>
			</service>
						<service>
			<serivcename>ColdCuttingQuery</serivcename>
			<protocol>DGCNGDB_ColdCuttingQuery</protocol>
			</service>
						<service>
			<serivcename>ColdstraightenQuery</serivcename>
			<protocol>DGCNGDB_ColdstraightenQuery</protocol>
			</service>
						<service>
			<serivcename>ConverterOutputQuery</serivcename>
			<protocol>DGCNGDB_ConverterOutputQuery</protocol>
			</service>
						<service>
			<serivcename>DetectionQuery</serivcename>
			<protocol>DGCNGDB_DetectionQuery</protocol>
			</service>
						<service>
			<serivcename>DwsFinLargeReductCostsDetailQuery</serivcename>
			<protocol>DGCFINDB_DwsFinLargeReductCostsDetailQuery</protocol>
			</service>
						<service>
			<serivcename>DwsQltLongMaterialOncePassRateQuery</serivcename>
			<protocol>DGCQLTDB_DwsQltLongMaterialOncePassRateQuery</protocol>
			</service>
						<service>
			<serivcename>DwsQltSteelMakingHitRateQuery</serivcename>
			<protocol>DGCQLTDB_DwsQltSteelMakingHitRateQuery</protocol>
			</service>
						<service>
			<serivcename>DwsQltTgPassRateQuery</serivcename>
			<protocol>DGCQLTDB_DwsQltTgPassRateQuery</protocol>
			</service>
						<service>
			<serivcename>DwsQltTgSufaceInspectOncePassRateQuery</serivcename>
			<protocol>DGCQLTDB_DwsQltTgSufaceInspectOncePassRateQuery</protocol>
			</service>
						<service>
			<serivcename>FanGong</serivcename>
			<protocol>DGCNGDB_FanGong</protocol>
			</service>
						<service>
			<serivcename>FirstIronmakingPlantOutputQuery</serivcename>
			<protocol>DGCNGDB_FirstIronmakingPlantOutputQuery</protocol>
			</service>
						<service>
			<serivcename>FirstSinteringPlantOutputQuery</serivcename>
			<protocol>DGCNGDB_FirstSinteringPlantOutputQuery</protocol>
			</service>
						<service>
			<serivcename>FlattenYieldQuery</serivcename>
			<protocol>DGCNGDB_FlattenYieldQuery</protocol>
			</service>
						<service>
			<serivcename>FuelSupplyPlantOutputQuery</serivcename>
			<protocol>DGCNGDB_FuelSupplyPlantOutputQuery</protocol>
			</service>
						<service>
			<serivcename>GzeqCostDutyLoss</serivcename>
			<protocol>DGCFINDB_GzeqCostDutyLoss</protocol>
			</service>
						<service>
			<serivcename>GzeqCostFanGong</serivcename>
			<protocol>DGCNGDB_GzeqCostFanGong</protocol>
			</service>
						<service>
			<serivcename>GzeqCostFanGongWords</serivcename>
			<protocol>DGCNGDB_GzeqCostFanGongWords</protocol>
			</service>
						<service>
			<serivcename>GzeqCostFeiAndGai</serivcename>
			<protocol>DGCNGDB_GzeqCostFeiAndGai</protocol>
			</service>
						<service>
			<serivcename>GzeqCostKeySteelMonth</serivcename>
			<protocol>DGCNGDB_GzeqCostKeySteelMonth</protocol>
			</service>
						<service>
			<serivcename>GzeqCostPanFeiWords</serivcename>
			<protocol>DGCNGDB_GzeqCostPanFeiWords</protocol>
			</service>
						<service>
			<serivcename>GzeqJzZZDW</serivcename>
			<protocol>DGCNGDB_GzeqJzZZDW</protocol>
			</service>
						<service>
			<serivcename>GzeqPaperPfReason</serivcename>
			<protocol>DGCNGDB_GzeqPaperPfReason</protocol>
			</service>
						<service>
			<serivcename>GzeqZbFanGongQty</serivcename>
			<protocol>DGCNGDB_GzeqZbFanGongQty</protocol>
			</service>
						<service>
			<serivcename>GzeqZbFanGongQtyDesc</serivcename>
			<protocol>DGCNGDB_GzeqZbFanGongQtyDesc</protocol>
			</service>
						<service>
			<serivcename>GzeqZbPfGpQty</serivcename>
			<protocol>DGCNGDB_GzeqZbPfGpQty</protocol>
			</service>
						<service>
			<serivcename>GzeqZbPfGpQtyDesc</serivcename>
			<protocol>DGCNGDB_GzeqZbPfGpQtyDesc</protocol>
			</service>
						<service>
			<serivcename>HighwayLogisticsQuery</serivcename>
			<protocol>DGCNGDB_HighwayLogisticsQuery</protocol>
			</service>
						<service>
			<serivcename>InspectionDetails</serivcename>
			<protocol>DGCNGDB_InspectionDetails</protocol>
			</service>
						<service>
			<serivcename>JinYuVerifyperformanceQuery</serivcename>
			<protocol>DGCQLTDB_JinYuVerifyperformanceQuery</protocol>
			</service>
						<service>
			<serivcename>LimePrdQuery</serivcename>
			<protocol>DGCNGDB_LimePrdQuery</protocol>
			</service>
						<service>
			<serivcename>LogisticsDailyResultQuery</serivcename>
			<protocol>DGCNGDB_LogisticsDailyResultQuery</protocol>
			</service>
						<service>
			<serivcename>MesTgOutputDailyQuery</serivcename>
			<protocol>DGCNGDB_MesTgOutputDailyQuery</protocol>
			</service>
						<service>
			<serivcename>NgPowerEnergyDailyDetailQuery</serivcename>
			<protocol>DGCNGDB_NgPowerEnergyDailyDetailQuery</protocol>
			</service>
						<service>
			<serivcename>OfflineCutQuery</serivcename>
			<protocol>DGCNGDB_OfflineCutQuery</protocol>
			</service>
						<service>
			<serivcename>OutputFirstSteelmakingPlantQuery</serivcename>
			<protocol>DGCNGDB_OutputFirstSteelmakingPlantQuery</protocol>
			</service>
						<service>
			<serivcename>PelletPlantOutputQuery</serivcename>
			<protocol>DGCNGDB_PelletPlantOutputQuery</protocol>
			</service>
						<service>
			<serivcename>PlateSteelMonthQuery</serivcename>
			<protocol>DGCNGDB_PlateSteelMonthQuery</protocol>
			</service>
						<service>
			<serivcename>PlateSteelRollingOutputQuery</serivcename>
			<protocol>DGCNGDB_PlateSteelRollingOutputQuery</protocol>
			</service>
						<service>
			<serivcename>ProductionOfRolledProductsQuery</serivcename>
			<protocol>DGCNGDB_ProductionOfRolledProductsQuery</protocol>
			</service>
						<service>
			<serivcename>PurchasedElectricityOutputQuery</serivcename>
			<protocol>DGCNGDB_PurchasedElectricityOutputQuery</protocol>
			</service>
						<service>
			<serivcename>QLTNqisChargeRecordsQuery</serivcename>
			<protocol>DGCNGDB_QLTNqisChargeRecordsQuery</protocol>
			</service>
						<service>
			<serivcename>QuadrilateralQuery</serivcename>
			<protocol>DGCNGDB_QuadrilateralQuery</protocol>
			</service>
						<service>
			<serivcename>QuadrilateralRateQuery</serivcename>
			<protocol>DGCNGDB_QuadrilateralRateQuery</protocol>
			</service>
						<service>
			<serivcename>RailwayLogisticsQuery</serivcename>
			<protocol>DGCNGDB_RailwayLogisticsQuery</protocol>
			</service>
						<service>
			<serivcename>Reclassification</serivcename>
			<protocol>DGCNGDB_Reclassification</protocol>
			</service>
						<service>
			<serivcename>RNDERPTBTP08Query</serivcename>
			<protocol>DGCNGDB_RNDERPTBTP08Query</protocol>
			</service>
						<service>
			<serivcename>RoughQuery</serivcename>
			<protocol>DGCNGDB_RoughQuery</protocol>
			</service>
						<service>
			<serivcename>RoughRateQuery</serivcename>
			<protocol>DGCNGDB_RoughRateQuery</protocol>
			</service>
						<service>
			<serivcename>SecCarOutDoorQuery</serivcename>
			<protocol>DGCNGDB_SecCarOutDoorQuery</protocol>
			</service>
						<service>
			<serivcename>SecondIronmakingPlantOutputQuery</serivcename>
			<protocol>DGCNGDB_SecondIronmakingPlantOutputQuery</protocol>
			</service>
						<service>
			<serivcename>SecondSinteringPlantOutputQuery</serivcename>
			<protocol>DGCNGDB_SecondSinteringPlantOutputQuery</protocol>
			</service>
						<service>
			<serivcename>SecondSteelmakingPlantOutputQuery</serivcename>
			<protocol>DGCNGDB_SecondSteelmakingPlantOutputQuery</protocol>
			</service>
						<service>
			<serivcename>ShippingLogisticsQuery</serivcename>
			<protocol>DGCNGDB_ShippingLogisticsQuery</protocol>
			</service>
						<service>
			<serivcename>SingleYieldQuery</serivcename>
			<protocol>DGCNGDB_SingleYieldQuery</protocol>
			</service>
						<service>
			<serivcename>SingleYieldRateQuery</serivcename>
			<protocol>DGCNGDB_SingleYieldRateQuery</protocol>
			</service>
						<service>
			<serivcename>SPCperformanceQuery</serivcename>
			<protocol>RNDDB_SPCperformanceQuery</protocol>
			</service>
						<service>
			<serivcename>SpecialSteelRollingOutputQuery</serivcename>
			<protocol>DGCNHDB_SpecialSteelRollingOutputQuery</protocol>
			</service>
						<service>
			<serivcename>SteelDynamicsC1Query</serivcename>
			<protocol>DGCNGDB_SteelDynamicsC1Query</protocol>
			</service>
						<service>
			<serivcename>SteelDynamicsC2Query</serivcename>
			<protocol>DGCNGDB_SteelDynamicsC2Query</protocol>
			</service>
						<service>
			<serivcename>SteelDynamicsC3Query</serivcename>
			<protocol>DGCNGDB_SteelDynamicsC3Query</protocol>
			</service>
						<service>
			<serivcename>SubcontractAreaQuery</serivcename>
			<protocol>DGCNGDB_SubcontractAreaQuery</protocol>
			</service>
						<service>
			<serivcename>SubcontractWgtQuery</serivcename>
			<protocol>DGCNGDB_SubcontractWgtQuery</protocol>
			</service>
						<service>
			<serivcename>TgMesQualityCostQuery</serivcename>
			<protocol>DGCNGDB_TgMesQualityCostQuery</protocol>
			</service>
						<service>
			<serivcename>TgMonthProductQuery</serivcename>
			<protocol>DGCNGDB_TgMonthProductQuery</protocol>
			</service>
						<service>
			<serivcename>ThirdSteelmakingPlantOutputQuery</serivcename>
			<protocol>DGCNGDB_ThirdSteelmakingPlantOutputQuery</protocol>
			</service>
						<service>
			<serivcename>TjxxhSteelPassRateImportQuery</serivcename>
			<protocol>DGCNGDB_TjxxhSteelPassRateImportQuery</protocol>
			</service>
						<service>
			<serivcename>TjxxhSteelPassRateQuery</serivcename>
			<protocol>DGCNGDB_TjxxhSteelPassRateQuery</protocol>
			</service>
						<service>
			<serivcename>TqBf1ErosionAlarmDetailQuery</serivcename>
			<protocol>DGCNGDB_TqBf1ErosionAlarmDetailQuery</protocol>
			</service>
						<service>
			<serivcename>TqBf2ErosionAlarmDetailQuery</serivcename>
			<protocol>DGCNGDB_TqBf2ErosionAlarmDetailQuery</protocol>
			</service>
						<service>
			<serivcename>TqBf3ErosionAlarmDetailQuery</serivcename>
			<protocol>DGCNGDB_TqBf3ErosionAlarmDetailQuery</protocol>
			</service>
						<service>
			<serivcename>TqBf4ErosionAlarmDetailQuery</serivcename>
			<protocol>DGCNGDB_TqBf4ErosionAlarmDetailQuery</protocol>
			</service>
						<service>
			<serivcename>TqBf5ErosionAlarmDetailQuery</serivcename>
			<protocol>DGCNGDB_TqBf5ErosionAlarmDetailQuery</protocol>
			</service>
						<service>
			<serivcename>TqBfErosionAlaramInfoQuery</serivcename>
			<protocol>DGCNGDB_TqBfErosionAlaramInfoQuery</protocol>
			</service>
						<service>
			<serivcename>TqBfPelletRationQuery</serivcename>
			<protocol>DGCNGDB_TqBfPelletRationQuery</protocol>
			</service>
						<service>
			<serivcename>TSyieldRateQuery</serivcename>
			<protocol>DGCNGDB_TSyieldRateQuery</protocol>
			</service>
						<service>
			<serivcename>YCTDQuery</serivcename>
			<protocol>DGCNGDB_YCTDQuery</protocol>
			</service>
						<service>
			<serivcename>ZzbProcessOutputDailyQuery</serivcename>
			<protocol>DGCNGDB_ZzbProcessOutputDailyQuery</protocol>
			</service>
							</services>
	</servicesystem>
</servicesystems>