<?xml version="1.0" encoding="UTF-8"?>
<servicesystems>
	<servicesystem>
		<serviceSystemName>ERPZBDB</serviceSystemName>
		<serviceSystemDesc>erp灾备数据库</serviceSystemDesc>
		<hostName/>
		<hostIp/>
		<status>add</status>
		
		<protocols>
								<protocol>ERPZBDB_AllgtlQuery</protocol>
						<protocol>ERPZBDB_AllproQuery</protocol>
						<protocol>ERPZBDB_BccnumQuery</protocol>
						<protocol>ERPZBDB_ChenpinErpQuery</protocol>
						<protocol>ERPZBDB_DayBadQuery</protocol>
						<protocol>ERPZBDB_DayHiddeDangerQuery</protocol>
						<protocol>ERPZBDB_ErsbscbjQuery</protocol>
						<protocol>ERPZBDB_ErsbsjfyQuery</protocol>
						<protocol>ERPZBDB_MCaibadwgtQuery</protocol>
						<protocol>ERPZBDB_MbadcostQuery</protocol>
						<protocol>ERPZBDB_MongangwgtQuery</protocol>
						<protocol>ERPZBDB_MonthBadQuery</protocol>
						<protocol>ERPZBDB_MonthContractcashQuery</protocol>
						<protocol>ERPZBDB_MonthCostPlanQuery</protocol>
						<protocol>ERPZBDB_MonthCostRealQuery</protocol>
						<protocol>ERPZBDB_MonthDalayQuery</protocol>
						<protocol>ERPZBDB_MonthLubricateQuery</protocol>
						<protocol>ERPZBDB_MonthplanQuery</protocol>
						<protocol>ERPZBDB_NoYuleiGaoluQuery</protocol>
						<protocol>ERPZBDB_ProRateQuery</protocol>
						<protocol>ERPZBDB_RZhuanlu30Query</protocol>
						<protocol>ERPZBDB_RZhuanluQuery</protocol>
						<protocol>ERPZBDB_RallzhuanluQuery</protocol>
						<protocol>ERPZBDB_RjintieQuery</protocol>
						<protocol>ERPZBDB_RlfnumQuery</protocol>
						<protocol>ERPZBDB_RrhnumQuery</protocol>
						<protocol>ERPZBDB_SbdxdhQuery</protocol>
						<protocol>ERPZBDB_SbgzglQuery</protocol>
						<protocol>ERPZBDB_SbjlybQuery</protocol>
						<protocol>ERPZBDB_SbsjfyQuery</protocol>
						<protocol>ERPZBDB_SbytQuery</protocol>
						<protocol>ERPZBDB_Yonghu01Query</protocol>
						<protocol>ERPZBDB_YuanliaoErpQuery</protocol>
						<protocol>ERPZBDB_ZbdangerQuery</protocol>
							</protocols>
		
		<params>
				</params>
		<services>
								<service>
			<serivcename>AllgtlQuery</serivcename>
			<protocol>ERPZBDB_AllgtlQuery</protocol>
			</service>
						<service>
			<serivcename>AllproQuery</serivcename>
			<protocol>ERPZBDB_AllproQuery</protocol>
			</service>
						<service>
			<serivcename>BccnumQuery</serivcename>
			<protocol>ERPZBDB_BccnumQuery</protocol>
			</service>
						<service>
			<serivcename>ChenpinErpQuery</serivcename>
			<protocol>ERPZBDB_ChenpinErpQuery</protocol>
			</service>
						<service>
			<serivcename>DayBadQuery</serivcename>
			<protocol>ERPZBDB_DayBadQuery</protocol>
			</service>
						<service>
			<serivcename>DayHiddeDangerQuery</serivcename>
			<protocol>ERPZBDB_DayHiddeDangerQuery</protocol>
			</service>
						<service>
			<serivcename>ErsbscbjQuery</serivcename>
			<protocol>ERPZBDB_ErsbscbjQuery</protocol>
			</service>
						<service>
			<serivcename>ErsbsjfyQuery</serivcename>
			<protocol>ERPZBDB_ErsbsjfyQuery</protocol>
			</service>
						<service>
			<serivcename>MbadcostQuery</serivcename>
			<protocol>ERPZBDB_MbadcostQuery</protocol>
			</service>
						<service>
			<serivcename>MCaibadwgtQuery</serivcename>
			<protocol>ERPZBDB_MCaibadwgtQuery</protocol>
			</service>
						<service>
			<serivcename>MongangwgtQuery</serivcename>
			<protocol>ERPZBDB_MongangwgtQuery</protocol>
			</service>
						<service>
			<serivcename>MonthBadQuery</serivcename>
			<protocol>ERPZBDB_MonthBadQuery</protocol>
			</service>
						<service>
			<serivcename>MonthContractcashQuery</serivcename>
			<protocol>ERPZBDB_MonthContractcashQuery</protocol>
			</service>
						<service>
			<serivcename>MonthCostPlanQuery</serivcename>
			<protocol>ERPZBDB_MonthCostPlanQuery</protocol>
			</service>
						<service>
			<serivcename>MonthCostRealQuery</serivcename>
			<protocol>ERPZBDB_MonthCostRealQuery</protocol>
			</service>
						<service>
			<serivcename>MonthDalayQuery</serivcename>
			<protocol>ERPZBDB_MonthDalayQuery</protocol>
			</service>
						<service>
			<serivcename>MonthLubricateQuery</serivcename>
			<protocol>ERPZBDB_MonthLubricateQuery</protocol>
			</service>
						<service>
			<serivcename>MonthplanQuery</serivcename>
			<protocol>ERPZBDB_MonthplanQuery</protocol>
			</service>
						<service>
			<serivcename>NoYuleiGaoluQuery</serivcename>
			<protocol>ERPZBDB_NoYuleiGaoluQuery</protocol>
			</service>
						<service>
			<serivcename>ProRateQuery</serivcename>
			<protocol>ERPZBDB_ProRateQuery</protocol>
			</service>
						<service>
			<serivcename>RallzhuanluQuery</serivcename>
			<protocol>ERPZBDB_RallzhuanluQuery</protocol>
			</service>
						<service>
			<serivcename>RjintieQuery</serivcename>
			<protocol>ERPZBDB_RjintieQuery</protocol>
			</service>
						<service>
			<serivcename>RlfnumQuery</serivcename>
			<protocol>ERPZBDB_RlfnumQuery</protocol>
			</service>
						<service>
			<serivcename>RrhnumQuery</serivcename>
			<protocol>ERPZBDB_RrhnumQuery</protocol>
			</service>
						<service>
			<serivcename>RZhuanlu30Query</serivcename>
			<protocol>ERPZBDB_RZhuanlu30Query</protocol>
			</service>
						<service>
			<serivcename>RZhuanluQuery</serivcename>
			<protocol>ERPZBDB_RZhuanluQuery</protocol>
			</service>
						<service>
			<serivcename>SbdxdhQuery</serivcename>
			<protocol>ERPZBDB_SbdxdhQuery</protocol>
			</service>
						<service>
			<serivcename>SbgzglQuery</serivcename>
			<protocol>ERPZBDB_SbgzglQuery</protocol>
			</service>
						<service>
			<serivcename>SbjlybQuery</serivcename>
			<protocol>ERPZBDB_SbjlybQuery</protocol>
			</service>
						<service>
			<serivcename>SbsjfyQuery</serivcename>
			<protocol>ERPZBDB_SbsjfyQuery</protocol>
			</service>
						<service>
			<serivcename>SbytQuery</serivcename>
			<protocol>ERPZBDB_SbytQuery</protocol>
			</service>
						<service>
			<serivcename>Yonghu01Query</serivcename>
			<protocol>ERPZBDB_Yonghu01Query</protocol>
			</service>
						<service>
			<serivcename>YuanliaoErpQuery</serivcename>
			<protocol>ERPZBDB_YuanliaoErpQuery</protocol>
			</service>
						<service>
			<serivcename>ZbdangerQuery</serivcename>
			<protocol>ERPZBDB_ZbdangerQuery</protocol>
			</service>
							</services>
	</servicesystem>
</servicesystems>