<?xml version="1.0" encoding="UTF-8"?>
<servicesystems>
	<servicesystem>
		<serviceSystemName>FGQLCDB</serviceSystemName>
		<serviceSystemDesc>废钢全流程数据库</serviceSystemDesc>
		<hostName/>
		<hostIp/>
		<status>add</status>
		
		<protocols>
								<protocol>FGQLCDB_ZhyyProFgCarOnthewayQuery</protocol>
						<protocol>FGQLCDB_ZhyyProFgMachineOpnDetailsQuery</protocol>
						<protocol>FGQLCDB_ZhyyProFgReportCarIntransitTimesQuery</protocol>
						<protocol>FGQLCDB_ZhyyProFgScrapStockQuery</protocol>
						<protocol>FGQLCDB_ZhyyYlAiJudgePictureFeedTypeRatioQuery</protocol>
						<protocol>FGQLCDB_ZhyyYlAiJudgePictureQuery</protocol>
						<protocol>FGQLCDB_ZhyyYlCarTrackingGanttChartQuery</protocol>
						<protocol>FGQLCDB_ZhyyYlCarTrackingGanttChartTimeQuery</protocol>
						<protocol>FGQLCDB_ZhyyYlDoorGrabInfoWorkingQuery</protocol>
						<protocol>FGQLCDB_ZhyyYlFgAcceptanceAnalysisQuery</protocol>
						<protocol>FGQLCDB_ZhyyYlFgBuckleMiscellaneousQuery</protocol>
						<protocol>FGQLCDB_ZhyyYlFgCheckWorkerKouZaDataQuery</protocol>
						<protocol>FGQLCDB_ZhyyYlFgCheckerDemoteQuery</protocol>
						<protocol>FGQLCDB_ZhyyYlFgCheckerSupplierDemoteDataQuery</protocol>
						<protocol>FGQLCDB_ZhyyYlFgCheckerSupplierMiscDataQuery</protocol>
						<protocol>FGQLCDB_ZhyyYlFgDemoteFirstFinalJudgeQuery</protocol>
						<protocol>FGQLCDB_ZhyyYlFgDemoteStatisticsQuery</protocol>
						<protocol>FGQLCDB_ZhyyYlFgKouBigPartFirstFinalJudgeQuery</protocol>
						<protocol>FGQLCDB_ZhyyYlFgKouZaFirstFinalJudgeQuery</protocol>
						<protocol>FGQLCDB_ZhyyYlFgUnloadingCapacityDetailQuery</protocol>
						<protocol>FGQLCDB_ZhyyYlFgVariousSupplierSupplyRatioQuery</protocol>
						<protocol>FGQLCDB_ZhyyYlGateGrabInfoCorrespondingShipQuery</protocol>
						<protocol>FGQLCDB_ZhyyYlInPortVehicleInfoQuery</protocol>
						<protocol>FGQLCDB_ZhyyYlOutPortCarInfoV2Query</protocol>
						<protocol>FGQLCDB_ZhyyYlScrapMonCarInfoStatCarTransitQuery</protocol>
						<protocol>FGQLCDB_ZhyyYlScrapMonCardPrintingCarTodayQuery</protocol>
						<protocol>FGQLCDB_ZhyyYlScrapMonKdjStatsQuery</protocol>
						<protocol>FGQLCDB_ZhyyYlScrapMonTotalHandlingVolumeQuery</protocol>
						<protocol>FGQLCDB_ZhyyYlScrapMonUnloadingTimeStatsQuery</protocol>
						<protocol>FGQLCDB_ZhyyYlV3PoundPointLatestTrafficQuery</protocol>
						<protocol>FGQLCDB_ZhyyYlWeighingTrainNumberTodayQuery</protocol>
						<protocol>FGQLCDB_ZhyyYlv3BatchingRoomPoundPointQuery</protocol>
						<protocol>FGQLCDB_ZhyyYlv3DoorMachineGrabInfoQuery</protocol>
						<protocol>FGQLCDB_ZhyyYlv3ScrapYardInfoQuery</protocol>
						<protocol>FGQLCDB_ZhyyYlv3ScrapYardPoundPointQuery</protocol>
						<protocol>FGQLCSYS_AlslQuery</protocol>
						<protocol>FGQLCSYS_FxdslQuery</protocol>
						<protocol>FGQLCSYS_FxdsxzQueryd</protocol>
						<protocol>FGQLCSYS_GcjsqkQuery</protocol>
						<protocol>FGQLCSYS_GlymxslfbQuery</protocol>
						<protocol>FGQLCSYS_GlymxslfbhzQuery</protocol>
						<protocol>FGQLCSYS_LswtlbfbQuery</protocol>
						<protocol>FGQLCSYS_LswtlbfbxzQuery</protocol>
						<protocol>FGQLCSYS_SjwtzgQuery</protocol>
						<protocol>FGQLCSYS_SjxhslQuery</protocol>
						<protocol>FGQLCSYS_SjxhsxzQuery</protocol>
						<protocol>FGQLCSYS_StandbyFiveQuery</protocol>
						<protocol>FGQLCSYS_StandbyFourQuery</protocol>
						<protocol>FGQLCSYS_StandbyOneQuery</protocol>
						<protocol>FGQLCSYS_StandbyThreeQuery</protocol>
						<protocol>FGQLCSYS_StandbyTwoQuery</protocol>
						<protocol>FGQLCSYS_ZbyQuery</protocol>
						<protocol>FGQLCSYS_ZdslQuery</protocol>
						<protocol>FGQLCSYS_ZdsxzQuery</protocol>
							</protocols>
		
		<params>
				</params>
		<services>
								<service>
			<serivcename>AlslQuery</serivcename>
			<protocol>FGQLCSYS_AlslQuery</protocol>
			</service>
						<service>
			<serivcename>FxdslQuery</serivcename>
			<protocol>FGQLCSYS_FxdslQuery</protocol>
			</service>
						<service>
			<serivcename>FxdsxzQueryd</serivcename>
			<protocol>FGQLCSYS_FxdsxzQueryd</protocol>
			</service>
						<service>
			<serivcename>GcjsqkQuery</serivcename>
			<protocol>FGQLCSYS_GcjsqkQuery</protocol>
			</service>
						<service>
			<serivcename>GlymxslfbhzQuery</serivcename>
			<protocol>FGQLCSYS_GlymxslfbhzQuery</protocol>
			</service>
						<service>
			<serivcename>GlymxslfbQuery</serivcename>
			<protocol>FGQLCSYS_GlymxslfbQuery</protocol>
			</service>
						<service>
			<serivcename>LswtlbfbQuery</serivcename>
			<protocol>FGQLCSYS_LswtlbfbQuery</protocol>
			</service>
						<service>
			<serivcename>LswtlbfbxzQuery</serivcename>
			<protocol>FGQLCSYS_LswtlbfbxzQuery</protocol>
			</service>
						<service>
			<serivcename>SjwtzgQuery</serivcename>
			<protocol>FGQLCSYS_SjwtzgQuery</protocol>
			</service>
						<service>
			<serivcename>SjxhslQuery</serivcename>
			<protocol>FGQLCSYS_SjxhslQuery</protocol>
			</service>
						<service>
			<serivcename>SjxhsxzQuery</serivcename>
			<protocol>FGQLCSYS_SjxhsxzQuery</protocol>
			</service>
						<service>
			<serivcename>StandbyFiveQuery</serivcename>
			<protocol>FGQLCSYS_StandbyFiveQuery</protocol>
			</service>
						<service>
			<serivcename>StandbyFourQuery</serivcename>
			<protocol>FGQLCSYS_StandbyFourQuery</protocol>
			</service>
						<service>
			<serivcename>StandbyOneQuery</serivcename>
			<protocol>FGQLCSYS_StandbyOneQuery</protocol>
			</service>
						<service>
			<serivcename>StandbyThreeQuery</serivcename>
			<protocol>FGQLCSYS_StandbyThreeQuery</protocol>
			</service>
						<service>
			<serivcename>StandbyTwoQuery</serivcename>
			<protocol>FGQLCSYS_StandbyTwoQuery</protocol>
			</service>
						<service>
			<serivcename>ZbyQuery</serivcename>
			<protocol>FGQLCSYS_ZbyQuery</protocol>
			</service>
						<service>
			<serivcename>ZdslQuery</serivcename>
			<protocol>FGQLCSYS_ZdslQuery</protocol>
			</service>
						<service>
			<serivcename>ZdsxzQuery</serivcename>
			<protocol>FGQLCSYS_ZdsxzQuery</protocol>
			</service>
						<service>
			<serivcename>ZhyyProFgCarOnthewayQuery</serivcename>
			<protocol>FGQLCDB_ZhyyProFgCarOnthewayQuery</protocol>
			</service>
						<service>
			<serivcename>ZhyyProFgMachineOpnDetailsQuery</serivcename>
			<protocol>FGQLCDB_ZhyyProFgMachineOpnDetailsQuery</protocol>
			</service>
						<service>
			<serivcename>ZhyyProFgReportCarIntransitTimesQuery</serivcename>
			<protocol>FGQLCDB_ZhyyProFgReportCarIntransitTimesQuery</protocol>
			</service>
						<service>
			<serivcename>ZhyyProFgScrapStockQuery</serivcename>
			<protocol>FGQLCDB_ZhyyProFgScrapStockQuery</protocol>
			</service>
						<service>
			<serivcename>ZhyyYlAiJudgePictureFeedTypeRatioQuery</serivcename>
			<protocol>FGQLCDB_ZhyyYlAiJudgePictureFeedTypeRatioQuery</protocol>
			</service>
						<service>
			<serivcename>ZhyyYlAiJudgePictureQuery</serivcename>
			<protocol>FGQLCDB_ZhyyYlAiJudgePictureQuery</protocol>
			</service>
						<service>
			<serivcename>ZhyyYlCarTrackingGanttChartQuery</serivcename>
			<protocol>FGQLCDB_ZhyyYlCarTrackingGanttChartQuery</protocol>
			</service>
						<service>
			<serivcename>ZhyyYlCarTrackingGanttChartTimeQuery</serivcename>
			<protocol>FGQLCDB_ZhyyYlCarTrackingGanttChartTimeQuery</protocol>
			</service>
						<service>
			<serivcename>ZhyyYlDoorGrabInfoWorkingQuery</serivcename>
			<protocol>FGQLCDB_ZhyyYlDoorGrabInfoWorkingQuery</protocol>
			</service>
						<service>
			<serivcename>ZhyyYlFgAcceptanceAnalysisQuery</serivcename>
			<protocol>FGQLCDB_ZhyyYlFgAcceptanceAnalysisQuery</protocol>
			</service>
						<service>
			<serivcename>ZhyyYlFgBuckleMiscellaneousQuery</serivcename>
			<protocol>FGQLCDB_ZhyyYlFgBuckleMiscellaneousQuery</protocol>
			</service>
						<service>
			<serivcename>ZhyyYlFgCheckerDemoteQuery</serivcename>
			<protocol>FGQLCDB_ZhyyYlFgCheckerDemoteQuery</protocol>
			</service>
						<service>
			<serivcename>ZhyyYlFgCheckerSupplierDemoteDataQuery</serivcename>
			<protocol>FGQLCDB_ZhyyYlFgCheckerSupplierDemoteDataQuery</protocol>
			</service>
						<service>
			<serivcename>ZhyyYlFgCheckerSupplierMiscDataQuery</serivcename>
			<protocol>FGQLCDB_ZhyyYlFgCheckerSupplierMiscDataQuery</protocol>
			</service>
						<service>
			<serivcename>ZhyyYlFgCheckWorkerKouZaDataQuery</serivcename>
			<protocol>FGQLCDB_ZhyyYlFgCheckWorkerKouZaDataQuery</protocol>
			</service>
						<service>
			<serivcename>ZhyyYlFgDemoteFirstFinalJudgeQuery</serivcename>
			<protocol>FGQLCDB_ZhyyYlFgDemoteFirstFinalJudgeQuery</protocol>
			</service>
						<service>
			<serivcename>ZhyyYlFgDemoteStatisticsQuery</serivcename>
			<protocol>FGQLCDB_ZhyyYlFgDemoteStatisticsQuery</protocol>
			</service>
						<service>
			<serivcename>ZhyyYlFgKouBigPartFirstFinalJudgeQuery</serivcename>
			<protocol>FGQLCDB_ZhyyYlFgKouBigPartFirstFinalJudgeQuery</protocol>
			</service>
						<service>
			<serivcename>ZhyyYlFgKouZaFirstFinalJudgeQuery</serivcename>
			<protocol>FGQLCDB_ZhyyYlFgKouZaFirstFinalJudgeQuery</protocol>
			</service>
						<service>
			<serivcename>ZhyyYlFgUnloadingCapacityDetailQuery</serivcename>
			<protocol>FGQLCDB_ZhyyYlFgUnloadingCapacityDetailQuery</protocol>
			</service>
						<service>
			<serivcename>ZhyyYlFgVariousSupplierSupplyRatioQuery</serivcename>
			<protocol>FGQLCDB_ZhyyYlFgVariousSupplierSupplyRatioQuery</protocol>
			</service>
						<service>
			<serivcename>ZhyyYlGateGrabInfoCorrespondingShipQuery</serivcename>
			<protocol>FGQLCDB_ZhyyYlGateGrabInfoCorrespondingShipQuery</protocol>
			</service>
						<service>
			<serivcename>ZhyyYlInPortVehicleInfoQuery</serivcename>
			<protocol>FGQLCDB_ZhyyYlInPortVehicleInfoQuery</protocol>
			</service>
						<service>
			<serivcename>ZhyyYlOutPortCarInfoV2Query</serivcename>
			<protocol>FGQLCDB_ZhyyYlOutPortCarInfoV2Query</protocol>
			</service>
						<service>
			<serivcename>ZhyyYlScrapMonCardPrintingCarTodayQuery</serivcename>
			<protocol>FGQLCDB_ZhyyYlScrapMonCardPrintingCarTodayQuery</protocol>
			</service>
						<service>
			<serivcename>ZhyyYlScrapMonCarInfoStatCarTransitQuery</serivcename>
			<protocol>FGQLCDB_ZhyyYlScrapMonCarInfoStatCarTransitQuery</protocol>
			</service>
						<service>
			<serivcename>ZhyyYlScrapMonKdjStatsQuery</serivcename>
			<protocol>FGQLCDB_ZhyyYlScrapMonKdjStatsQuery</protocol>
			</service>
						<service>
			<serivcename>ZhyyYlScrapMonTotalHandlingVolumeQuery</serivcename>
			<protocol>FGQLCDB_ZhyyYlScrapMonTotalHandlingVolumeQuery</protocol>
			</service>
						<service>
			<serivcename>ZhyyYlScrapMonUnloadingTimeStatsQuery</serivcename>
			<protocol>FGQLCDB_ZhyyYlScrapMonUnloadingTimeStatsQuery</protocol>
			</service>
						<service>
			<serivcename>ZhyyYlv3BatchingRoomPoundPointQuery</serivcename>
			<protocol>FGQLCDB_ZhyyYlv3BatchingRoomPoundPointQuery</protocol>
			</service>
						<service>
			<serivcename>ZhyyYlv3DoorMachineGrabInfoQuery</serivcename>
			<protocol>FGQLCDB_ZhyyYlv3DoorMachineGrabInfoQuery</protocol>
			</service>
						<service>
			<serivcename>ZhyyYlV3PoundPointLatestTrafficQuery</serivcename>
			<protocol>FGQLCDB_ZhyyYlV3PoundPointLatestTrafficQuery</protocol>
			</service>
						<service>
			<serivcename>ZhyyYlv3ScrapYardInfoQuery</serivcename>
			<protocol>FGQLCDB_ZhyyYlv3ScrapYardInfoQuery</protocol>
			</service>
						<service>
			<serivcename>ZhyyYlv3ScrapYardPoundPointQuery</serivcename>
			<protocol>FGQLCDB_ZhyyYlv3ScrapYardPoundPointQuery</protocol>
			</service>
						<service>
			<serivcename>ZhyyYlWeighingTrainNumberTodayQuery</serivcename>
			<protocol>FGQLCDB_ZhyyYlWeighingTrainNumberTodayQuery</protocol>
			</service>
							</services>
	</servicesystem>
</servicesystems>