<?xml version="1.0" encoding="UTF-8"?>
<servicesystems>
	<servicesystem>
		<serviceSystemName>HCXT</serviceSystemName>
		<serviceSystemDesc>缓存系统</serviceSystemDesc>
		<hostName/>
		<hostIp/>
		<status>add</status>
		
		<protocols>
								<protocol>HCXTZhyyMobileScNyzbyqQuery</protocol>
						<protocol>HCXT_GetBalanceInfoGs</protocol>
						<protocol>HCXT_GetBalanceInfoTs</protocol>
						<protocol>HCXT_ZhyyMobileAfBwbzbxxQuery</protocol>
						<protocol>HCXT_ZhyyMobileAfCcccQuery</protocol>
						<protocol>HCXT_ZhyyMobileAfCcrcQuery</protocol>
						<protocol>HCXT_ZhyyMobileAfCrccccksjzQuery</protocol>
						<protocol>HCXT_ZhyyMobileAfCrcrccksjzQuery</protocol>
						<protocol>HCXT_ZhyyMobileAfDlcllQuery</protocol>
						<protocol>HCXT_ZhyyMobileAfDljtztQuery</protocol>
						<protocol>HCXT_ZhyyMobileAfDlsdjzQuery</protocol>
						<protocol>HCXT_ZhyyMobileAfEjbjxqQuery</protocol>
						<protocol>HCXT_ZhyyMobileAfFgfsjdryjcdypmQuery</protocol>
						<protocol>HCXT_ZhyyMobileAfFkjcslQuery</protocol>
						<protocol>HCXT_ZhyyMobileAfJcccQuery</protocol>
						<protocol>HCXT_ZhyyMobileAfJtwzzQuery</protocol>
						<protocol>HCXT_ZhyyMobileAfLjjcclsQuery</protocol>
						<protocol>HCXT_ZhyyMobileAfLsclslQuery</protocol>
						<protocol>HCXT_ZhyyMobileAfRyjctjQuery</protocol>
						<protocol>HCXT_ZhyyMobileAfSjbjsQuery</protocol>
						<protocol>HCXT_ZhyyMobileAfSjbjxqQuery</protocol>
						<protocol>HCXT_ZhyyMobileAfYjbjsQuery</protocol>
						<protocol>HCXT_ZhyyMobileAfYjbjxqQuery</protocol>
						<protocol>HCXT_ZhyyMobileCbDelgckpiQuery</protocol>
						<protocol>HCXT_ZhyyMobileCbKczlQuery</protocol>
						<protocol>HCXT_ZhyyMobileCbXshlmxQuery</protocol>
						<protocol>HCXT_ZhyyMobileCbgfkpiQuery</protocol>
						<protocol>HCXT_ZhyyMobileCbygkpiQuery</protocol>
						<protocol>HCXT_ZhyyMobileCbytkpiQuery</protocol>
						<protocol>HCXT_ZhyyMobileCcrklckfbQuery</protocol>
						<protocol>HCXT_ZhyyMobileCcrklcpxtfbQuery</protocol>
						<protocol>HCXT_ZhyyMobileCgBjfckcjeQuery</protocol>
						<protocol>HCXT_ZhyyMobileCgBjndcgxlQuery</protocol>
						<protocol>HCXT_ZhyyMobileCgDqcyzczgsQuery</protocol>
						<protocol>HCXT_ZhyyMobileCgGlhtslfbQuery</protocol>
						<protocol>HCXT_ZhyyMobileCgGyshjQuery</protocol>
						<protocol>HCXT_ZhyyMobileCgGysmxQuery</protocol>
						<protocol>HCXT_ZhyyMobileCgGyspjQuery</protocol>
						<protocol>HCXT_ZhyyMobileCgHtglQuery</protocol>
						<protocol>HCXT_ZhyyMobileCgHtgljeQuery</protocol>
						<protocol>HCXT_ZhyyMobileCgHtglslQuery</protocol>
						<protocol>HCXT_ZhyyMobileCgHtgltzQuery</protocol>
						<protocol>HCXT_ZhyyMobileCgJhglQuery</protocol>
						<protocol>HCXT_ZhyyMobileCgJhglrljdQuery</protocol>
						<protocol>HCXT_ZhyyMobileCgJtcnkcqsycQuery</protocol>
						<protocol>HCXT_ZhyyMobileCgMroddtjQuery</protocol>
						<protocol>HCXT_ZhyyMobileCgMtcnkcqsycQuery</protocol>
						<protocol>HCXT_ZhyyMobileCgPmxlQuery</protocol>
						<protocol>HCXT_ZhyyMobileCgPzlsjgqsQuery</protocol>
						<protocol>HCXT_ZhyyMobileCgTbbjndcgxlQuery</protocol>
						<protocol>HCXT_ZhyyMobileCgYdtycsfyQuery</protocol>
						<protocol>HCXT_ZhyyMobileCgYdtycsfysytbQuery</protocol>
						<protocol>HCXT_ZhyyMobileCgYdtycsfyzrfseQuery</protocol>
						<protocol>HCXT_ZhyyMobileHbGwfbcsybQuery</protocol>
						<protocol>HCXT_ZhyyMobileHbGwfgfsybQuery</protocol>
						<protocol>HCXT_ZhyyMobileHbGwfmxQuery</protocol>
						<protocol>HCXT_ZhyyMobileHbJcpkdblQuery</protocol>
						<protocol>HCXT_ZhyyMobileHbKlwpwlQuery</protocol>
						<protocol>HCXT_ZhyyMobileHbKlwpwlqsQuery</protocol>
						<protocol>HCXT_ZhyyMobileHbKqzlsjQuery</protocol>
						<protocol>HCXT_ZhyyMobileHbMjhcxxQuery</protocol>
						<protocol>HCXT_ZhyyMobileHbNoxpwlQuery</protocol>
						<protocol>HCXT_ZhyyMobileHbNoxpwlqsQuery</protocol>
						<protocol>HCXT_ZhyyMobileHbQjwlsjQuery</protocol>
						<protocol>HCXT_ZhyyMobileHbQjysblQuery</protocol>
						<protocol>HCXT_ZhyyMobileHbQjysccblQuery</protocol>
						<protocol>HCXT_ZhyyMobileHbQjysjcblQuery</protocol>
						<protocol>HCXT_ZhyyMobileHbQjysjcczblQuery</protocol>
						<protocol>HCXT_ZhyyMobileHbSlyslQuery</protocol>
						<protocol>HCXT_ZhyyMobileHbSo2pwlQuery</protocol>
						<protocol>HCXT_ZhyyMobileHbSo2pwlqsQuery</protocol>
						<protocol>HCXT_ZhyyMobileHbWfkcxqQuery</protocol>
						<protocol>HCXT_ZhyyMobileHbWzzjksbQuery</protocol>
						<protocol>HCXT_ZhyyMobileHbWzzpfyqdQuery</protocol>
						<protocol>HCXT_ZhyyMobileHbYzzpfsssjQuery</protocol>
						<protocol>HCXT_ZhyyMobileHbYzzpfwfmxQuery</protocol>
						<protocol>HCXT_ZhyyMobileHbZywrwzQuery</protocol>
						<protocol>HCXT_ZhyyMobileNyGxpfzbQuery</protocol>
						<protocol>HCXT_ZhyyMobileNyTjpljzlQuery</protocol>
						<protocol>HCXT_ZhyyMobileRqfdQuery</protocol>
						<protocol>HCXT_ZhyyMobileRrfdQuery</protocol>
						<protocol>HCXT_ZhyyMobileScCclQuery</protocol>
						<protocol>HCXT_ZhyyMobileScCljhQuery</protocol>
						<protocol>HCXT_ZhyyMobileScCljhtgcQuery</protocol>
						<protocol>HCXT_ZhyyMobileScDlssQuery</protocol>
						<protocol>HCXT_ZhyyMobileScFgjxqsQuery</protocol>
						<protocol>HCXT_ZhyyMobileScGclQuery</protocol>
						<protocol>HCXT_ZhyyMobileScGlflfyflQuery</protocol>
						<protocol>HCXT_ZhyyMobileScGlflfyfyQuery</protocol>
						<protocol>HCXT_ZhyyMobileScGtphQuery</protocol>
						<protocol>HCXT_ZhyyMobileScGtphthxqQuery</protocol>
						<protocol>HCXT_ZhyyMobileScJhjhjhQuery</protocol>
						<protocol>HCXT_ZhyyMobileScLggxnhQuery</protocol>
						<protocol>HCXT_ZhyyMobileScLgzjlselgQuery</protocol>
						<protocol>HCXT_ZhyyMobileScLgzjlsslgQuery</protocol>
						<protocol>HCXT_ZhyyMobileScLgzjlsylgQuery</protocol>
						<protocol>HCXT_ZhyyMobileScNjfsQuery</protocol>
						<protocol>HCXT_ZhyyMobileScNjqsGlmqQuery</protocol>
						<protocol>HCXT_ZhyyMobileScNjqsJlmqQuery</protocol>
						<protocol>HCXT_ZhyyMobileScNjqsYqQuery</protocol>
						<protocol>HCXT_ZhyyMobileScNjqsfsqQuery</protocol>
						<protocol>HCXT_ZhyyMobileScRzlQuery</protocol>
						<protocol>HCXT_ZhyyMobileScScqsQuery</protocol>
						<protocol>HCXT_ZhyyMobileScScqslwgQuery</protocol>
						<protocol>HCXT_ZhyyMobileScSctjQuery</protocol>
						<protocol>HCXT_ZhyyMobileScScyxqtQuery</protocol>
						<protocol>HCXT_ZhyyMobileScSjjsQuery</protocol>
						<protocol>HCXT_ZhyyMobileScSjjsesjQuery</protocol>
						<protocol>HCXT_ZhyyMobileScTclQuery</protocol>
						<protocol>HCXT_ZhyyMobileScTgcclQuery</protocol>
						<protocol>HCXT_ZhyyMobileScTgcclyQuery</protocol>
						<protocol>HCXT_ZhyyMobileScTgcclyxqQuery</protocol>
						<protocol>HCXT_ZhyyMobileScTgcclzxqQuery</protocol>
						<protocol>HCXT_ZhyyMobileScTrtfdQuery</protocol>
						<protocol>HCXT_ZhyyMobileScTstrljhQuery</protocol>
						<protocol>HCXT_ZhyyMobileScWddhqlQuery</protocol>
						<protocol>HCXT_ZhyyMobileScYjbjxqQuery</protocol>
						<protocol>HCXT_ZhyyMobileScYjbjzjQuery</protocol>
						<protocol>HCXT_ZhyyMobileScZdzbrlbQuery</protocol>
						<protocol>HCXT_ZhyyMobileScZfdblQuery</protocol>
						<protocol>HCXT_ZhyyMobileScZggxnhQuery</protocol>
						<protocol>HCXT_ZhyyMobileScZlmqQuery</protocol>
						<protocol>HCXT_ZhyyMobileScZzgzbcQuery</protocol>
						<protocol>HCXT_ZhyyMobileScZzgztgQuery</protocol>
						<protocol>HCXT_ZhyyMobileWlBccktjfxQuery</protocol>
						<protocol>HCXT_ZhyyMobileWlBckcckfbQuery</protocol>
						<protocol>HCXT_ZhyyMobileWlBckcdtfbQuery</protocol>
						<protocol>HCXT_ZhyyMobileWlBckczkcQuery</protocol>
						<protocol>HCXT_ZhyyMobileWlBcrklckfbQuery</protocol>
						<protocol>HCXT_ZhyyMobileWlBcrklztfbQuery</protocol>
						<protocol>HCXT_ZhyyMobileWlBjhjjeQuery</protocol>
						<protocol>HCXT_ZhyyMobileWlCcckcpxtfbmxQuery</protocol>
						<protocol>HCXT_ZhyyMobileWlCcckcpxtfbzlQuery</protocol>
						<protocol>HCXT_ZhyyMobileWlCccktjfxQuery</protocol>
						<protocol>HCXT_ZhyyMobileWlCcwlQuery</protocol>
						<protocol>HCXT_ZhyyMobileWlCklcrkbQuery</protocol>
						<protocol>HCXT_ZhyyMobileWlCpkcqsQuery</protocol>
						<protocol>HCXT_ZhyyMobileWlDxczQuery</protocol>
						<protocol>HCXT_ZhyyMobileWlDxczxxQuery</protocol>
						<protocol>HCXT_ZhyyMobileWlGcmtQuery</protocol>
						<protocol>HCXT_ZhyyMobileWlJcwlQuery</protocol>
						<protocol>HCXT_ZhyyMobileWlJcwlyjQuery</protocol>
						<protocol>HCXT_ZhyyMobileWlMrrkqcQuery</protocol>
						<protocol>HCXT_ZhyyMobileWlMtzylQuery</protocol>
						<protocol>HCXT_ZhyyMobileWlQyjxQuery</protocol>
						<protocol>HCXT_ZhyyMobileWlQyjxxqQuery</protocol>
						<protocol>HCXT_ZhyyMobileWlTgkcQuery</protocol>
						<protocol>HCXT_ZhyyMobileWlTgkccpxtfbQuery</protocol>
						<protocol>HCXT_ZhyyMobileWlTgkczkcQuery</protocol>
						<protocol>HCXT_ZhyyMobileWlZtcxmxQuery</protocol>
						<protocol>HCXT_ZhyyMobileWlZtczQuery</protocol>
						<protocol>HCXT_ZhyyWlGcMtMj</protocol>
							</protocols>
		
		<params>
				</params>
		<services>
								<service>
			<serivcename>GetBalanceInfoGs</serivcename>
			<protocol>HCXT_GetBalanceInfoGs</protocol>
			</service>
						<service>
			<serivcename>GetBalanceInfoTs</serivcename>
			<protocol>HCXT_GetBalanceInfoTs</protocol>
			</service>
						<service>
			<serivcename>ZhyyMobileAfBwbzbxxQuery</serivcename>
			<protocol>HCXT_ZhyyMobileAfBwbzbxxQuery</protocol>
			</service>
						<service>
			<serivcename>ZhyyMobileAfCcccQuery</serivcename>
			<protocol>HCXT_ZhyyMobileAfJcccQuery</protocol>
			</service>
						<service>
			<serivcename>ZhyyMobileAfCcrcQuery</serivcename>
			<protocol>HCXT_ZhyyMobileAfCcrcQuery</protocol>
			</service>
						<service>
			<serivcename>ZhyyMobileAfCrccccksjzQuery</serivcename>
			<protocol>HCXT_ZhyyMobileAfCrccccksjzQuery</protocol>
			</service>
						<service>
			<serivcename>ZhyyMobileAfCrcrccksjzQuery</serivcename>
			<protocol>HCXT_ZhyyMobileAfCrcrccksjzQuery</protocol>
			</service>
						<service>
			<serivcename>ZhyyMobileAfDlcllQuery</serivcename>
			<protocol>HCXT_ZhyyMobileAfDlcllQuery</protocol>
			</service>
						<service>
			<serivcename>ZhyyMobileAfDljtztQuery</serivcename>
			<protocol>HCXT_ZhyyMobileAfDljtztQuery</protocol>
			</service>
						<service>
			<serivcename>ZhyyMobileAfDlsdjzQuery</serivcename>
			<protocol>HCXT_ZhyyMobileAfDlsdjzQuery</protocol>
			</service>
						<service>
			<serivcename>ZhyyMobileAfEjbjxqQuery</serivcename>
			<protocol>HCXT_ZhyyMobileAfEjbjxqQuery</protocol>
			</service>
						<service>
			<serivcename>ZhyyMobileAfFgfsjdryjcdypmQuery</serivcename>
			<protocol>HCXT_ZhyyMobileAfFgfsjdryjcdypmQuery</protocol>
			</service>
						<service>
			<serivcename>ZhyyMobileAfFkjcslQuery</serivcename>
			<protocol>HCXT_ZhyyMobileAfFkjcslQuery</protocol>
			</service>
						<service>
			<serivcename>ZhyyMobileAfJcccQuery</serivcename>
			<protocol>HCXT_ZhyyMobileAfJcccQuery</protocol>
			</service>
						<service>
			<serivcename>ZhyyMobileAfJtwzzQuery</serivcename>
			<protocol>HCXT_ZhyyMobileAfJtwzzQuery</protocol>
			</service>
						<service>
			<serivcename>ZhyyMobileAfLjjcclsQuery</serivcename>
			<protocol>HCXT_ZhyyMobileAfLjjcclsQuery</protocol>
			</service>
						<service>
			<serivcename>ZhyyMobileAfLsclslQuery</serivcename>
			<protocol>HCXT_ZhyyMobileAfLsclslQuery</protocol>
			</service>
						<service>
			<serivcename>ZhyyMobileAfRyjctjQuery</serivcename>
			<protocol>HCXT_ZhyyMobileAfRyjctjQuery</protocol>
			</service>
						<service>
			<serivcename>ZhyyMobileAfSjbjsQuery</serivcename>
			<protocol>HCXT_ZhyyMobileAfSjbjsQuery</protocol>
			</service>
						<service>
			<serivcename>ZhyyMobileAfSjbjxqQuery</serivcename>
			<protocol>HCXT_ZhyyMobileAfSjbjxqQuery</protocol>
			</service>
						<service>
			<serivcename>ZhyyMobileAfYjbjsQuery</serivcename>
			<protocol>HCXT_ZhyyMobileAfYjbjsQuery</protocol>
			</service>
						<service>
			<serivcename>ZhyyMobileAfYjbjxqQuery</serivcename>
			<protocol>HCXT_ZhyyMobileAfYjbjxqQuery</protocol>
			</service>
						<service>
			<serivcename>ZhyyMobileCbDelgckpiQuery</serivcename>
			<protocol>HCXT_ZhyyMobileCbDelgckpiQuery</protocol>
			</service>
						<service>
			<serivcename>ZhyyMobileCbgfkpiQuery</serivcename>
			<protocol>HCXT_ZhyyMobileCbgfkpiQuery</protocol>
			</service>
						<service>
			<serivcename>ZhyyMobileCbKczlQuery</serivcename>
			<protocol>HCXT_ZhyyMobileCbKczlQuery</protocol>
			</service>
						<service>
			<serivcename>ZhyyMobileCbXshlmxQuery</serivcename>
			<protocol>HCXT_ZhyyMobileCbXshlmxQuery</protocol>
			</service>
						<service>
			<serivcename>ZhyyMobileCbygkpiQuery</serivcename>
			<protocol>HCXT_ZhyyMobileCbygkpiQuery</protocol>
			</service>
						<service>
			<serivcename>ZhyyMobileCbytkpiQuery</serivcename>
			<protocol>HCXT_ZhyyMobileCbytkpiQuery</protocol>
			</service>
						<service>
			<serivcename>ZhyyMobileCcrklckfbQuery</serivcename>
			<protocol>HCXT_ZhyyMobileCcrklckfbQuery</protocol>
			</service>
						<service>
			<serivcename>ZhyyMobileCcrklcpxtfbQuery</serivcename>
			<protocol>HCXT_ZhyyMobileCcrklcpxtfbQuery</protocol>
			</service>
						<service>
			<serivcename>ZhyyMobileCgBjfckcjeQuery</serivcename>
			<protocol>HCXT_ZhyyMobileCgBjfckcjeQuery</protocol>
			</service>
						<service>
			<serivcename>ZhyyMobileCgBjndcgxlQuery</serivcename>
			<protocol>HCXT_ZhyyMobileCgBjndcgxlQuery</protocol>
			</service>
						<service>
			<serivcename>ZhyyMobileCgDqcyzczgsQuery</serivcename>
			<protocol>HCXT_ZhyyMobileCgDqcyzczgsQuery</protocol>
			</service>
						<service>
			<serivcename>ZhyyMobileCgGlhtslfbQuery</serivcename>
			<protocol>HCXT_ZhyyMobileCgGlhtslfbQuery</protocol>
			</service>
						<service>
			<serivcename>ZhyyMobileCgGyshjQuery</serivcename>
			<protocol>HCXT_ZhyyMobileCgGyshjQuery</protocol>
			</service>
						<service>
			<serivcename>ZhyyMobileCgGysmxQuery</serivcename>
			<protocol>HCXT_ZhyyMobileCgGysmxQuery</protocol>
			</service>
						<service>
			<serivcename>ZhyyMobileCgGyspjQuery</serivcename>
			<protocol>HCXT_ZhyyMobileCgGyspjQuery</protocol>
			</service>
						<service>
			<serivcename>ZhyyMobileCgHtgljeQuery</serivcename>
			<protocol>HCXT_ZhyyMobileCgHtgljeQuery</protocol>
			</service>
						<service>
			<serivcename>ZhyyMobileCgHtglQuery</serivcename>
			<protocol>HCXT_ZhyyMobileCgHtglQuery</protocol>
			</service>
						<service>
			<serivcename>ZhyyMobileCgHtglslQuery</serivcename>
			<protocol>HCXT_ZhyyMobileCgHtglslQuery</protocol>
			</service>
						<service>
			<serivcename>ZhyyMobileCgHtgltzQuery</serivcename>
			<protocol>HCXT_ZhyyMobileCgHtgltzQuery</protocol>
			</service>
						<service>
			<serivcename>ZhyyMobileCgJhglQuery</serivcename>
			<protocol>HCXT_ZhyyMobileCgJhglQuery</protocol>
			</service>
						<service>
			<serivcename>ZhyyMobileCgJhglrljdQuery</serivcename>
			<protocol>HCXT_ZhyyMobileCgJhglrljdQuery</protocol>
			</service>
						<service>
			<serivcename>ZhyyMobileCgJtcnkcqsycQuery</serivcename>
			<protocol>HCXT_ZhyyMobileCgJtcnkcqsycQuery</protocol>
			</service>
						<service>
			<serivcename>ZhyyMobileCgMroddtjQuery</serivcename>
			<protocol>HCXT_ZhyyMobileCgMroddtjQuery</protocol>
			</service>
						<service>
			<serivcename>ZhyyMobileCgMtcnkcqsycQuery</serivcename>
			<protocol>HCXT_ZhyyMobileCgMtcnkcqsycQuery</protocol>
			</service>
						<service>
			<serivcename>ZhyyMobileCgPmxlQuery</serivcename>
			<protocol>HCXT_ZhyyMobileCgPmxlQuery</protocol>
			</service>
						<service>
			<serivcename>ZhyyMobileCgPzlsjgqsQuery</serivcename>
			<protocol>HCXT_ZhyyMobileCgPzlsjgqsQuery</protocol>
			</service>
						<service>
			<serivcename>ZhyyMobileCgTbbjndcgxlQuery</serivcename>
			<protocol>HCXT_ZhyyMobileCgTbbjndcgxlQuery</protocol>
			</service>
						<service>
			<serivcename>ZhyyMobileCgYdtycsfyQuery</serivcename>
			<protocol>HCXT_ZhyyMobileCgYdtycsfyQuery</protocol>
			</service>
						<service>
			<serivcename>ZhyyMobileCgYdtycsfysytbQuery</serivcename>
			<protocol>HCXT_ZhyyMobileCgYdtycsfysytbQuery</protocol>
			</service>
						<service>
			<serivcename>ZhyyMobileCgYdtycsfyzrfseQuery</serivcename>
			<protocol>HCXT_ZhyyMobileCgYdtycsfyzrfseQuery</protocol>
			</service>
						<service>
			<serivcename>ZhyyMobileHbGwfbcsybQuery</serivcename>
			<protocol>HCXT_ZhyyMobileHbGwfbcsybQuery</protocol>
			</service>
						<service>
			<serivcename>ZhyyMobileHbGwfgfsybQuery</serivcename>
			<protocol>HCXT_ZhyyMobileHbGwfgfsybQuery</protocol>
			</service>
						<service>
			<serivcename>ZhyyMobileHbGwfmxQuery</serivcename>
			<protocol>HCXT_ZhyyMobileHbGwfmxQuery</protocol>
			</service>
						<service>
			<serivcename>ZhyyMobileHbJcpkdblQuery</serivcename>
			<protocol>HCXT_ZhyyMobileHbJcpkdblQuery</protocol>
			</service>
						<service>
			<serivcename>ZhyyMobileHbKlwpwlqsQuery</serivcename>
			<protocol>HCXT_ZhyyMobileHbKlwpwlqsQuery</protocol>
			</service>
						<service>
			<serivcename>ZhyyMobileHbKlwpwlQuery</serivcename>
			<protocol>HCXT_ZhyyMobileHbKlwpwlQuery</protocol>
			</service>
						<service>
			<serivcename>ZhyyMobileHbKqzlsjQuery</serivcename>
			<protocol>HCXT_ZhyyMobileHbKqzlsjQuery</protocol>
			</service>
						<service>
			<serivcename>ZhyyMobileHbMjhcxxQuery</serivcename>
			<protocol>HCXT_ZhyyMobileHbMjhcxxQuery</protocol>
			</service>
						<service>
			<serivcename>ZhyyMobileHbNoxpwlqsQuery</serivcename>
			<protocol>HCXT_ZhyyMobileHbNoxpwlqsQuery</protocol>
			</service>
						<service>
			<serivcename>ZhyyMobileHbNoxpwlQuery</serivcename>
			<protocol>HCXT_ZhyyMobileHbNoxpwlQuery</protocol>
			</service>
						<service>
			<serivcename>ZhyyMobileHbQjwlsjQuery</serivcename>
			<protocol>HCXT_ZhyyMobileHbQjwlsjQuery</protocol>
			</service>
						<service>
			<serivcename>ZhyyMobileHbQjysblQuery</serivcename>
			<protocol>HCXT_ZhyyMobileHbQjysblQuery</protocol>
			</service>
						<service>
			<serivcename>ZhyyMobileHbQjysccblQuery</serivcename>
			<protocol>HCXT_ZhyyMobileHbQjysjcczblQuery</protocol>
			</service>
						<service>
			<serivcename>ZhyyMobileHbQjysjcblQuery</serivcename>
			<protocol>HCXT_ZhyyMobileHbQjysjcblQuery</protocol>
			</service>
						<service>
			<serivcename>ZhyyMobileHbQjysjcczblQuery</serivcename>
			<protocol>HCXT_ZhyyMobileHbQjysjcczblQuery</protocol>
			</service>
						<service>
			<serivcename>ZhyyMobileHbSlyslQuery</serivcename>
			<protocol>HCXT_ZhyyMobileHbSlyslQuery</protocol>
			</service>
						<service>
			<serivcename>ZhyyMobileHbSo2pwlqsQuery</serivcename>
			<protocol>HCXT_ZhyyMobileHbSo2pwlqsQuery</protocol>
			</service>
						<service>
			<serivcename>ZhyyMobileHbSo2pwlQuery</serivcename>
			<protocol>HCXT_ZhyyMobileHbSo2pwlQuery</protocol>
			</service>
						<service>
			<serivcename>ZhyyMobileHbWfkcxqQuery</serivcename>
			<protocol>HCXT_ZhyyMobileHbWfkcxqQuery</protocol>
			</service>
						<service>
			<serivcename>ZhyyMobileHbWzzjksbQuery</serivcename>
			<protocol>HCXT_ZhyyMobileHbWzzjksbQuery</protocol>
			</service>
						<service>
			<serivcename>ZhyyMobileHbWzzpfyqdQuery</serivcename>
			<protocol>HCXT_ZhyyMobileHbWzzpfyqdQuery</protocol>
			</service>
						<service>
			<serivcename>ZhyyMobileHbYzzpfsssjQuery</serivcename>
			<protocol>HCXT_ZhyyMobileHbYzzpfsssjQuery</protocol>
			</service>
						<service>
			<serivcename>ZhyyMobileHbYzzpfwfmxQuery</serivcename>
			<protocol>HCXT_ZhyyMobileHbYzzpfwfmxQuery</protocol>
			</service>
						<service>
			<serivcename>ZhyyMobileHbZywrwzQuery</serivcename>
			<protocol>HCXT_ZhyyMobileHbZywrwzQuery</protocol>
			</service>
						<service>
			<serivcename>ZhyyMobileNyGxpfzbQuery</serivcename>
			<protocol>HCXT_ZhyyMobileNyGxpfzbQuery</protocol>
			</service>
						<service>
			<serivcename>ZhyyMobileNyTjpljzlQuery</serivcename>
			<protocol>HCXT_ZhyyMobileNyTjpljzlQuery</protocol>
			</service>
						<service>
			<serivcename>ZhyyMobileRqfdQuery</serivcename>
			<protocol>HCXT_ZhyyMobileRqfdQuery</protocol>
			</service>
						<service>
			<serivcename>ZhyyMobileRrfdQuery</serivcename>
			<protocol>HCXT_ZhyyMobileRrfdQuery</protocol>
			</service>
						<service>
			<serivcename>ZhyyMobileScCclQuery</serivcename>
			<protocol>HCXT_ZhyyMobileScCclQuery</protocol>
			</service>
						<service>
			<serivcename>ZhyyMobileScCljhQuery</serivcename>
			<protocol>HCXT_ZhyyMobileScCljhQuery</protocol>
			</service>
						<service>
			<serivcename>ZhyyMobileScCljhtgcQuery</serivcename>
			<protocol>HCXT_ZhyyMobileScCljhtgcQuery</protocol>
			</service>
						<service>
			<serivcename>ZhyyMobileScDlssQuery</serivcename>
			<protocol>HCXT_ZhyyMobileScDlssQuery</protocol>
			</service>
						<service>
			<serivcename>ZhyyMobileScFgjxqsQuery</serivcename>
			<protocol>HCXT_ZhyyMobileScFgjxqsQuery</protocol>
			</service>
						<service>
			<serivcename>ZhyyMobileScGclQuery</serivcename>
			<protocol>HCXT_ZhyyMobileScGclQuery</protocol>
			</service>
						<service>
			<serivcename>ZhyyMobileScGlflfyflQuery</serivcename>
			<protocol>HCXT_ZhyyMobileScGlflfyflQuery</protocol>
			</service>
						<service>
			<serivcename>ZhyyMobileScGlflfyfyQuery</serivcename>
			<protocol>HCXT_ZhyyMobileScGlflfyfyQuery</protocol>
			</service>
						<service>
			<serivcename>ZhyyMobileScGtphQuery</serivcename>
			<protocol>HCXT_ZhyyMobileScGtphQuery</protocol>
			</service>
						<service>
			<serivcename>ZhyyMobileScGtphthxqQuery</serivcename>
			<protocol>HCXT_ZhyyMobileScGtphthxqQuery</protocol>
			</service>
						<service>
			<serivcename>ZhyyMobileScJhjhjhQuery</serivcename>
			<protocol>HCXT_ZhyyMobileScJhjhjhQuery</protocol>
			</service>
						<service>
			<serivcename>ZhyyMobileScLggxnhQuery</serivcename>
			<protocol>HCXT_ZhyyMobileScLggxnhQuery</protocol>
			</service>
						<service>
			<serivcename>ZhyyMobileScLgzjlselgQuery</serivcename>
			<protocol>HCXT_ZhyyMobileScLgzjlselgQuery</protocol>
			</service>
						<service>
			<serivcename>ZhyyMobileScLgzjlsslgQuery</serivcename>
			<protocol>HCXT_ZhyyMobileScLgzjlsslgQuery</protocol>
			</service>
						<service>
			<serivcename>ZhyyMobileScLgzjlsylgQuery</serivcename>
			<protocol>HCXT_ZhyyMobileScLgzjlsylgQuery</protocol>
			</service>
						<service>
			<serivcename>ZhyyMobileScNjfsQuery</serivcename>
			<protocol>HCXT_ZhyyMobileScNjfsQuery</protocol>
			</service>
						<service>
			<serivcename>ZhyyMobileScNjqsfsqQuery</serivcename>
			<protocol>HCXT_ZhyyMobileScNjqsfsqQuery</protocol>
			</service>
						<service>
			<serivcename>ZhyyMobileScNjqsGlmqQuery</serivcename>
			<protocol>HCXT_ZhyyMobileScNjqsGlmqQuery</protocol>
			</service>
						<service>
			<serivcename>ZhyyMobileScNjqsJlmqQuery</serivcename>
			<protocol>HCXT_ZhyyMobileScNjqsJlmqQuery</protocol>
			</service>
						<service>
			<serivcename>ZhyyMobileScNjqsYqQuery</serivcename>
			<protocol>HCXT_ZhyyMobileScNjqsYqQuery</protocol>
			</service>
						<service>
			<serivcename>ZhyyMobileScNyzbyqQuery</serivcename>
			<protocol>HCXTZhyyMobileScNyzbyqQuery</protocol>
			</service>
						<service>
			<serivcename>ZhyyMobileScRzlQuery</serivcename>
			<protocol>HCXT_ZhyyMobileScRzlQuery</protocol>
			</service>
						<service>
			<serivcename>ZhyyMobileScScqslwgQuery</serivcename>
			<protocol>HCXT_ZhyyMobileScScqslwgQuery</protocol>
			</service>
						<service>
			<serivcename>ZhyyMobileScScqsQuery</serivcename>
			<protocol>HCXT_ZhyyMobileScScqsQuery</protocol>
			</service>
						<service>
			<serivcename>ZhyyMobileScSctjQuery</serivcename>
			<protocol>HCXT_ZhyyMobileScSctjQuery</protocol>
			</service>
						<service>
			<serivcename>ZhyyMobileScScyxqtQuery</serivcename>
			<protocol>HCXT_ZhyyMobileScScyxqtQuery</protocol>
			</service>
						<service>
			<serivcename>ZhyyMobileScSjjsesjQuery</serivcename>
			<protocol>HCXT_ZhyyMobileScSjjsesjQuery</protocol>
			</service>
						<service>
			<serivcename>ZhyyMobileScSjjsQuery</serivcename>
			<protocol>HCXT_ZhyyMobileScSjjsQuery</protocol>
			</service>
						<service>
			<serivcename>ZhyyMobileScTclQuery</serivcename>
			<protocol>HCXT_ZhyyMobileScTclQuery</protocol>
			</service>
						<service>
			<serivcename>ZhyyMobileScTgcclQuery</serivcename>
			<protocol>HCXT_ZhyyMobileScTgcclQuery</protocol>
			</service>
						<service>
			<serivcename>ZhyyMobileScTgcclyQuery</serivcename>
			<protocol>HCXT_ZhyyMobileScTgcclyQuery</protocol>
			</service>
						<service>
			<serivcename>ZhyyMobileScTgcclyxqQuery</serivcename>
			<protocol>HCXT_ZhyyMobileScTgcclyxqQuery</protocol>
			</service>
						<service>
			<serivcename>ZhyyMobileScTgcclzxqQuery</serivcename>
			<protocol>HCXT_ZhyyMobileScTgcclzxqQuery</protocol>
			</service>
						<service>
			<serivcename>ZhyyMobileScTrtfdQuery</serivcename>
			<protocol>HCXT_ZhyyMobileScTrtfdQuery</protocol>
			</service>
						<service>
			<serivcename>ZhyyMobileScTstrljhQuery</serivcename>
			<protocol>HCXT_ZhyyMobileScTstrljhQuery</protocol>
			</service>
						<service>
			<serivcename>ZhyyMobileScWddhqlQuery</serivcename>
			<protocol>HCXT_ZhyyMobileScWddhqlQuery</protocol>
			</service>
						<service>
			<serivcename>ZhyyMobileScYjbjxqQuery</serivcename>
			<protocol>HCXT_ZhyyMobileScYjbjxqQuery</protocol>
			</service>
						<service>
			<serivcename>ZhyyMobileScYjbjzjQuery</serivcename>
			<protocol>HCXT_ZhyyMobileScYjbjzjQuery</protocol>
			</service>
						<service>
			<serivcename>ZhyyMobileScZdzbrlbQuery</serivcename>
			<protocol>HCXT_ZhyyMobileScZdzbrlbQuery</protocol>
			</service>
						<service>
			<serivcename>ZhyyMobileScZfdblQuery</serivcename>
			<protocol>HCXT_ZhyyMobileScZfdblQuery</protocol>
			</service>
						<service>
			<serivcename>ZhyyMobileScZggxnhQuery</serivcename>
			<protocol>HCXT_ZhyyMobileScZggxnhQuery</protocol>
			</service>
						<service>
			<serivcename>ZhyyMobileScZlmqQuery</serivcename>
			<protocol>HCXT_ZhyyMobileScZlmqQuery</protocol>
			</service>
						<service>
			<serivcename>ZhyyMobileScZzgzbcQuery</serivcename>
			<protocol>HCXT_ZhyyMobileScZzgzbcQuery</protocol>
			</service>
						<service>
			<serivcename>ZhyyMobileScZzgztgQuery</serivcename>
			<protocol>HCXT_ZhyyMobileScZzgztgQuery</protocol>
			</service>
						<service>
			<serivcename>ZhyyMobileWlBccktjfxQuery</serivcename>
			<protocol>HCXT_ZhyyMobileWlBccktjfxQuery</protocol>
			</service>
						<service>
			<serivcename>ZhyyMobileWlBckcckfbQuery</serivcename>
			<protocol>HCXT_ZhyyMobileWlBckcckfbQuery</protocol>
			</service>
						<service>
			<serivcename>ZhyyMobileWlBckcdtfbQuery</serivcename>
			<protocol>HCXT_ZhyyMobileWlBckcdtfbQuery</protocol>
			</service>
						<service>
			<serivcename>ZhyyMobileWlBckczkcQuery</serivcename>
			<protocol>HCXT_ZhyyMobileWlBckczkcQuery</protocol>
			</service>
						<service>
			<serivcename>ZhyyMobileWlBcrklckfbQuery</serivcename>
			<protocol>HCXT_ZhyyMobileWlBcrklckfbQuery</protocol>
			</service>
						<service>
			<serivcename>ZhyyMobileWlBcrklztfbQuery</serivcename>
			<protocol>HCXT_ZhyyMobileWlBcrklztfbQuery</protocol>
			</service>
						<service>
			<serivcename>ZhyyMobileWlBjhjjeQuery</serivcename>
			<protocol>HCXT_ZhyyMobileWlBjhjjeQuery</protocol>
			</service>
						<service>
			<serivcename>ZhyyMobileWlCcckcpxtfbmxQuery</serivcename>
			<protocol>HCXT_ZhyyMobileWlCcckcpxtfbmxQuery</protocol>
			</service>
						<service>
			<serivcename>ZhyyMobileWlCcckcpxtfbzlQuery</serivcename>
			<protocol>HCXT_ZhyyMobileWlCcckcpxtfbzlQuery</protocol>
			</service>
						<service>
			<serivcename>ZhyyMobileWlCccktjfxQuery</serivcename>
			<protocol>HCXT_ZhyyMobileWlCccktjfxQuery</protocol>
			</service>
						<service>
			<serivcename>ZhyyMobileWlCcwlQuery</serivcename>
			<protocol>HCXT_ZhyyMobileWlCcwlQuery</protocol>
			</service>
						<service>
			<serivcename>ZhyyMobileWlCklcrkbQuery</serivcename>
			<protocol>HCXT_ZhyyMobileWlCklcrkbQuery</protocol>
			</service>
						<service>
			<serivcename>ZhyyMobileWlCpkcqsQuery</serivcename>
			<protocol>HCXT_ZhyyMobileWlCpkcqsQuery</protocol>
			</service>
						<service>
			<serivcename>ZhyyMobileWlDxczQuery</serivcename>
			<protocol>HCXT_ZhyyMobileWlDxczQuery</protocol>
			</service>
						<service>
			<serivcename>ZhyyMobileWlDxczxxQuery</serivcename>
			<protocol>HCXT_ZhyyMobileWlDxczxxQuery</protocol>
			</service>
						<service>
			<serivcename>ZhyyMobileWlGcmtQuery</serivcename>
			<protocol>HCXT_ZhyyMobileWlGcmtQuery</protocol>
			</service>
						<service>
			<serivcename>ZhyyMobileWlJcwlQuery</serivcename>
			<protocol>HCXT_ZhyyMobileWlJcwlQuery</protocol>
			</service>
						<service>
			<serivcename>ZhyyMobileWlJcwlyjQuery</serivcename>
			<protocol>HCXT_ZhyyMobileWlJcwlyjQuery</protocol>
			</service>
						<service>
			<serivcename>ZhyyMobileWlMrrkqcQuery</serivcename>
			<protocol>HCXT_ZhyyMobileWlMrrkqcQuery</protocol>
			</service>
						<service>
			<serivcename>ZhyyMobileWlMtzylQuery</serivcename>
			<protocol>HCXT_ZhyyMobileWlMtzylQuery</protocol>
			</service>
						<service>
			<serivcename>ZhyyMobileWlQyjxQuery</serivcename>
			<protocol>HCXT_ZhyyMobileWlQyjxQuery</protocol>
			</service>
						<service>
			<serivcename>ZhyyMobileWlQyjxxqQuery</serivcename>
			<protocol>HCXT_ZhyyMobileWlQyjxxqQuery</protocol>
			</service>
						<service>
			<serivcename>ZhyyMobileWlTgkccpxtfbQuery</serivcename>
			<protocol>HCXT_ZhyyMobileWlTgkccpxtfbQuery</protocol>
			</service>
						<service>
			<serivcename>ZhyyMobileWlTgkcQuery</serivcename>
			<protocol>HCXT_ZhyyMobileWlTgkcQuery</protocol>
			</service>
						<service>
			<serivcename>ZhyyMobileWlTgkczkcQuery</serivcename>
			<protocol>HCXT_ZhyyMobileWlTgkczkcQuery</protocol>
			</service>
						<service>
			<serivcename>ZhyyMobileWlZtcxmxQuery</serivcename>
			<protocol>HCXT_ZhyyMobileWlZtcxmxQuery</protocol>
			</service>
						<service>
			<serivcename>ZhyyMobileWlZtczQuery</serivcename>
			<protocol>HCXT_ZhyyMobileWlZtczQuery</protocol>
			</service>
						<service>
			<serivcename>ZhyyWlGcMtMj</serivcename>
			<protocol>HCXT_ZhyyWlGcMtMj</protocol>
			</service>
							</services>
	</servicesystem>
</servicesystems>