<?xml version="1.0" encoding="UTF-8"?>
<servicesystems>
	<servicesystem>
		<serviceSystemName>MYSTEELSYS</serviceSystemName>
		<serviceSystemDesc>黑色市场分析智慧管理系统</serviceSystemDesc>
		<hostName/>
		<hostIp/>
		<status>add</status>
		
		<protocols>
								<protocol>MYSTEELSYS_CheckUserByUserIdQuery</protocol>
						<protocol>MYSTEELSYS_CustomerBatchInsertIndexDataAdd</protocol>
						<protocol>MYSTEELSYS_CustomerSaveIndexInfoAdd</protocol>
						<protocol>MYSTEELSYS_EbcPushFrameDataQuery</protocol>
						<protocol>MYSTEELSYS_HsscBCCKWeightQuery</protocol>
						<protocol>MYSTEELSYS_HsscBCCXRateQuery</protocol>
						<protocol>MYSTEELSYS_HsscBCOrderQuery</protocol>
						<protocol>MYSTEELSYS_HsscBCZjhlQuery</protocol>
						<protocol>MYSTEELSYS_HsscBlankinputTateQuery</protocol>
						<protocol>MYSTEELSYS_HsscCoalQuery</protocol>
						<protocol>MYSTEELSYS_HsscCoreLossQuery</protocol>
						<protocol>MYSTEELSYS_HsscCrntonhdQuery</protocol>
						<protocol>MYSTEELSYS_HsscGMHtdxQuery</protocol>
						<protocol>MYSTEELSYS_HsscGMJDQuery</protocol>
						<protocol>MYSTEELSYS_HsscHighQualitySteelBillingVolume</protocol>
						<protocol>MYSTEELSYS_HsscIronLossQuery</protocol>
						<protocol>MYSTEELSYS_HsscLWCKQuery</protocol>
						<protocol>MYSTEELSYS_HsscLargeCateProfitQuery</protocol>
						<protocol>MYSTEELSYS_HsscLineProfitQuery</protocol>
						<protocol>MYSTEELSYS_HsscMonthStockQuery</protocol>
						<protocol>MYSTEELSYS_HsscMysteelDataQuery</protocol>
						<protocol>MYSTEELSYS_HsscMysteelIndexQuery</protocol>
						<protocol>MYSTEELSYS_HsscNowStockQuery</protocol>
						<protocol>MYSTEELSYS_HsscOrgAdd</protocol>
						<protocol>MYSTEELSYS_HsscOrgDisableSuspend</protocol>
						<protocol>MYSTEELSYS_HsscOrgEnableStart</protocol>
						<protocol>MYSTEELSYS_HsscOrgModifyUpdate</protocol>
						<protocol>MYSTEELSYS_HsscPageListRetrieve</protocol>
						<protocol>MYSTEELSYS_HsscPriceQuery</protocol>
						<protocol>MYSTEELSYS_HsscProductPutQuery</protocol>
						<protocol>MYSTEELSYS_HsscReceiveRoleRetrieve</protocol>
						<protocol>MYSTEELSYS_HsscReceiveUserRoleRetrieve</protocol>
						<protocol>MYSTEELSYS_HsscRepairPlanQuery</protocol>
						<protocol>MYSTEELSYS_HsscRoleAdd</protocol>
						<protocol>MYSTEELSYS_HsscRoleAddUserLink</protocol>
						<protocol>MYSTEELSYS_HsscRoleDisableUserDelete</protocol>
						<protocol>MYSTEELSYS_HsscRoleModifyUpdate</protocol>
						<protocol>MYSTEELSYS_HsscRolePageListRetrieve</protocol>
						<protocol>MYSTEELSYS_HsscSalesOrgJYCQuery</protocol>
						<protocol>MYSTEELSYS_HsscSalesorgProfitQuery</protocol>
						<protocol>MYSTEELSYS_HsscSortQuery</protocol>
						<protocol>MYSTEELSYS_HsscSteelPutQuery</protocol>
						<protocol>MYSTEELSYS_HsscStockGcGpPlanQuery</protocol>
						<protocol>MYSTEELSYS_HsscStockPlanQuery</protocol>
						<protocol>MYSTEELSYS_HsscTGCXRATEQuery</protocol>
						<protocol>MYSTEELSYS_HsscTGJSMLQuery</protocol>
						<protocol>MYSTEELSYS_HsscTGJYPQuery</protocol>
						<protocol>MYSTEELSYS_HsscTGLWKCQuery</protocol>
						<protocol>MYSTEELSYS_HsscTGLWProjectCKQuery</protocol>
						<protocol>MYSTEELSYS_HsscTGLWProjectKDQuery</protocol>
						<protocol>MYSTEELSYS_HsscTGLWWeightQuery</protocol>
						<protocol>MYSTEELSYS_HsscTGOrderRateQuery</protocol>
						<protocol>MYSTEELSYS_HsscTGZJHLQuery</protocol>
						<protocol>MYSTEELSYS_HsscUserAdd</protocol>
						<protocol>MYSTEELSYS_HsscUserDisableSuspend</protocol>
						<protocol>MYSTEELSYS_HsscUserEnableStart</protocol>
						<protocol>MYSTEELSYS_HsscUserModifyUpdate</protocol>
						<protocol>MYSTEELSYS_ModelPullQuery</protocol>
						<protocol>MYSTEELSYS_MultidataBatchSaveAdd</protocol>
						<protocol>MYSTEELSYS_MultidataSaveAdd</protocol>
						<protocol>MYSTEELSYS_SyncAffectFactorData</protocol>
							</protocols>
		
		<params>
				</params>
		<services>
								<service>
			<serivcename>CheckUserByUserIdQuery</serivcename>
			<protocol>MYSTEELSYS_CheckUserByUserIdQuery</protocol>
			</service>
						<service>
			<serivcename>CustomerBatchInsertIndexDataAdd</serivcename>
			<protocol>MYSTEELSYS_CustomerBatchInsertIndexDataAdd</protocol>
			</service>
						<service>
			<serivcename>CustomerSaveIndexInfoAdd</serivcename>
			<protocol>MYSTEELSYS_CustomerSaveIndexInfoAdd</protocol>
			</service>
						<service>
			<serivcename>EbcPushFrameDataQuery</serivcename>
			<protocol>MYSTEELSYS_EbcPushFrameDataQuery</protocol>
			</service>
						<service>
			<serivcename>HsscBCCKWeightQuery</serivcename>
			<protocol>MYSTEELSYS_HsscBCCKWeightQuery</protocol>
			</service>
						<service>
			<serivcename>HsscBCCXRateQuery</serivcename>
			<protocol>MYSTEELSYS_HsscBCCXRateQuery</protocol>
			</service>
						<service>
			<serivcename>HsscBCOrderQuery</serivcename>
			<protocol>MYSTEELSYS_HsscBCOrderQuery</protocol>
			</service>
						<service>
			<serivcename>HsscBCZjhlQuery</serivcename>
			<protocol>MYSTEELSYS_HsscBCZjhlQuery</protocol>
			</service>
						<service>
			<serivcename>HsscBlankinputTateQuery</serivcename>
			<protocol>MYSTEELSYS_HsscBlankinputTateQuery</protocol>
			</service>
						<service>
			<serivcename>HsscCoalQuery</serivcename>
			<protocol>MYSTEELSYS_HsscCoalQuery</protocol>
			</service>
						<service>
			<serivcename>HsscCoreLossQuery</serivcename>
			<protocol>MYSTEELSYS_HsscCoreLossQuery</protocol>
			</service>
						<service>
			<serivcename>HsscCrntonhdQuery</serivcename>
			<protocol>MYSTEELSYS_HsscCrntonhdQuery</protocol>
			</service>
						<service>
			<serivcename>HsscGMHtdxQuery</serivcename>
			<protocol>MYSTEELSYS_HsscGMHtdxQuery</protocol>
			</service>
						<service>
			<serivcename>HsscGMJDQuery</serivcename>
			<protocol>MYSTEELSYS_HsscGMJDQuery</protocol>
			</service>
						<service>
			<serivcename>HsscHighQualitySteelBillingVolume</serivcename>
			<protocol>MYSTEELSYS_HsscHighQualitySteelBillingVolume</protocol>
			</service>
						<service>
			<serivcename>HsscIronLossQuery</serivcename>
			<protocol>MYSTEELSYS_HsscIronLossQuery</protocol>
			</service>
						<service>
			<serivcename>HsscLargeCateProfitQuery</serivcename>
			<protocol>MYSTEELSYS_HsscLargeCateProfitQuery</protocol>
			</service>
						<service>
			<serivcename>HsscLineProfitQuery</serivcename>
			<protocol>MYSTEELSYS_HsscLineProfitQuery</protocol>
			</service>
						<service>
			<serivcename>HsscLWCKQuery</serivcename>
			<protocol>MYSTEELSYS_HsscLWCKQuery</protocol>
			</service>
						<service>
			<serivcename>HsscMonthStockQuery</serivcename>
			<protocol>MYSTEELSYS_HsscMonthStockQuery</protocol>
			</service>
						<service>
			<serivcename>HsscMysteelDataQuery</serivcename>
			<protocol>MYSTEELSYS_HsscMysteelDataQuery</protocol>
			</service>
						<service>
			<serivcename>HsscMysteelIndexQuery</serivcename>
			<protocol>MYSTEELSYS_HsscMysteelIndexQuery</protocol>
			</service>
						<service>
			<serivcename>HsscNowStockQuery</serivcename>
			<protocol>MYSTEELSYS_HsscNowStockQuery</protocol>
			</service>
						<service>
			<serivcename>HsscOrgAdd</serivcename>
			<protocol>MYSTEELSYS_HsscOrgAdd</protocol>
			</service>
						<service>
			<serivcename>HsscOrgDisableSuspend</serivcename>
			<protocol>MYSTEELSYS_HsscOrgDisableSuspend</protocol>
			</service>
						<service>
			<serivcename>HsscOrgEnableStart</serivcename>
			<protocol>MYSTEELSYS_HsscOrgEnableStart</protocol>
			</service>
						<service>
			<serivcename>HsscOrgModifyUpdate</serivcename>
			<protocol>MYSTEELSYS_HsscOrgModifyUpdate</protocol>
			</service>
						<service>
			<serivcename>HsscPageListRetrieve</serivcename>
			<protocol>MYSTEELSYS_HsscPageListRetrieve</protocol>
			</service>
						<service>
			<serivcename>HsscPriceQuery</serivcename>
			<protocol>MYSTEELSYS_HsscPriceQuery</protocol>
			</service>
						<service>
			<serivcename>HsscProductPutQuery</serivcename>
			<protocol>MYSTEELSYS_HsscProductPutQuery</protocol>
			</service>
						<service>
			<serivcename>HsscReceiveRoleRetrieve</serivcename>
			<protocol>MYSTEELSYS_HsscReceiveRoleRetrieve</protocol>
			</service>
						<service>
			<serivcename>HsscReceiveUserRoleRetrieve</serivcename>
			<protocol>MYSTEELSYS_HsscReceiveUserRoleRetrieve</protocol>
			</service>
						<service>
			<serivcename>HsscRepairPlanQuery</serivcename>
			<protocol>MYSTEELSYS_HsscRepairPlanQuery</protocol>
			</service>
						<service>
			<serivcename>HsscRoleAdd</serivcename>
			<protocol>MYSTEELSYS_HsscRoleAdd</protocol>
			</service>
						<service>
			<serivcename>HsscRoleAddUserLink</serivcename>
			<protocol>MYSTEELSYS_HsscRoleAddUserLink</protocol>
			</service>
						<service>
			<serivcename>HsscRoleDisableUserDelete</serivcename>
			<protocol>MYSTEELSYS_HsscRoleDisableUserDelete</protocol>
			</service>
						<service>
			<serivcename>HsscRoleModifyUpdate</serivcename>
			<protocol>MYSTEELSYS_HsscRoleModifyUpdate</protocol>
			</service>
						<service>
			<serivcename>HsscRolePageListRetrieve</serivcename>
			<protocol>MYSTEELSYS_HsscRolePageListRetrieve</protocol>
			</service>
						<service>
			<serivcename>HsscSalesOrgJYCQuery</serivcename>
			<protocol>MYSTEELSYS_HsscSalesOrgJYCQuery</protocol>
			</service>
						<service>
			<serivcename>HsscSalesorgProfitQuery</serivcename>
			<protocol>MYSTEELSYS_HsscSalesorgProfitQuery</protocol>
			</service>
						<service>
			<serivcename>HsscSortQuery</serivcename>
			<protocol>MYSTEELSYS_HsscSortQuery</protocol>
			</service>
						<service>
			<serivcename>HsscSteelPutQuery</serivcename>
			<protocol>MYSTEELSYS_HsscSteelPutQuery</protocol>
			</service>
						<service>
			<serivcename>HsscStockGcGpPlanQuery</serivcename>
			<protocol>MYSTEELSYS_HsscStockGcGpPlanQuery</protocol>
			</service>
						<service>
			<serivcename>HsscStockPlanQuery</serivcename>
			<protocol>MYSTEELSYS_HsscStockPlanQuery</protocol>
			</service>
						<service>
			<serivcename>HsscTGCXRATEQuery</serivcename>
			<protocol>MYSTEELSYS_HsscTGCXRATEQuery</protocol>
			</service>
						<service>
			<serivcename>HsscTGJSMLQuery</serivcename>
			<protocol>MYSTEELSYS_HsscTGJSMLQuery</protocol>
			</service>
						<service>
			<serivcename>HsscTGJYPQuery</serivcename>
			<protocol>MYSTEELSYS_HsscTGJYPQuery</protocol>
			</service>
						<service>
			<serivcename>HsscTGLWKCQuery</serivcename>
			<protocol>MYSTEELSYS_HsscTGLWKCQuery</protocol>
			</service>
						<service>
			<serivcename>HsscTGLWProjectCKQuery</serivcename>
			<protocol>MYSTEELSYS_HsscTGLWProjectCKQuery</protocol>
			</service>
						<service>
			<serivcename>HsscTGLWProjectKDQuery</serivcename>
			<protocol>MYSTEELSYS_HsscTGLWProjectKDQuery</protocol>
			</service>
						<service>
			<serivcename>HsscTGLWWeightQuery</serivcename>
			<protocol>MYSTEELSYS_HsscTGLWWeightQuery</protocol>
			</service>
						<service>
			<serivcename>HsscTGOrderRateQuery</serivcename>
			<protocol>MYSTEELSYS_HsscTGOrderRateQuery</protocol>
			</service>
						<service>
			<serivcename>HsscTGZJHLQuery</serivcename>
			<protocol>MYSTEELSYS_HsscTGZJHLQuery</protocol>
			</service>
						<service>
			<serivcename>HsscUserAdd</serivcename>
			<protocol>MYSTEELSYS_HsscUserAdd</protocol>
			</service>
						<service>
			<serivcename>HsscUserDisableSuspend</serivcename>
			<protocol>MYSTEELSYS_HsscUserDisableSuspend</protocol>
			</service>
						<service>
			<serivcename>HsscUserEnableStart</serivcename>
			<protocol>MYSTEELSYS_HsscUserEnableStart</protocol>
			</service>
						<service>
			<serivcename>HsscUserModifyUpdate</serivcename>
			<protocol>MYSTEELSYS_HsscUserModifyUpdate</protocol>
			</service>
						<service>
			<serivcename>ModelPullQuery</serivcename>
			<protocol>MYSTEELSYS_ModelPullQuery</protocol>
			</service>
						<service>
			<serivcename>MultidataBatchSaveAdd</serivcename>
			<protocol>MYSTEELSYS_MultidataBatchSaveAdd</protocol>
			</service>
						<service>
			<serivcename>MultidataSaveAdd</serivcename>
			<protocol>MYSTEELSYS_MultidataSaveAdd</protocol>
			</service>
						<service>
			<serivcename>SyncAffectFactorData</serivcename>
			<protocol>MYSTEELSYS_SyncAffectFactorData</protocol>
			</service>
							</services>
	</servicesystem>
</servicesystems>