<?xml version="1.0" encoding="UTF-8"?>
<servicesystems>
	<servicesystem>
		<serviceSystemName>NGNYYTH</serviceSystemName>
		<serviceSystemDesc>南钢能源一体化系统</serviceSystemDesc>
		<hostName/>
		<hostIp/>
		<status>add</status>
		
		<protocols>
								<protocol>HDGCDB_HdgcUseCoalAndCokeQuery</protocol>
						<protocol>NGNYYTH_ElectricJfpgContrastQuery</protocol>
						<protocol>NGNYYTH_EmsCollectPointQuery</protocol>
						<protocol>NGNYYTH_EmsEnergyConsumeQuery</protocol>
						<protocol>NGNYYTH_EmsEnergyCostQuery</protocol>
						<protocol>NGNYYTH_EmsEnvironmentOutLimitQuery</protocol>
						<protocol>NGNYYTH_EmsEnvironmentOutLimitTotalQuery</protocol>
						<protocol>NGNYYTH_EmsErpOd56Data</protocol>
						<protocol>NGNYYTH_EmsFormulaHourDataQuery</protocol>
						<protocol>NGNYYTH_EmsFormulaMinuteDataQuery</protocol>
						<protocol>NGNYYTH_EmsFpgPowerQuery</protocol>
						<protocol>NGNYYTH_EmsGasTonConsumeQuery</protocol>
						<protocol>NGNYYTH_EmsGetDateQuery</protocol>
						<protocol>NGNYYTH_EmsKgceDailyDetailQuery</protocol>
						<protocol>NGNYYTH_EmsKgceMonthlyDetailQuery</protocol>
						<protocol>NGNYYTH_EmsMediumDailyDetailQuery</protocol>
						<protocol>NGNYYTH_EmsMediumDailyPieceQuery</protocol>
						<protocol>NGNYYTH_EmsMediumDailySumQuery</protocol>
						<protocol>NGNYYTH_EmsMediumMonthlyDetailQuery</protocol>
						<protocol>NGNYYTH_EmsMediumMonthlySumQuery</protocol>
						<protocol>NGNYYTH_EmsOrgListQuery</protocol>
						<protocol>NGNYYTH_EmsOverhaulPlanQuery</protocol>
						<protocol>NGNYYTH_EmsPowerGenerateQuery</protocol>
						<protocol>NGNYYTH_EmsPowerSplitDailyDetailQuery</protocol>
						<protocol>NGNYYTH_EmsPowerSplitDailySumQuery</protocol>
						<protocol>NGNYYTH_EmsPowerSplitMonthlyDetailQuery</protocol>
						<protocol>NGNYYTH_EmsPowerSplitMonthlySumQuery</protocol>
						<protocol>NGNYYTH_EmsPowerTonConsumeQuery</protocol>
						<protocol>NGNYYTH_EmsProcessMediumPlanMonthlyQuery</protocol>
						<protocol>NGNYYTH_EmsProcessMediumPlanQuery</protocol>
						<protocol>NGNYYTH_EmsProducePlanQuery</protocol>
						<protocol>NGNYYTH_EmsProductionQuery</protocol>
						<protocol>NGNYYTH_EmsSteamRecoveryQuery</protocol>
						<protocol>NGNYYTH_EmsTemporaryStopQuery</protocol>
						<protocol>NGNYYTH_EmsZhhyNjphDgzhnh</protocol>
						<protocol>NGNYYTH_EmsZhhyNjphDtdd</protocol>
						<protocol>NGNYYTH_EmsZhhyNjphFdDdyhjy</protocol>
						<protocol>NGNYYTH_EmsZhhyNjphFdGffdjd</protocol>
						<protocol>NGNYYTH_EmsZhhyNjphFdMqfdlb</protocol>
						<protocol>NGNYYTH_EmsZhhyNjphFdMqfdyrfd</protocol>
						<protocol>NGNYYTH_EmsZhhyNjphFdMqfdzfh</protocol>
						<protocol>NGNYYTH_EmsZhhyNjphFdMqjzlyl</protocol>
						<protocol>NGNYYTH_EmsZhhyNjphFdMql</protocol>
						<protocol>NGNYYTH_EmsZhhyNjphFdNybjxx</protocol>
						<protocol>NGNYYTH_EmsZhhyNjphFdYrfdlb</protocol>
						<protocol>NGNYYTH_EmsZhhyNjphFdfh</protocol>
						<protocol>NGNYYTH_EmsZhhyNjphFdfhgffd</protocol>
						<protocol>NGNYYTH_EmsZhhyNjphFdfhmqfd</protocol>
						<protocol>NGNYYTH_EmsZhhyNjphFdfhtrtfd</protocol>
						<protocol>NGNYYTH_EmsZhhyNjphFdfhyrfd</protocol>
						<protocol>NGNYYTH_EmsZhhyNjphFdyqylqs</protocol>
						<protocol>NGNYYTH_EmsZhhyNjphGdDdyhjy</protocol>
						<protocol>NGNYYTH_EmsZhhyNjphGdGlys</protocol>
						<protocol>NGNYYTH_EmsZhhyNjphGdNybjxx</protocol>
						<protocol>NGNYYTH_EmsZhhyNjphGdSzjygxl</protocol>
						<protocol>NGNYYTH_EmsZhhyNjphGdWzjygxl</protocol>
						<protocol>NGNYYTH_EmsZhhyNjphGlmq</protocol>
						<protocol>NGNYYTH_EmsZhhyNjphGlmqzb</protocol>
						<protocol>NGNYYTH_EmsZhhyNjphGlmqzl</protocol>
						<protocol>NGNYYTH_EmsZhhyNjphGycDdyhjy</protocol>
						<protocol>NGNYYTH_EmsZhhyNjphGycNgydl</protocol>
						<protocol>NGNYYTH_EmsZhhyNjphGycNybjxx</protocol>
						<protocol>NGNYYTH_EmsZhhyNjphGycYdlflxs</protocol>
						<protocol>NGNYYTH_EmsZhhyNjphGycYdlzzt</protocol>
						<protocol>NGNYYTH_EmsZhhyNjphHhmq</protocol>
						<protocol>NGNYYTH_EmsZhhyNjphMqfslRate</protocol>
						<protocol>NGNYYTH_EmsZhhyNjphPgjyjh</protocol>
						<protocol>NGNYYTH_EmsZhhyNjphQggr</protocol>
						<protocol>NGNYYTH_EmsZhhyNjphQgsj</protocol>
						<protocol>NGNYYTH_EmsZhhyNjphTpfqd</protocol>
						<protocol>NGNYYTH_EmsZhhyNjphXlqs</protocol>
						<protocol>NGNYYTH_EmsZhhyNjphYdqs</protocol>
						<protocol>NGNYYTH_EmsZhhyNjphYdzc</protocol>
						<protocol>NGNYYTH_EmsZhhyNjphYqssylxq</protocol>
						<protocol>NGNYYTH_EmsZhhyNjphYqssylzb</protocol>
						<protocol>NGNYYTH_EmsZhhyNjphYqssylzl</protocol>
						<protocol>NGNYYTH_EmsZhhyNjphYskq</protocol>
						<protocol>NGNYYTH_EmsZhhyNjphZfdbl</protocol>
						<protocol>NGNYYTH_EmsZhhyNjphZydyd</protocol>
						<protocol>NGNYYTH_EmsZhnyTpfDymttpfl</protocol>
						<protocol>NGNYYTH_EmsZhnyTpfGxpfzb</protocol>
						<protocol>NGNYYTH_EmsZhnyTpfJgjp</protocol>
						<protocol>NGNYYTH_EmsZhnyTpfLdjplb1</protocol>
						<protocol>NGNYYTH_EmsZhnyTpfLdjplb2qst</protocol>
						<protocol>NGNYYTH_EmsZhnyTpfLdjplb2xq</protocol>
						<protocol>NGNYYTH_EmsZhnyTpfLntpfljl</protocol>
						<protocol>NGNYYTH_EmsZhnyTpfLsjp</protocol>
						<protocol>NGNYYTH_EmsZhnyTpfLsjshcpjp</protocol>
						<protocol>NGNYYTH_EmsZhnyTpfMrjpqdlb</protocol>
						<protocol>NGNYYTH_EmsZhnyTpfMrtpqdlb</protocol>
						<protocol>NGNYYTH_EmsZhnyTpfTdftzhmb</protocol>
						<protocol>NGNYYTH_EmsZhnyTpfTdftzhmbdqsxxg</protocol>
						<protocol>NGNYYTH_EmsZhnyTpfTdftzhmbdqsxxgzl</protocol>
						<protocol>NGNYYTH_EmsZhnyTpfThjp</protocol>
						<protocol>NGNYYTH_EmsZhnyTpfTjpljzl</protocol>
						<protocol>NGNYYTH_EmsZhnyTpfTpfljzl</protocol>
						<protocol>NGNYYTH_EmsZhnyTpfZrjpqd</protocol>
						<protocol>NGNYYTH_EmsZhnyTpfZrtpfl</protocol>
						<protocol>NGNYYTH_EmsZhnyTpfZrtpqd</protocol>
						<protocol>NGNYYTH_EmsZhyydpFdjg</protocol>
						<protocol>NGNYYTH_EnergyPushProvinceQuery</protocol>
						<protocol>NGNYYTH_EnvironmentalPjwlycQuery</protocol>
						<protocol>NGNYYTH_EnvironmentalPjwlzcQuery</protocol>
						<protocol>NGNYYTH_FinanceLjPurchasedEnergyDiffQuery</protocol>
						<protocol>NGNYYTH_FinancePurchasedEnergyDiffQuery</protocol>
						<protocol>NGNYYTH_FinancePurchasedEnergyQuery</protocol>
						<protocol>NGNYYTH_FinancePurchasedPowerQuery</protocol>
						<protocol>NGNYYTH_GenerateElectricityPlanQuery</protocol>
						<protocol>NGNYYTH_GeneratorSetEnergyEfficiencyQuery</protocol>
						<protocol>NGNYYTH_HdgcUseCoalCokeDailyQuery</protocol>
						<protocol>NGNYYTH_MesTgsybOutputDailyQuery</protocol>
						<protocol>NGNYYTH_NgnyythBcEnergyCheckList</protocol>
						<protocol>NGNYYTH_NgnyythDiagnosisEmsZhyyGasGeneration</protocol>
						<protocol>NGNYYTH_NgnyythMobileAttachDeleteFileById</protocol>
						<protocol>NGNYYTH_NgnyythMobileAttachGetRelatives</protocol>
						<protocol>NGNYYTH_NgnyythMobileAttachUpload</protocol>
						<protocol>NGNYYTH_NgnyythMobileAuthCheck</protocol>
						<protocol>NGNYYTH_NgnyythMobileBasicHrDepartmentList</protocol>
						<protocol>NGNYYTH_NgnyythMobileEmsEnergyAdditionGetById</protocol>
						<protocol>NGNYYTH_NgnyythMobileEmsEnergyAdditionList</protocol>
						<protocol>NGNYYTH_NgnyythMobileEmsEnergyAdditionRemove</protocol>
						<protocol>NGNYYTH_NgnyythMobileEmsEnergyAdditionSave</protocol>
						<protocol>NGNYYTH_NgnyythMobileEmsEnergyAdditionStartFlow</protocol>
						<protocol>NGNYYTH_NgnyythMobileEmsEnergyAdditionUpdate</protocol>
						<protocol>NGNYYTH_NgnyythMobileEmsEnergyCheckAssign</protocol>
						<protocol>NGNYYTH_NgnyythMobileEmsEnergyCheckComplete</protocol>
						<protocol>NGNYYTH_NgnyythMobileEmsEnergyCheckCorrectList</protocol>
						<protocol>NGNYYTH_NgnyythMobileEmsEnergyCheckGetById</protocol>
						<protocol>NGNYYTH_NgnyythMobileEmsEnergyCheckList</protocol>
						<protocol>NGNYYTH_NgnyythMobileEmsEnergyCheckSave</protocol>
						<protocol>NGNYYTH_NgnyythMobileEmsEnergyCheckStartFlow</protocol>
						<protocol>NGNYYTH_NgnyythMobileEmsEnergyCheckUpdate</protocol>
						<protocol>NGNYYTH_NgnyythMobileEmsExternalSupplyCheck</protocol>
						<protocol>NGNYYTH_NgnyythMobileEmsExternalSupplyFill</protocol>
						<protocol>NGNYYTH_NgnyythMobileEmsExternalSupplyGetById</protocol>
						<protocol>NGNYYTH_NgnyythMobileEmsExternalSupplyList</protocol>
						<protocol>NGNYYTH_NgnyythMobileEmsExternalSupplyMediumIndex</protocol>
						<protocol>NGNYYTH_NgnyythMobileEmsExternalSupplyRemark</protocol>
						<protocol>NGNYYTH_NgnyythMobileEmsExternalSupplyStartFlow</protocol>
						<protocol>NGNYYTH_NgnyythMobileEmsExternalSupplyStatusIndex</protocol>
						<protocol>NGNYYTH_NgnyythMobileEmsExternalSupplyUpdate</protocol>
						<protocol>NGNYYTH_NgnyythMobileEmsExternalSupplyUpload</protocol>
						<protocol>NGNYYTH_NgnyythMobileFlowCommentGetFlowInfo</protocol>
						<protocol>NGNYYTH_NgnyythMobileFlowInstanceGetByBusinessInfo</protocol>
						<protocol>NGNYYTH_NgnyythMobileGetAuthToken</protocol>
						<protocol>NGNYYTH_NgnyythMobileHrmsUserList</protocol>
						<protocol>NGNYYTH_NgnyythMobileMediumGetByCategoryCode</protocol>
						<protocol>NGNYYTH_QbeeBurdenPlanCommonQuery</protocol>
						<protocol>NGNYYTH_SdCkCacheTagNamesInRangeQuery</protocol>
						<protocol>NGNYYTH_SdCkCacheTagValuesLatestQuery</protocol>
						<protocol>NGNYYTH_SdSt1CacheTagNamesInRangeQuery</protocol>
						<protocol>NGNYYTH_SdSt1CacheTagValuesLatestQuery</protocol>
						<protocol>NGNYYTH_SdSt2CacheTagNamesInRangeQuery</protocol>
						<protocol>NGNYYTH_SdSt2CacheTagValuesLatestQuery</protocol>
						<protocol>NGNYYTH_SdSt3CacheTagNamesInRangeQuery</protocol>
						<protocol>NGNYYTH_SdSt3CacheTagValuesLatestQuery</protocol>
						<protocol>NGNYYTH_SdSt4CacheTagNamesInRangeQuery</protocol>
						<protocol>NGNYYTH_SdSt4CacheTagValuesLatestQuery</protocol>
						<protocol>NGNYYTH_SdSt5CacheTagNamesInRangeQuery</protocol>
						<protocol>NGNYYTH_SdSt5CacheTagValuesLatestQuery</protocol>
						<protocol>NGNYYTH_SemsItopListRule</protocol>
						<protocol>NGNYYTH_SemsMediumDailyDetailQuery</protocol>
						<protocol>NGNYYTH_SemsMediumDailySumQuery</protocol>
						<protocol>NGNYYTH_SemsMediumMonthlyDetailQuery</protocol>
						<protocol>NGNYYTH_SemsMediumMonthlySumQuery</protocol>
						<protocol>NGNYYTH_ZhyyQuotaResultQuery</protocol>
							</protocols>
		
		<params>
				</params>
		<services>
								<service>
			<serivcename>ElectricJfpgContrastQuery</serivcename>
			<protocol>NGNYYTH_ElectricJfpgContrastQuery</protocol>
			</service>
						<service>
			<serivcename>EmsCollectPointQuery</serivcename>
			<protocol>NGNYYTH_EmsCollectPointQuery</protocol>
			</service>
						<service>
			<serivcename>EmsEnergyConsumeQuery</serivcename>
			<protocol>NGNYYTH_EmsEnergyConsumeQuery</protocol>
			</service>
						<service>
			<serivcename>EmsEnergyCostQuery</serivcename>
			<protocol>NGNYYTH_EmsEnergyCostQuery</protocol>
			</service>
						<service>
			<serivcename>EmsEnvironmentOutLimitQuery</serivcename>
			<protocol>NGNYYTH_EmsEnvironmentOutLimitQuery</protocol>
			</service>
						<service>
			<serivcename>EmsEnvironmentOutLimitTotalQuery</serivcename>
			<protocol>NGNYYTH_EmsEnvironmentOutLimitTotalQuery</protocol>
			</service>
						<service>
			<serivcename>EmsErpOd56Data</serivcename>
			<protocol>NGNYYTH_EmsErpOd56Data</protocol>
			</service>
						<service>
			<serivcename>EmsFormulaHourDataQuery</serivcename>
			<protocol>NGNYYTH_EmsFormulaHourDataQuery</protocol>
			</service>
						<service>
			<serivcename>EmsFormulaMinuteDataQuery</serivcename>
			<protocol>NGNYYTH_EmsFormulaMinuteDataQuery</protocol>
			</service>
						<service>
			<serivcename>EmsFpgPowerQuery</serivcename>
			<protocol>NGNYYTH_EmsFpgPowerQuery</protocol>
			</service>
						<service>
			<serivcename>EmsGasTonConsumeQuery</serivcename>
			<protocol>NGNYYTH_EmsGasTonConsumeQuery</protocol>
			</service>
						<service>
			<serivcename>EmsGetDateQuery</serivcename>
			<protocol>NGNYYTH_EmsGetDateQuery</protocol>
			</service>
						<service>
			<serivcename>EmsKgceDailyDetailQuery</serivcename>
			<protocol>NGNYYTH_EmsKgceDailyDetailQuery</protocol>
			</service>
						<service>
			<serivcename>EmsKgceMonthlyDetailQuery</serivcename>
			<protocol>NGNYYTH_EmsKgceMonthlyDetailQuery</protocol>
			</service>
						<service>
			<serivcename>EmsMediumDailyDetailQuery</serivcename>
			<protocol>NGNYYTH_EmsMediumDailyDetailQuery</protocol>
			</service>
						<service>
			<serivcename>EmsMediumDailyPieceQuery</serivcename>
			<protocol>NGNYYTH_EmsMediumDailyPieceQuery</protocol>
			</service>
						<service>
			<serivcename>EmsMediumDailySumQuery</serivcename>
			<protocol>NGNYYTH_EmsMediumDailySumQuery</protocol>
			</service>
						<service>
			<serivcename>EmsMediumMonthlyDetailQuery</serivcename>
			<protocol>NGNYYTH_EmsMediumMonthlyDetailQuery</protocol>
			</service>
						<service>
			<serivcename>EmsMediumMonthlySumQuery</serivcename>
			<protocol>NGNYYTH_EmsMediumMonthlySumQuery</protocol>
			</service>
						<service>
			<serivcename>EmsOrgListQuery</serivcename>
			<protocol>NGNYYTH_EmsOrgListQuery</protocol>
			</service>
						<service>
			<serivcename>EmsOverhaulPlanQuery</serivcename>
			<protocol>NGNYYTH_EmsOverhaulPlanQuery</protocol>
			</service>
						<service>
			<serivcename>EmsPowerGenerateQuery</serivcename>
			<protocol>NGNYYTH_EmsPowerGenerateQuery</protocol>
			</service>
						<service>
			<serivcename>EmsPowerSplitDailyDetailQuery</serivcename>
			<protocol>NGNYYTH_EmsPowerSplitDailyDetailQuery</protocol>
			</service>
						<service>
			<serivcename>EmsPowerSplitDailySumQuery</serivcename>
			<protocol>NGNYYTH_EmsPowerSplitDailySumQuery</protocol>
			</service>
						<service>
			<serivcename>EmsPowerSplitMonthlyDetailQuery</serivcename>
			<protocol>NGNYYTH_EmsPowerSplitMonthlyDetailQuery</protocol>
			</service>
						<service>
			<serivcename>EmsPowerSplitMonthlySumQuery</serivcename>
			<protocol>NGNYYTH_EmsPowerSplitMonthlySumQuery</protocol>
			</service>
						<service>
			<serivcename>EmsPowerTonConsumeQuery</serivcename>
			<protocol>NGNYYTH_EmsPowerTonConsumeQuery</protocol>
			</service>
						<service>
			<serivcename>EmsProcessMediumPlanMonthlyQuery</serivcename>
			<protocol>NGNYYTH_EmsProcessMediumPlanMonthlyQuery</protocol>
			</service>
						<service>
			<serivcename>EmsProcessMediumPlanQuery</serivcename>
			<protocol>NGNYYTH_EmsProcessMediumPlanQuery</protocol>
			</service>
						<service>
			<serivcename>EmsProducePlanQuery</serivcename>
			<protocol>NGNYYTH_EmsProducePlanQuery</protocol>
			</service>
						<service>
			<serivcename>EmsProductionQuery</serivcename>
			<protocol>NGNYYTH_EmsProductionQuery</protocol>
			</service>
						<service>
			<serivcename>EmsSteamRecoveryQuery</serivcename>
			<protocol>NGNYYTH_EmsSteamRecoveryQuery</protocol>
			</service>
						<service>
			<serivcename>EmsTemporaryStopQuery</serivcename>
			<protocol>NGNYYTH_EmsTemporaryStopQuery</protocol>
			</service>
						<service>
			<serivcename>EmsZhhyNjphDgzhnh</serivcename>
			<protocol>NGNYYTH_EmsZhhyNjphDgzhnh</protocol>
			</service>
						<service>
			<serivcename>EmsZhhyNjphDtdd</serivcename>
			<protocol>NGNYYTH_EmsZhhyNjphDtdd</protocol>
			</service>
						<service>
			<serivcename>EmsZhhyNjphFdDdyhjy</serivcename>
			<protocol>NGNYYTH_EmsZhhyNjphFdDdyhjy</protocol>
			</service>
						<service>
			<serivcename>EmsZhhyNjphFdfh</serivcename>
			<protocol>NGNYYTH_EmsZhhyNjphFdfh</protocol>
			</service>
						<service>
			<serivcename>EmsZhhyNjphFdfhgffd</serivcename>
			<protocol>NGNYYTH_EmsZhhyNjphFdfhgffd</protocol>
			</service>
						<service>
			<serivcename>EmsZhhyNjphFdfhmqfd</serivcename>
			<protocol>NGNYYTH_EmsZhhyNjphFdfhmqfd</protocol>
			</service>
						<service>
			<serivcename>EmsZhhyNjphFdfhtrtfd</serivcename>
			<protocol>NGNYYTH_EmsZhhyNjphFdfhtrtfd</protocol>
			</service>
						<service>
			<serivcename>EmsZhhyNjphFdfhyrfd</serivcename>
			<protocol>NGNYYTH_EmsZhhyNjphFdfhyrfd</protocol>
			</service>
						<service>
			<serivcename>EmsZhhyNjphFdGffdjd</serivcename>
			<protocol>NGNYYTH_EmsZhhyNjphFdGffdjd</protocol>
			</service>
						<service>
			<serivcename>EmsZhhyNjphFdMqfdlb</serivcename>
			<protocol>NGNYYTH_EmsZhhyNjphFdMqfdlb</protocol>
			</service>
						<service>
			<serivcename>EmsZhhyNjphFdMqfdyrfd</serivcename>
			<protocol>NGNYYTH_EmsZhhyNjphFdMqfdyrfd</protocol>
			</service>
						<service>
			<serivcename>EmsZhhyNjphFdMqfdzfh</serivcename>
			<protocol>NGNYYTH_EmsZhhyNjphFdMqfdzfh</protocol>
			</service>
						<service>
			<serivcename>EmsZhhyNjphFdMqjzlyl</serivcename>
			<protocol>NGNYYTH_EmsZhhyNjphFdMqjzlyl</protocol>
			</service>
						<service>
			<serivcename>EmsZhhyNjphFdMql</serivcename>
			<protocol>NGNYYTH_EmsZhhyNjphFdMql</protocol>
			</service>
						<service>
			<serivcename>EmsZhhyNjphFdNybjxx</serivcename>
			<protocol>NGNYYTH_EmsZhhyNjphFdNybjxx</protocol>
			</service>
						<service>
			<serivcename>EmsZhhyNjphFdyqylqs</serivcename>
			<protocol>NGNYYTH_EmsZhhyNjphFdyqylqs</protocol>
			</service>
						<service>
			<serivcename>EmsZhhyNjphFdYrfdlb</serivcename>
			<protocol>NGNYYTH_EmsZhhyNjphFdYrfdlb</protocol>
			</service>
						<service>
			<serivcename>EmsZhhyNjphGdDdyhjy</serivcename>
			<protocol>NGNYYTH_EmsZhhyNjphGdDdyhjy</protocol>
			</service>
						<service>
			<serivcename>EmsZhhyNjphGdGlys</serivcename>
			<protocol>NGNYYTH_EmsZhhyNjphGdGlys</protocol>
			</service>
						<service>
			<serivcename>EmsZhhyNjphGdNybjxx</serivcename>
			<protocol>NGNYYTH_EmsZhhyNjphGdNybjxx</protocol>
			</service>
						<service>
			<serivcename>EmsZhhyNjphGdSzjygxl</serivcename>
			<protocol>NGNYYTH_EmsZhhyNjphGdSzjygxl</protocol>
			</service>
						<service>
			<serivcename>EmsZhhyNjphGdWzjygxl</serivcename>
			<protocol>NGNYYTH_EmsZhhyNjphGdWzjygxl</protocol>
			</service>
						<service>
			<serivcename>EmsZhhyNjphGlmq</serivcename>
			<protocol>NGNYYTH_EmsZhhyNjphGlmq</protocol>
			</service>
						<service>
			<serivcename>EmsZhhyNjphGlmqzb</serivcename>
			<protocol>NGNYYTH_EmsZhhyNjphGlmqzb</protocol>
			</service>
						<service>
			<serivcename>EmsZhhyNjphGlmqzl</serivcename>
			<protocol>NGNYYTH_EmsZhhyNjphGlmqzl</protocol>
			</service>
						<service>
			<serivcename>EmsZhhyNjphGycDdyhjy</serivcename>
			<protocol>NGNYYTH_EmsZhhyNjphGycDdyhjy</protocol>
			</service>
						<service>
			<serivcename>EmsZhhyNjphGycNgydl</serivcename>
			<protocol>NGNYYTH_EmsZhhyNjphGycNgydl</protocol>
			</service>
						<service>
			<serivcename>EmsZhhyNjphGycNybjxx</serivcename>
			<protocol>NGNYYTH_EmsZhhyNjphGycNybjxx</protocol>
			</service>
						<service>
			<serivcename>EmsZhhyNjphGycYdlflxs</serivcename>
			<protocol>NGNYYTH_EmsZhhyNjphGycYdlflxs</protocol>
			</service>
						<service>
			<serivcename>EmsZhhyNjphGycYdlzzt</serivcename>
			<protocol>NGNYYTH_EmsZhhyNjphGycYdlzzt</protocol>
			</service>
						<service>
			<serivcename>EmsZhhyNjphHhmq</serivcename>
			<protocol>NGNYYTH_EmsZhhyNjphHhmq</protocol>
			</service>
						<service>
			<serivcename>EmsZhhyNjphMqfslRate</serivcename>
			<protocol>NGNYYTH_EmsZhhyNjphMqfslRate</protocol>
			</service>
						<service>
			<serivcename>EmsZhhyNjphPgjyjh</serivcename>
			<protocol>NGNYYTH_EmsZhhyNjphPgjyjh</protocol>
			</service>
						<service>
			<serivcename>EmsZhhyNjphQggr</serivcename>
			<protocol>NGNYYTH_EmsZhhyNjphQggr</protocol>
			</service>
						<service>
			<serivcename>EmsZhhyNjphQgsj</serivcename>
			<protocol>NGNYYTH_EmsZhhyNjphQgsj</protocol>
			</service>
						<service>
			<serivcename>EmsZhhyNjphTpfqd</serivcename>
			<protocol>NGNYYTH_EmsZhhyNjphTpfqd</protocol>
			</service>
						<service>
			<serivcename>EmsZhhyNjphXlqs</serivcename>
			<protocol>NGNYYTH_EmsZhhyNjphXlqs</protocol>
			</service>
						<service>
			<serivcename>EmsZhhyNjphYdqs</serivcename>
			<protocol>NGNYYTH_EmsZhhyNjphYdqs</protocol>
			</service>
						<service>
			<serivcename>EmsZhhyNjphYdzc</serivcename>
			<protocol>NGNYYTH_EmsZhhyNjphYdzc</protocol>
			</service>
						<service>
			<serivcename>EmsZhhyNjphYqssylxq</serivcename>
			<protocol>NGNYYTH_EmsZhhyNjphYqssylxq</protocol>
			</service>
						<service>
			<serivcename>EmsZhhyNjphYqssylzb</serivcename>
			<protocol>NGNYYTH_EmsZhhyNjphYqssylzb</protocol>
			</service>
						<service>
			<serivcename>EmsZhhyNjphYqssylzl</serivcename>
			<protocol>NGNYYTH_EmsZhhyNjphYqssylzl</protocol>
			</service>
						<service>
			<serivcename>EmsZhhyNjphYskq</serivcename>
			<protocol>NGNYYTH_EmsZhhyNjphYskq</protocol>
			</service>
						<service>
			<serivcename>EmsZhhyNjphZfdbl</serivcename>
			<protocol>NGNYYTH_EmsZhhyNjphZfdbl</protocol>
			</service>
						<service>
			<serivcename>EmsZhhyNjphZydyd</serivcename>
			<protocol>NGNYYTH_EmsZhhyNjphZydyd</protocol>
			</service>
						<service>
			<serivcename>EmsZhnyTpfDymttpfl</serivcename>
			<protocol>NGNYYTH_EmsZhnyTpfDymttpfl</protocol>
			</service>
						<service>
			<serivcename>EmsZhnyTpfGxpfzb</serivcename>
			<protocol>NGNYYTH_EmsZhnyTpfGxpfzb</protocol>
			</service>
						<service>
			<serivcename>EmsZhnyTpfJgjp</serivcename>
			<protocol>NGNYYTH_EmsZhnyTpfJgjp</protocol>
			</service>
						<service>
			<serivcename>EmsZhnyTpfLdjplb1</serivcename>
			<protocol>NGNYYTH_EmsZhnyTpfLdjplb1</protocol>
			</service>
						<service>
			<serivcename>EmsZhnyTpfLdjplb2qst</serivcename>
			<protocol>NGNYYTH_EmsZhnyTpfLdjplb2qst</protocol>
			</service>
						<service>
			<serivcename>EmsZhnyTpfLdjplb2xq</serivcename>
			<protocol>NGNYYTH_EmsZhnyTpfLdjplb2xq</protocol>
			</service>
						<service>
			<serivcename>EmsZhnyTpfLntpfljl</serivcename>
			<protocol>NGNYYTH_EmsZhnyTpfLntpfljl</protocol>
			</service>
						<service>
			<serivcename>EmsZhnyTpfLsjp</serivcename>
			<protocol>NGNYYTH_EmsZhnyTpfLsjp</protocol>
			</service>
						<service>
			<serivcename>EmsZhnyTpfLsjshcpjp</serivcename>
			<protocol>NGNYYTH_EmsZhnyTpfLsjshcpjp</protocol>
			</service>
						<service>
			<serivcename>EmsZhnyTpfMrjpqdlb</serivcename>
			<protocol>NGNYYTH_EmsZhnyTpfMrjpqdlb</protocol>
			</service>
						<service>
			<serivcename>EmsZhnyTpfMrtpqdlb</serivcename>
			<protocol>NGNYYTH_EmsZhnyTpfMrtpqdlb</protocol>
			</service>
						<service>
			<serivcename>EmsZhnyTpfTdftzhmb</serivcename>
			<protocol>NGNYYTH_EmsZhnyTpfTdftzhmb</protocol>
			</service>
						<service>
			<serivcename>EmsZhnyTpfTdftzhmbdqsxxg</serivcename>
			<protocol>NGNYYTH_EmsZhnyTpfTdftzhmbdqsxxg</protocol>
			</service>
						<service>
			<serivcename>EmsZhnyTpfTdftzhmbdqsxxgzl</serivcename>
			<protocol>NGNYYTH_EmsZhnyTpfTdftzhmbdqsxxgzl</protocol>
			</service>
						<service>
			<serivcename>EmsZhnyTpfThjp</serivcename>
			<protocol>NGNYYTH_EmsZhnyTpfThjp</protocol>
			</service>
						<service>
			<serivcename>EmsZhnyTpfTjpljzl</serivcename>
			<protocol>NGNYYTH_EmsZhnyTpfTjpljzl</protocol>
			</service>
						<service>
			<serivcename>EmsZhnyTpfTpfljzl</serivcename>
			<protocol>NGNYYTH_EmsZhnyTpfTpfljzl</protocol>
			</service>
						<service>
			<serivcename>EmsZhnyTpfZrjpqd</serivcename>
			<protocol>NGNYYTH_EmsZhnyTpfZrjpqd</protocol>
			</service>
						<service>
			<serivcename>EmsZhnyTpfZrtpfl</serivcename>
			<protocol>NGNYYTH_EmsZhnyTpfZrtpfl</protocol>
			</service>
						<service>
			<serivcename>EmsZhnyTpfZrtpqd</serivcename>
			<protocol>NGNYYTH_EmsZhnyTpfZrtpqd</protocol>
			</service>
						<service>
			<serivcename>EmsZhyydpFdjg</serivcename>
			<protocol>NGNYYTH_EmsZhyydpFdjg</protocol>
			</service>
						<service>
			<serivcename>EnergyPushProvinceQuery</serivcename>
			<protocol>NGNYYTH_EnergyPushProvinceQuery</protocol>
			</service>
						<service>
			<serivcename>EnvironmentalPjwlycQuery</serivcename>
			<protocol>NGNYYTH_EnvironmentalPjwlycQuery</protocol>
			</service>
						<service>
			<serivcename>EnvironmentalPjwlzcQuery</serivcename>
			<protocol>NGNYYTH_EnvironmentalPjwlzcQuery</protocol>
			</service>
						<service>
			<serivcename>ErpCtjjArchForMro</serivcename>
			<protocol>ERP_ErpCtjjArchForMro</protocol>
			</service>
						<service>
			<serivcename>FinanceLjPurchasedEnergyDiffQuery</serivcename>
			<protocol>NGNYYTH_FinanceLjPurchasedEnergyDiffQuery</protocol>
			</service>
						<service>
			<serivcename>FinancePurchasedEnergyDiffQuery</serivcename>
			<protocol>NGNYYTH_FinancePurchasedEnergyDiffQuery</protocol>
			</service>
						<service>
			<serivcename>FinancePurchasedEnergyQuery</serivcename>
			<protocol>NGNYYTH_FinancePurchasedEnergyQuery</protocol>
			</service>
						<service>
			<serivcename>FinancePurchasedPowerQuery</serivcename>
			<protocol>NGNYYTH_FinancePurchasedPowerQuery</protocol>
			</service>
						<service>
			<serivcename>GenerateElectricityPlanQuery</serivcename>
			<protocol>NGNYYTH_GenerateElectricityPlanQuery</protocol>
			</service>
						<service>
			<serivcename>GeneratorSetEnergyEfficiencyQuery</serivcename>
			<protocol>NGNYYTH_GeneratorSetEnergyEfficiencyQuery</protocol>
			</service>
						<service>
			<serivcename>HdgcUseCoalAndCokeQuery</serivcename>
			<protocol>HDGCDB_HdgcUseCoalAndCokeQuery</protocol>
			</service>
						<service>
			<serivcename>HdgcUseCoalCokeDailyQuery</serivcename>
			<protocol>NGNYYTH_HdgcUseCoalCokeDailyQuery</protocol>
			</service>
						<service>
			<serivcename>MesTgsybOutputDailyQuery</serivcename>
			<protocol>NGNYYTH_MesTgsybOutputDailyQuery</protocol>
			</service>
						<service>
			<serivcename>NgnyythBcEnergyCheckList</serivcename>
			<protocol>NGNYYTH_NgnyythBcEnergyCheckList</protocol>
			</service>
						<service>
			<serivcename>NgnyythDiagnosisEmsZhyyGasGeneration</serivcename>
			<protocol>NGNYYTH_NgnyythDiagnosisEmsZhyyGasGeneration</protocol>
			</service>
						<service>
			<serivcename>NgnyythMobileAttachDeleteFileById</serivcename>
			<protocol>NGNYYTH_NgnyythMobileAttachDeleteFileById</protocol>
			</service>
						<service>
			<serivcename>NgnyythMobileAttachGetRelatives</serivcename>
			<protocol>NGNYYTH_NgnyythMobileAttachGetRelatives</protocol>
			</service>
						<service>
			<serivcename>NgnyythMobileAttachUpload</serivcename>
			<protocol>NGNYYTH_NgnyythMobileAttachUpload</protocol>
			</service>
						<service>
			<serivcename>NgnyythMobileAuthCheck</serivcename>
			<protocol>NGNYYTH_NgnyythMobileAuthCheck</protocol>
			</service>
						<service>
			<serivcename>NgnyythMobileBasicHrDepartmentList</serivcename>
			<protocol>NGNYYTH_NgnyythMobileBasicHrDepartmentList</protocol>
			</service>
						<service>
			<serivcename>NgnyythMobileEmsEnergyAdditionGetById</serivcename>
			<protocol>NGNYYTH_NgnyythMobileEmsEnergyAdditionGetById</protocol>
			</service>
						<service>
			<serivcename>NgnyythMobileEmsEnergyAdditionList</serivcename>
			<protocol>NGNYYTH_NgnyythMobileEmsEnergyAdditionList</protocol>
			</service>
						<service>
			<serivcename>NgnyythMobileEmsEnergyAdditionRemove</serivcename>
			<protocol>NGNYYTH_NgnyythMobileEmsEnergyAdditionRemove</protocol>
			</service>
						<service>
			<serivcename>NgnyythMobileEmsEnergyAdditionSave</serivcename>
			<protocol>NGNYYTH_NgnyythMobileEmsEnergyAdditionSave</protocol>
			</service>
						<service>
			<serivcename>NgnyythMobileEmsEnergyAdditionStartFlow</serivcename>
			<protocol>NGNYYTH_NgnyythMobileEmsEnergyAdditionStartFlow</protocol>
			</service>
						<service>
			<serivcename>NgnyythMobileEmsEnergyAdditionUpdate</serivcename>
			<protocol>NGNYYTH_NgnyythMobileEmsEnergyAdditionUpdate</protocol>
			</service>
						<service>
			<serivcename>NgnyythMobileEmsEnergyCheckAssign</serivcename>
			<protocol>NGNYYTH_NgnyythMobileEmsEnergyCheckAssign</protocol>
			</service>
						<service>
			<serivcename>NgnyythMobileEmsEnergyCheckComplete</serivcename>
			<protocol>NGNYYTH_NgnyythMobileEmsEnergyCheckComplete</protocol>
			</service>
						<service>
			<serivcename>NgnyythMobileEmsEnergyCheckCorrectList</serivcename>
			<protocol>NGNYYTH_NgnyythMobileEmsEnergyCheckCorrectList</protocol>
			</service>
						<service>
			<serivcename>NgnyythMobileEmsEnergyCheckGetById</serivcename>
			<protocol>NGNYYTH_NgnyythMobileEmsEnergyCheckGetById</protocol>
			</service>
						<service>
			<serivcename>NgnyythMobileEmsEnergyCheckList</serivcename>
			<protocol>NGNYYTH_NgnyythMobileEmsEnergyCheckList</protocol>
			</service>
						<service>
			<serivcename>NgnyythMobileEmsEnergyCheckSave</serivcename>
			<protocol>NGNYYTH_NgnyythMobileEmsEnergyCheckSave</protocol>
			</service>
						<service>
			<serivcename>NgnyythMobileEmsEnergyCheckStartFlow</serivcename>
			<protocol>NGNYYTH_NgnyythMobileEmsEnergyCheckStartFlow</protocol>
			</service>
						<service>
			<serivcename>NgnyythMobileEmsEnergyCheckUpdate</serivcename>
			<protocol>NGNYYTH_NgnyythMobileEmsEnergyCheckUpdate</protocol>
			</service>
						<service>
			<serivcename>NgnyythMobileEmsExternalSupplyCheck</serivcename>
			<protocol>NGNYYTH_NgnyythMobileEmsExternalSupplyCheck</protocol>
			</service>
						<service>
			<serivcename>NgnyythMobileEmsExternalSupplyFill</serivcename>
			<protocol>NGNYYTH_NgnyythMobileEmsExternalSupplyFill</protocol>
			</service>
						<service>
			<serivcename>NgnyythMobileEmsExternalSupplyGetById</serivcename>
			<protocol>NGNYYTH_NgnyythMobileEmsExternalSupplyGetById</protocol>
			</service>
						<service>
			<serivcename>NgnyythMobileEmsExternalSupplyList</serivcename>
			<protocol>NGNYYTH_NgnyythMobileEmsExternalSupplyList</protocol>
			</service>
						<service>
			<serivcename>NgnyythMobileEmsExternalSupplyMediumIndex</serivcename>
			<protocol>NGNYYTH_NgnyythMobileEmsExternalSupplyMediumIndex</protocol>
			</service>
						<service>
			<serivcename>NgnyythMobileEmsExternalSupplyRemark</serivcename>
			<protocol>NGNYYTH_NgnyythMobileEmsExternalSupplyRemark</protocol>
			</service>
						<service>
			<serivcename>NgnyythMobileEmsExternalSupplyStartFlow</serivcename>
			<protocol>NGNYYTH_NgnyythMobileEmsExternalSupplyStartFlow</protocol>
			</service>
						<service>
			<serivcename>NgnyythMobileEmsExternalSupplyStatusIndex</serivcename>
			<protocol>NGNYYTH_NgnyythMobileEmsExternalSupplyStatusIndex</protocol>
			</service>
						<service>
			<serivcename>NgnyythMobileEmsExternalSupplyUpdate</serivcename>
			<protocol>NGNYYTH_NgnyythMobileEmsExternalSupplyUpdate</protocol>
			</service>
						<service>
			<serivcename>NgnyythMobileEmsExternalSupplyUpload</serivcename>
			<protocol>NGNYYTH_NgnyythMobileEmsExternalSupplyUpload</protocol>
			</service>
						<service>
			<serivcename>NgnyythMobileFlowCommentGetFlowInfo</serivcename>
			<protocol>NGNYYTH_NgnyythMobileFlowCommentGetFlowInfo</protocol>
			</service>
						<service>
			<serivcename>NgnyythMobileFlowInstanceGetByBusinessInfo</serivcename>
			<protocol>NGNYYTH_NgnyythMobileFlowInstanceGetByBusinessInfo</protocol>
			</service>
						<service>
			<serivcename>NgnyythMobileGetAuthToken</serivcename>
			<protocol>NGNYYTH_NgnyythMobileGetAuthToken</protocol>
			</service>
						<service>
			<serivcename>NgnyythMobileHrmsUserList</serivcename>
			<protocol>NGNYYTH_NgnyythMobileHrmsUserList</protocol>
			</service>
						<service>
			<serivcename>NgnyythMobileMediumGetByCategoryCode</serivcename>
			<protocol>NGNYYTH_NgnyythMobileMediumGetByCategoryCode</protocol>
			</service>
						<service>
			<serivcename>QbeeBurdenPlanCommonQuery</serivcename>
			<protocol>NGNYYTH_QbeeBurdenPlanCommonQuery</protocol>
			</service>
						<service>
			<serivcename>SdCkCacheTagNamesInRangeQuery</serivcename>
			<protocol>NGNYYTH_SdCkCacheTagNamesInRangeQuery</protocol>
			</service>
						<service>
			<serivcename>SdCkCacheTagValuesLatestQuery</serivcename>
			<protocol>NGNYYTH_SdCkCacheTagValuesLatestQuery</protocol>
			</service>
						<service>
			<serivcename>SdSt1CacheTagNamesInRangeQuery</serivcename>
			<protocol>NGNYYTH_SdSt1CacheTagNamesInRangeQuery</protocol>
			</service>
						<service>
			<serivcename>SdSt1CacheTagValuesLatestQuery</serivcename>
			<protocol>NGNYYTH_SdSt1CacheTagValuesLatestQuery</protocol>
			</service>
						<service>
			<serivcename>SdSt2CacheTagNamesInRangeQuery</serivcename>
			<protocol>NGNYYTH_SdSt2CacheTagNamesInRangeQuery</protocol>
			</service>
						<service>
			<serivcename>SdSt2CacheTagValuesLatestQuery</serivcename>
			<protocol>NGNYYTH_SdSt2CacheTagValuesLatestQuery</protocol>
			</service>
						<service>
			<serivcename>SdSt3CacheTagNamesInRangeQuery</serivcename>
			<protocol>NGNYYTH_SdSt3CacheTagNamesInRangeQuery</protocol>
			</service>
						<service>
			<serivcename>SdSt3CacheTagValuesLatestQuery</serivcename>
			<protocol>NGNYYTH_SdSt3CacheTagValuesLatestQuery</protocol>
			</service>
						<service>
			<serivcename>SdSt4CacheTagNamesInRangeQuery</serivcename>
			<protocol>NGNYYTH_SdSt4CacheTagNamesInRangeQuery</protocol>
			</service>
						<service>
			<serivcename>SdSt4CacheTagValuesLatestQuery</serivcename>
			<protocol>NGNYYTH_SdSt4CacheTagValuesLatestQuery</protocol>
			</service>
						<service>
			<serivcename>SdSt5CacheTagNamesInRangeQuery</serivcename>
			<protocol>NGNYYTH_SdSt5CacheTagNamesInRangeQuery</protocol>
			</service>
						<service>
			<serivcename>SdSt5CacheTagValuesLatestQuery</serivcename>
			<protocol>NGNYYTH_SdSt5CacheTagValuesLatestQuery</protocol>
			</service>
						<service>
			<serivcename>SemsItopListRule</serivcename>
			<protocol>NGNYYTH_SemsItopListRule</protocol>
			</service>
						<service>
			<serivcename>SemsMediumDailyDetailQuery</serivcename>
			<protocol>NGNYYTH_SemsMediumDailyDetailQuery</protocol>
			</service>
						<service>
			<serivcename>SemsMediumDailySumQuery</serivcename>
			<protocol>NGNYYTH_SemsMediumDailySumQuery</protocol>
			</service>
						<service>
			<serivcename>SemsMediumMonthlyDetailQuery</serivcename>
			<protocol>NGNYYTH_SemsMediumMonthlyDetailQuery</protocol>
			</service>
						<service>
			<serivcename>SemsMediumMonthlySumQuery</serivcename>
			<protocol>NGNYYTH_SemsMediumMonthlySumQuery</protocol>
			</service>
						<service>
			<serivcename>ZhyyQuotaResultQuery</serivcename>
			<protocol>NGNYYTH_ZhyyQuotaResultQuery</protocol>
			</service>
							</services>
	</servicesystem>
</servicesystems>