<?xml version="1.0" encoding="UTF-8"?>
<servicesystems>
	<servicesystem>
		<serviceSystemName>PRODJHOASYS</serviceSystemName>
		<serviceSystemDesc>金九正式机</serviceSystemDesc>
		<hostName/>
		<hostIp/>
		<status>add</status>
		
		<protocols>
								<protocol>PRODJHOASYS_Jh4jInfsReqmgmtAdd</protocol>
							</protocols>
		
		<params>
				</params>
		<services>
								<service>
			<serivcename>Jh4jInfsReqmgmtAdd</serivcename>
			<protocol>PRODJHOASYS_Jh4jInfsReqmgmtAdd</protocol>
			</service>
							</services>
	</servicesystem>
</servicesystems>