<?xml version="1.0" encoding="UTF-8"?>
<servicesystems>
	<servicesystem>
		<serviceSystemName>ROMASYS</serviceSystemName>
		<serviceSystemDesc>ROMA系统</serviceSystemDesc>
		<hostName/>
		<hostIp/>
		<status>add</status>
		
		<protocols>
								<protocol>ROMASYS_ZhyyMobileAfRomaApiRepeatLargeQuery</protocol>
						<protocol>ROMASYS_ZhyyMobileAfRomaApiRepeatSmallQuery</protocol>
						<protocol>ROMASYS_ZhyyMobileAqRomaApiRepeatLargeQuery</protocol>
						<protocol>ROMASYS_ZhyyMobileAqRomaApiRepeatSmallQuery</protocol>
						<protocol>ROMASYS_ZhyyMobileCbRomaApiRepeatLargeQuery</protocol>
						<protocol>ROMASYS_ZhyyMobileCbRomaApiRepeatSmallQuery</protocol>
						<protocol>ROMASYS_ZhyyMobileCgRomaApiRepeatLargeQuery</protocol>
						<protocol>ROMASYS_ZhyyMobileCgRomaApiRepeatSmallQuery</protocol>
						<protocol>ROMASYS_ZhyyMobileHbRomaApiRepeatLargeQuery</protocol>
						<protocol>ROMASYS_ZhyyMobileHbRomaApiRepeatSmallQuery</protocol>
						<protocol>ROMASYS_ZhyyMobileNyRomaApiRepeatLargeQuery</protocol>
						<protocol>ROMASYS_ZhyyMobileNyRomaApiRepeatSmallQuery</protocol>
						<protocol>ROMASYS_ZhyyMobileRomaApiRepeatLargeQuery</protocol>
						<protocol>ROMASYS_ZhyyMobileRomaApiRepeatSmallQuery</protocol>
						<protocol>ROMASYS_ZhyyMobileScRomaApiRepeatLargeQuery</protocol>
						<protocol>ROMASYS_ZhyyMobileScRomaApiRepeatSmallQuery</protocol>
						<protocol>ROMASYS_ZhyyMobileWlRomaApiRepeatLargeQuery</protocol>
						<protocol>ROMASYS_ZhyyMobileWlRomaApiRepeatSmallQuery</protocol>
						<protocol>ROMASYS_ZhyyMobileYfRomaApiRepeatLargeQuery</protocol>
						<protocol>ROMASYS_ZhyyMobileYfRomaApiRepeatSmallQuery</protocol>
						<protocol>ROMASYS_ZhyyMobileYxRomaApiRepeatLargeQuery</protocol>
						<protocol>ROMASYS_ZhyyMobileYxRomaApiRepeatSmallQuery</protocol>
						<protocol>ROMASYS_ZhyyMobileZlRomaApiRepeatLargeQuery</protocol>
						<protocol>ROMASYS_ZhyyMobileZlRomaApiRepeatSmallQuery</protocol>
							</protocols>
		
		<params>
				</params>
		<services>
								<service>
			<serivcename>ZhyyMobileAfRomaApiRepeatLargeQuery</serivcename>
			<protocol>ROMASYS_ZhyyMobileAfRomaApiRepeatLargeQuery</protocol>
			</service>
						<service>
			<serivcename>ZhyyMobileAfRomaApiRepeatSmallQuery</serivcename>
			<protocol>ROMASYS_ZhyyMobileAfRomaApiRepeatSmallQuery</protocol>
			</service>
						<service>
			<serivcename>ZhyyMobileAqRomaApiRepeatLargeQuery</serivcename>
			<protocol>ROMASYS_ZhyyMobileAqRomaApiRepeatLargeQuery</protocol>
			</service>
						<service>
			<serivcename>ZhyyMobileAqRomaApiRepeatSmallQuery</serivcename>
			<protocol>ROMASYS_ZhyyMobileAqRomaApiRepeatSmallQuery</protocol>
			</service>
						<service>
			<serivcename>ZhyyMobileCbRomaApiRepeatLargeQuery</serivcename>
			<protocol>ROMASYS_ZhyyMobileCbRomaApiRepeatLargeQuery</protocol>
			</service>
						<service>
			<serivcename>ZhyyMobileCbRomaApiRepeatSmallQuery</serivcename>
			<protocol>ROMASYS_ZhyyMobileCbRomaApiRepeatSmallQuery</protocol>
			</service>
						<service>
			<serivcename>ZhyyMobileCgRomaApiRepeatLargeQuery</serivcename>
			<protocol>ROMASYS_ZhyyMobileCgRomaApiRepeatLargeQuery</protocol>
			</service>
						<service>
			<serivcename>ZhyyMobileCgRomaApiRepeatSmallQuery</serivcename>
			<protocol>ROMASYS_ZhyyMobileCgRomaApiRepeatSmallQuery</protocol>
			</service>
						<service>
			<serivcename>ZhyyMobileHbRomaApiRepeatLargeQuery</serivcename>
			<protocol>ROMASYS_ZhyyMobileHbRomaApiRepeatLargeQuery</protocol>
			</service>
						<service>
			<serivcename>ZhyyMobileHbRomaApiRepeatSmallQuery</serivcename>
			<protocol>ROMASYS_ZhyyMobileHbRomaApiRepeatSmallQuery</protocol>
			</service>
						<service>
			<serivcename>ZhyyMobileNyRomaApiRepeatLargeQuery</serivcename>
			<protocol>ROMASYS_ZhyyMobileNyRomaApiRepeatLargeQuery</protocol>
			</service>
						<service>
			<serivcename>ZhyyMobileNyRomaApiRepeatSmallQuery</serivcename>
			<protocol>ROMASYS_ZhyyMobileNyRomaApiRepeatSmallQuery</protocol>
			</service>
						<service>
			<serivcename>ZhyyMobileRomaApiRepeatLargeQuery</serivcename>
			<protocol>ROMASYS_ZhyyMobileRomaApiRepeatLargeQuery</protocol>
			</service>
						<service>
			<serivcename>ZhyyMobileRomaApiRepeatSmallQuery</serivcename>
			<protocol>ROMASYS_ZhyyMobileRomaApiRepeatSmallQuery</protocol>
			</service>
						<service>
			<serivcename>ZhyyMobileScRomaApiRepeatLargeQuery</serivcename>
			<protocol>ROMASYS_ZhyyMobileScRomaApiRepeatLargeQuery</protocol>
			</service>
						<service>
			<serivcename>ZhyyMobileScRomaApiRepeatSmallQuery</serivcename>
			<protocol>ROMASYS_ZhyyMobileScRomaApiRepeatSmallQuery</protocol>
			</service>
						<service>
			<serivcename>ZhyyMobileWlRomaApiRepeatLargeQuery</serivcename>
			<protocol>ROMASYS_ZhyyMobileWlRomaApiRepeatLargeQuery</protocol>
			</service>
						<service>
			<serivcename>ZhyyMobileWlRomaApiRepeatSmallQuery</serivcename>
			<protocol>ROMASYS_ZhyyMobileWlRomaApiRepeatSmallQuery</protocol>
			</service>
						<service>
			<serivcename>ZhyyMobileYfRomaApiRepeatLargeQuery</serivcename>
			<protocol>ROMASYS_ZhyyMobileYfRomaApiRepeatLargeQuery</protocol>
			</service>
						<service>
			<serivcename>ZhyyMobileYfRomaApiRepeatSmallQuery</serivcename>
			<protocol>ROMASYS_ZhyyMobileYfRomaApiRepeatSmallQuery</protocol>
			</service>
						<service>
			<serivcename>ZhyyMobileYxRomaApiRepeatLargeQuery</serivcename>
			<protocol>ROMASYS_ZhyyMobileYxRomaApiRepeatLargeQuery</protocol>
			</service>
						<service>
			<serivcename>ZhyyMobileYxRomaApiRepeatSmallQuery</serivcename>
			<protocol>ROMASYS_ZhyyMobileYxRomaApiRepeatSmallQuery</protocol>
			</service>
						<service>
			<serivcename>ZhyyMobileZlRomaApiRepeatLargeQuery</serivcename>
			<protocol>ROMASYS_ZhyyMobileZlRomaApiRepeatLargeQuery</protocol>
			</service>
						<service>
			<serivcename>ZhyyMobileZlRomaApiRepeatSmallQuery</serivcename>
			<protocol>ROMASYS_ZhyyMobileZlRomaApiRepeatSmallQuery</protocol>
			</service>
							</services>
	</servicesystem>
</servicesystems>