<?xml version="1.0" encoding="UTF-8"?>
<servicesystems>
	<servicesystem>
		<serviceSystemName>SRMDIGITALSYS</serviceSystemName>
		<serviceSystemDesc>供应商数字化管理系统</serviceSystemDesc>
		<hostName/>
		<hostIp/>
		<status>add</status>
		
		<protocols>
								<protocol>SRMDIGITALSYS_ApplyAttachmentCSUpdate</protocol>
						<protocol>SRMDIGITALSYS_ApplyAttachmentZSUpdate</protocol>
						<protocol>SRMDIGITALSYS_AuditSuccessCSUpdate</protocol>
						<protocol>SRMDIGITALSYS_AuditSuccessZSUpdate</protocol>
						<protocol>SRMDIGITALSYS_CarriageInSingleCSQuery</protocol>
						<protocol>SRMDIGITALSYS_CarriageInSingleZSQuery</protocol>
						<protocol>SRMDIGITALSYS_CarriageSingleCSQuery</protocol>
						<protocol>SRMDIGITALSYS_CarriageSingleZSQuery</protocol>
						<protocol>SRMDIGITALSYS_CarriageYearCSQuery</protocol>
						<protocol>SRMDIGITALSYS_CarriageYearZSQuery</protocol>
						<protocol>SRMDIGITALSYS_EleSignCSQuery</protocol>
						<protocol>SRMDIGITALSYS_EleSignZSQuery</protocol>
						<protocol>SRMDIGITALSYS_ErpReliveCSQuery</protocol>
						<protocol>SRMDIGITALSYS_ErpReliveZSQuery</protocol>
						<protocol>SRMDIGITALSYS_GetByDepartIdCSQuery</protocol>
						<protocol>SRMDIGITALSYS_GetByDepartIdZSQuery</protocol>
						<protocol>SRMDIGITALSYS_GetDaysOfDelayCSQuery</protocol>
						<protocol>SRMDIGITALSYS_GetDaysOfDelayZSQuery</protocol>
						<protocol>SRMDIGITALSYS_GetErpDataCSQuery</protocol>
						<protocol>SRMDIGITALSYS_GetErpDataZSQuery</protocol>
						<protocol>SRMDIGITALSYS_GetSupplierNoListCSQuery</protocol>
						<protocol>SRMDIGITALSYS_GetSupplierNoListZSQuery</protocol>
						<protocol>SRMDIGITALSYS_GetSystemTokenCSQuery</protocol>
						<protocol>SRMDIGITALSYS_GetSystemTokenZSQuery</protocol>
						<protocol>SRMDIGITALSYS_GetTokenInfoByZSQuery</protocol>
						<protocol>SRMDIGITALSYS_GetTokenInfoBycCSQuery</protocol>
						<protocol>SRMDIGITALSYS_MaterialAnnualCSQuery</protocol>
						<protocol>SRMDIGITALSYS_MaterialAnnualZSQuery</protocol>
						<protocol>SRMDIGITALSYS_MaterialSingleCSQuery</protocol>
						<protocol>SRMDIGITALSYS_MaterialSingleZSQuery</protocol>
						<protocol>SRMDIGITALSYS_MqzcWServiceGysCSQuery</protocol>
						<protocol>SRMDIGITALSYS_MqzcWServiceGysZSQuery</protocol>
						<protocol>SRMDIGITALSYS_NewMaterialAnnualZSQuery</protocol>
						<protocol>SRMDIGITALSYS_NewMaterialSingleZSQuery</protocol>
						<protocol>SRMDIGITALSYS_NewPortYearZSQuery</protocol>
						<protocol>SRMDIGITALSYS_NewSpareAnnualZSQuery</protocol>
						<protocol>SRMDIGITALSYS_NewSpareSingleZSQuery</protocol>
						<protocol>SRMDIGITALSYS_PortYearCSQuery</protocol>
						<protocol>SRMDIGITALSYS_PortYearZSQuery</protocol>
						<protocol>SRMDIGITALSYS_PreLoginCSQuery</protocol>
						<protocol>SRMDIGITALSYS_PreLoginZSQuery</protocol>
						<protocol>SRMDIGITALSYS_ReceiveErpMessageCSQuery</protocol>
						<protocol>SRMDIGITALSYS_ReceiveErpMessageZSQuery</protocol>
						<protocol>SRMDIGITALSYS_ScrapQuaEvalCSQuery</protocol>
						<protocol>SRMDIGITALSYS_ScrapQuaEvalZSQuery</protocol>
						<protocol>SRMDIGITALSYS_SendBackCSUpdate</protocol>
						<protocol>SRMDIGITALSYS_SendBackZSUpdate</protocol>
						<protocol>SRMDIGITALSYS_ShipSingleCSQuery</protocol>
						<protocol>SRMDIGITALSYS_ShipSingleZSQuery</protocol>
						<protocol>SRMDIGITALSYS_ShipYearCSQuery</protocol>
						<protocol>SRMDIGITALSYS_ShipYearZSQuery</protocol>
						<protocol>SRMDIGITALSYS_SpareAnnualCSQuery</protocol>
						<protocol>SRMDIGITALSYS_SpareAnnualZSQuery</protocol>
						<protocol>SRMDIGITALSYS_SpareSingleCSQuery</protocol>
						<protocol>SRMDIGITALSYS_SpareSingleZSQuery</protocol>
						<protocol>SRMDIGITALSYS_SrmDownLoadFileCSQuery</protocol>
						<protocol>SRMDIGITALSYS_SrmDownLoadFileZSQuery</protocol>
						<protocol>SRMDIGITALSYS_SupplierInfoCSUpdate</protocol>
						<protocol>SRMDIGITALSYS_SupplierInfoZSUpdate</protocol>
						<protocol>SRMDIGITALSYS_SupplierTendAreaCSUpdate</protocol>
						<protocol>SRMDIGITALSYS_SupplierTendAreaZSUpdate</protocol>
						<protocol>SRMDIGITALSYS_TendAreaSupplierNoCSUpdate</protocol>
						<protocol>SRMDIGITALSYS_TendAreaSupplierNoZSUpdate</protocol>
						<protocol>SRMDIGITALSYS_WarningInfomationBatchCSQuery</protocol>
						<protocol>SRMDIGITALSYS_WarningInfomationBatchZSQuery</protocol>
						<protocol>SRMDIGITALSYS_WarningInfomationCSQuery</protocol>
						<protocol>SRMDIGITALSYS_WarningInfomationZSQuery</protocol>
						<protocol>SRMDIGITALSYS_XzlLoginCSQuery</protocol>
						<protocol>SRMDIGITALSYS_XzlLoginZSQuery</protocol>
							</protocols>
		
		<params>
				</params>
		<services>
								<service>
			<serivcename>ApplyAttachmentCSUpdate</serivcename>
			<protocol>SRMDIGITALSYS_ApplyAttachmentCSUpdate</protocol>
			</service>
						<service>
			<serivcename>ApplyAttachmentZSUpdate</serivcename>
			<protocol>SRMDIGITALSYS_ApplyAttachmentZSUpdate</protocol>
			</service>
						<service>
			<serivcename>AuditSuccessCSUpdate</serivcename>
			<protocol>SRMDIGITALSYS_AuditSuccessCSUpdate</protocol>
			</service>
						<service>
			<serivcename>AuditSuccessZSUpdate</serivcename>
			<protocol>SRMDIGITALSYS_AuditSuccessZSUpdate</protocol>
			</service>
						<service>
			<serivcename>CarriageInSingleCSQuery</serivcename>
			<protocol>SRMDIGITALSYS_CarriageInSingleCSQuery</protocol>
			</service>
						<service>
			<serivcename>CarriageInSingleZSQuery</serivcename>
			<protocol>SRMDIGITALSYS_CarriageInSingleZSQuery</protocol>
			</service>
						<service>
			<serivcename>CarriageSingleCSQuery</serivcename>
			<protocol>SRMDIGITALSYS_CarriageSingleCSQuery</protocol>
			</service>
						<service>
			<serivcename>CarriageSingleZSQuery</serivcename>
			<protocol>SRMDIGITALSYS_CarriageSingleZSQuery</protocol>
			</service>
						<service>
			<serivcename>CarriageYearCSQuery</serivcename>
			<protocol>SRMDIGITALSYS_CarriageYearCSQuery</protocol>
			</service>
						<service>
			<serivcename>CarriageYearZSQuery</serivcename>
			<protocol>SRMDIGITALSYS_CarriageYearZSQuery</protocol>
			</service>
						<service>
			<serivcename>EleSignCSQuery</serivcename>
			<protocol>SRMDIGITALSYS_EleSignCSQuery</protocol>
			</service>
						<service>
			<serivcename>EleSignZSQuery</serivcename>
			<protocol>SRMDIGITALSYS_EleSignZSQuery</protocol>
			</service>
						<service>
			<serivcename>ErpReliveCSQuery</serivcename>
			<protocol>SRMDIGITALSYS_ErpReliveCSQuery</protocol>
			</service>
						<service>
			<serivcename>ErpReliveZSQuery</serivcename>
			<protocol>SRMDIGITALSYS_ErpReliveZSQuery</protocol>
			</service>
						<service>
			<serivcename>GetByDepartIdCSQuery</serivcename>
			<protocol>SRMDIGITALSYS_GetByDepartIdCSQuery</protocol>
			</service>
						<service>
			<serivcename>GetByDepartIdZSQuery</serivcename>
			<protocol>SRMDIGITALSYS_GetByDepartIdZSQuery</protocol>
			</service>
						<service>
			<serivcename>GetDaysOfDelayCSQuery</serivcename>
			<protocol>SRMDIGITALSYS_GetDaysOfDelayCSQuery</protocol>
			</service>
						<service>
			<serivcename>GetDaysOfDelayZSQuery</serivcename>
			<protocol>SRMDIGITALSYS_GetDaysOfDelayZSQuery</protocol>
			</service>
						<service>
			<serivcename>GetErpDataCSQuery</serivcename>
			<protocol>SRMDIGITALSYS_GetErpDataCSQuery</protocol>
			</service>
						<service>
			<serivcename>GetErpDataZSQuery</serivcename>
			<protocol>SRMDIGITALSYS_GetErpDataZSQuery</protocol>
			</service>
						<service>
			<serivcename>GetSupplierNoListCSQuery</serivcename>
			<protocol>SRMDIGITALSYS_GetSupplierNoListCSQuery</protocol>
			</service>
						<service>
			<serivcename>GetSupplierNoListZSQuery</serivcename>
			<protocol>SRMDIGITALSYS_GetSupplierNoListZSQuery</protocol>
			</service>
						<service>
			<serivcename>GetSystemTokenCSQuery</serivcename>
			<protocol>SRMDIGITALSYS_GetSystemTokenCSQuery</protocol>
			</service>
						<service>
			<serivcename>GetSystemTokenZSQuery</serivcename>
			<protocol>SRMDIGITALSYS_GetSystemTokenZSQuery</protocol>
			</service>
						<service>
			<serivcename>GetTokenInfoBycCSQuery</serivcename>
			<protocol>SRMDIGITALSYS_GetTokenInfoBycCSQuery</protocol>
			</service>
						<service>
			<serivcename>GetTokenInfoByZSQuery</serivcename>
			<protocol>SRMDIGITALSYS_GetTokenInfoByZSQuery</protocol>
			</service>
						<service>
			<serivcename>MaterialAnnualCSQuery</serivcename>
			<protocol>SRMDIGITALSYS_MaterialAnnualCSQuery</protocol>
			</service>
						<service>
			<serivcename>MaterialAnnualZSQuery</serivcename>
			<protocol>SRMDIGITALSYS_MaterialAnnualZSQuery</protocol>
			</service>
						<service>
			<serivcename>MaterialSingleCSQuery</serivcename>
			<protocol>SRMDIGITALSYS_MaterialSingleCSQuery</protocol>
			</service>
						<service>
			<serivcename>MaterialSingleZSQuery</serivcename>
			<protocol>SRMDIGITALSYS_MaterialSingleZSQuery</protocol>
			</service>
						<service>
			<serivcename>MqzcWServiceGysCSQuery</serivcename>
			<protocol>SRMDIGITALSYS_MqzcWServiceGysCSQuery</protocol>
			</service>
						<service>
			<serivcename>MqzcWServiceGysZSQuery</serivcename>
			<protocol>SRMDIGITALSYS_MqzcWServiceGysZSQuery</protocol>
			</service>
						<service>
			<serivcename>NewMaterialAnnualZSQuery</serivcename>
			<protocol>SRMDIGITALSYS_NewMaterialAnnualZSQuery</protocol>
			</service>
						<service>
			<serivcename>NewMaterialSingleZSQuery</serivcename>
			<protocol>SRMDIGITALSYS_NewMaterialSingleZSQuery</protocol>
			</service>
						<service>
			<serivcename>NewPortYearZSQuery</serivcename>
			<protocol>SRMDIGITALSYS_NewPortYearZSQuery</protocol>
			</service>
						<service>
			<serivcename>NewSpareAnnualZSQuery</serivcename>
			<protocol>SRMDIGITALSYS_NewSpareAnnualZSQuery</protocol>
			</service>
						<service>
			<serivcename>NewSpareSingleZSQuery</serivcename>
			<protocol>SRMDIGITALSYS_NewSpareSingleZSQuery</protocol>
			</service>
						<service>
			<serivcename>PortYearCSQuery</serivcename>
			<protocol>SRMDIGITALSYS_PortYearCSQuery</protocol>
			</service>
						<service>
			<serivcename>PortYearZSQuery</serivcename>
			<protocol>SRMDIGITALSYS_PortYearZSQuery</protocol>
			</service>
						<service>
			<serivcename>PreLoginCSQuery</serivcename>
			<protocol>SRMDIGITALSYS_PreLoginCSQuery</protocol>
			</service>
						<service>
			<serivcename>PreLoginZSQuery</serivcename>
			<protocol>SRMDIGITALSYS_PreLoginZSQuery</protocol>
			</service>
						<service>
			<serivcename>ReceiveErpMessageCSQuery</serivcename>
			<protocol>SRMDIGITALSYS_ReceiveErpMessageCSQuery</protocol>
			</service>
						<service>
			<serivcename>ReceiveErpMessageZSQuery</serivcename>
			<protocol>SRMDIGITALSYS_ReceiveErpMessageZSQuery</protocol>
			</service>
						<service>
			<serivcename>ScrapQuaEvalCSQuery</serivcename>
			<protocol>SRMDIGITALSYS_ScrapQuaEvalCSQuery</protocol>
			</service>
						<service>
			<serivcename>ScrapQuaEvalZSQuery</serivcename>
			<protocol>SRMDIGITALSYS_ScrapQuaEvalZSQuery</protocol>
			</service>
						<service>
			<serivcename>SendBackCSUpdate</serivcename>
			<protocol>SRMDIGITALSYS_SendBackCSUpdate</protocol>
			</service>
						<service>
			<serivcename>SendBackZSUpdate</serivcename>
			<protocol>SRMDIGITALSYS_SendBackZSUpdate</protocol>
			</service>
						<service>
			<serivcename>ShipSingleCSQuery</serivcename>
			<protocol>SRMDIGITALSYS_ShipSingleCSQuery</protocol>
			</service>
						<service>
			<serivcename>ShipSingleZSQuery</serivcename>
			<protocol>SRMDIGITALSYS_ShipSingleZSQuery</protocol>
			</service>
						<service>
			<serivcename>ShipYearCSQuery</serivcename>
			<protocol>SRMDIGITALSYS_ShipYearCSQuery</protocol>
			</service>
						<service>
			<serivcename>ShipYearZSQuery</serivcename>
			<protocol>SRMDIGITALSYS_ShipYearZSQuery</protocol>
			</service>
						<service>
			<serivcename>SpareAnnualCSQuery</serivcename>
			<protocol>SRMDIGITALSYS_SpareAnnualCSQuery</protocol>
			</service>
						<service>
			<serivcename>SpareAnnualZSQuery</serivcename>
			<protocol>SRMDIGITALSYS_SpareAnnualZSQuery</protocol>
			</service>
						<service>
			<serivcename>SpareSingleCSQuery</serivcename>
			<protocol>SRMDIGITALSYS_SpareSingleCSQuery</protocol>
			</service>
						<service>
			<serivcename>SpareSingleZSQuery</serivcename>
			<protocol>SRMDIGITALSYS_SpareSingleZSQuery</protocol>
			</service>
						<service>
			<serivcename>SrmDownLoadFileCSQuery</serivcename>
			<protocol>SRMDIGITALSYS_SrmDownLoadFileCSQuery</protocol>
			</service>
						<service>
			<serivcename>SrmDownLoadFileZSQuery</serivcename>
			<protocol>SRMDIGITALSYS_SrmDownLoadFileZSQuery</protocol>
			</service>
						<service>
			<serivcename>SupplierInfoCSUpdate</serivcename>
			<protocol>SRMDIGITALSYS_SupplierInfoCSUpdate</protocol>
			</service>
						<service>
			<serivcename>SupplierInfoZSUpdate</serivcename>
			<protocol>SRMDIGITALSYS_SupplierInfoZSUpdate</protocol>
			</service>
						<service>
			<serivcename>SupplierTendAreaCSUpdate</serivcename>
			<protocol>SRMDIGITALSYS_SupplierTendAreaCSUpdate</protocol>
			</service>
						<service>
			<serivcename>SupplierTendAreaZSUpdate</serivcename>
			<protocol>SRMDIGITALSYS_SupplierTendAreaZSUpdate</protocol>
			</service>
						<service>
			<serivcename>TendAreaSupplierNoCSUpdate</serivcename>
			<protocol>SRMDIGITALSYS_TendAreaSupplierNoCSUpdate</protocol>
			</service>
						<service>
			<serivcename>TendAreaSupplierNoZSUpdate</serivcename>
			<protocol>SRMDIGITALSYS_TendAreaSupplierNoZSUpdate</protocol>
			</service>
						<service>
			<serivcename>WarningInfomationBatchCSQuery</serivcename>
			<protocol>SRMDIGITALSYS_WarningInfomationBatchCSQuery</protocol>
			</service>
						<service>
			<serivcename>WarningInfomationBatchZSQuery</serivcename>
			<protocol>SRMDIGITALSYS_WarningInfomationBatchZSQuery</protocol>
			</service>
						<service>
			<serivcename>WarningInfomationCSQuery</serivcename>
			<protocol>SRMDIGITALSYS_WarningInfomationCSQuery</protocol>
			</service>
						<service>
			<serivcename>WarningInfomationZSQuery</serivcename>
			<protocol>SRMDIGITALSYS_WarningInfomationZSQuery</protocol>
			</service>
						<service>
			<serivcename>XzlLoginCSQuery</serivcename>
			<protocol>SRMDIGITALSYS_XzlLoginCSQuery</protocol>
			</service>
						<service>
			<serivcename>XzlLoginZSQuery</serivcename>
			<protocol>SRMDIGITALSYS_XzlLoginZSQuery</protocol>
			</service>
							</services>
	</servicesystem>
</servicesystems>