<?xml version="1.0" encoding="UTF-8"?>
<servicesystems>
	<servicesystem>
		<serviceSystemName>TGIOTSYS</serviceSystemName>
		<serviceSystemDesc>特钢IOT</serviceSystemDesc>
		<hostName/>
		<hostIp/>
		<status>add</status>
		
		<protocols>
								<protocol>TGIOTSYS_TgGetListLastPointStatus</protocol>
						<protocol>TGIOTSYS_TgGetPointInfoByDeviceId</protocol>
						<protocol>TGIOTSYS_TgGetUserAccessToken</protocol>
						<protocol>TGIOTSYS_TgIotValueByIntervalTime</protocol>
							</protocols>
		
		<params>
				</params>
		<services>
								<service>
			<serivcename>TgGetListLastPointStatus</serivcename>
			<protocol>TGIOTSYS_TgGetListLastPointStatus</protocol>
			</service>
						<service>
			<serivcename>TgGetPointInfoByDeviceId</serivcename>
			<protocol>TGIOTSYS_TgGetPointInfoByDeviceId</protocol>
			</service>
						<service>
			<serivcename>TgGetUserAccessToken</serivcename>
			<protocol>TGIOTSYS_TgGetUserAccessToken</protocol>
			</service>
						<service>
			<serivcename>TgIotValueByIntervalTime</serivcename>
			<protocol>TGIOTSYS_TgIotValueByIntervalTime</protocol>
			</service>
							</services>
	</servicesystem>
</servicesystems>