<?xml version="1.0" encoding="UTF-8"?>
<servicesystems>
	<servicesystem>
		<serviceSystemName>TQMESZBDB</serviceSystemName>
		<serviceSystemDesc>铁区MES灾备机数据库</serviceSystemDesc>
		<hostName/>
		<hostIp/>
		<status>add</status>
		
		<protocols>
								<protocol>TQMESZBDB_ZhyyLtGlxtRawFuelDetailsOneQuery</protocol>
						<protocol>TQMESZBDB_ZhyyLtGlxtRawFuelDetailsTwoQuery</protocol>
						<protocol>TQMESZBDB_ZhyyTdIronPlanQuery</protocol>
						<protocol>TQMESZBDB_ZhyyTdIronWaterCheckResultQuery</protocol>
						<protocol>TQMESZBDB_ZhyyTdIronWaterTotalQuery</protocol>
							</protocols>
		
		<params>
				</params>
		<services>
								<service>
			<serivcename>ZhyyLtGlxtRawFuelDetailsOneQuery</serivcename>
			<protocol>TQMESZBDB_ZhyyLtGlxtRawFuelDetailsOneQuery</protocol>
			</service>
						<service>
			<serivcename>ZhyyLtGlxtRawFuelDetailsTwoQuery</serivcename>
			<protocol>TQMESZBDB_ZhyyLtGlxtRawFuelDetailsTwoQuery</protocol>
			</service>
						<service>
			<serivcename>ZhyyTdIronPlanQuery</serivcename>
			<protocol>TQMESZBDB_ZhyyTdIronPlanQuery</protocol>
			</service>
						<service>
			<serivcename>ZhyyTdIronWaterCheckResultQuery</serivcename>
			<protocol>TQMESZBDB_ZhyyTdIronWaterCheckResultQuery</protocol>
			</service>
						<service>
			<serivcename>ZhyyTdIronWaterTotalQuery</serivcename>
			<protocol>TQMESZBDB_ZhyyTdIronWaterTotalQuery</protocol>
			</service>
							</services>
	</servicesystem>
</servicesystems>