<?xml version="1.0" encoding="UTF-8"?>
<servicesystems>
	<servicesystem>
		<serviceSystemName>XYSCSYS</serviceSystemName>
		<serviceSystemDesc>鑫洋物流系统</serviceSystemDesc>
		<hostName/>
		<hostIp/>
		<status>add</status>
		
		<protocols>
								<protocol>SXYSCSYS_RejectShipApplyInfo</protocol>
						<protocol>XYSCSYS_AppPcListQuery</protocol>
						<protocol>XYSCSYS_CarChangeUpdate</protocol>
						<protocol>XYSCSYS_CarDateTimeSync</protocol>
						<protocol>XYSCSYS_CarDisPatchTaskCancel</protocol>
						<protocol>XYSCSYS_CarGetSupplementaryTimeSync</protocol>
						<protocol>XYSCSYS_CarQueueAdd</protocol>
						<protocol>XYSCSYS_CarQueueCancel</protocol>
						<protocol>XYSCSYS_CarQueueQuery</protocol>
						<protocol>XYSCSYS_CarRecordQuery</protocol>
						<protocol>XYSCSYS_CarSearchQuery</protocol>
						<protocol>XYSCSYS_CardInfoDataSync</protocol>
						<protocol>XYSCSYS_CheckDoorMeachineInfo</protocol>
						<protocol>XYSCSYS_CheckPlateApplyInfo</protocol>
						<protocol>XYSCSYS_CheckShipPlanApply</protocol>
						<protocol>XYSCSYS_ConfirmAppAdd</protocol>
						<protocol>XYSCSYS_ConfirmUnLoadsSync</protocol>
						<protocol>XYSCSYS_CreateDoorMeachineInfo</protocol>
						<protocol>XYSCSYS_CreatePlateApplyInfo</protocol>
						<protocol>XYSCSYS_DeclarePictureUpdate</protocol>
						<protocol>XYSCSYS_DeclareStatusUpdate</protocol>
						<protocol>XYSCSYS_DeleteDoorMeachineInfo</protocol>
						<protocol>XYSCSYS_DeletePlateApplyInfo</protocol>
						<protocol>XYSCSYS_DisPatchTaskEndCancel</protocol>
						<protocol>XYSCSYS_DisPatchTaskQuery</protocol>
						<protocol>XYSCSYS_DisPatchTaskStatusCancel</protocol>
						<protocol>XYSCSYS_DisPatchTaskStatusUpdate</protocol>
						<protocol>XYSCSYS_FgShipTransportPlanSync</protocol>
						<protocol>XYSCSYS_LoginIosQuery</protocol>
						<protocol>XYSCSYS_NhBigScreenDataSync</protocol>
						<protocol>XYSCSYS_NhCarFlagAdd</protocol>
						<protocol>XYSCSYS_NhEntrancePassAuthorSync</protocol>
						<protocol>XYSCSYS_PdaServicesSync</protocol>
						<protocol>XYSCSYS_PmTruckMeasureDataSync</protocol>
						<protocol>XYSCSYS_PmTruckMeasureDatasSync</protocol>
						<protocol>XYSCSYS_PrintDataGenerate</protocol>
						<protocol>XYSCSYS_QueryDoorMeachineApplyInfo</protocol>
						<protocol>XYSCSYS_QueryPlateApplyInfo</protocol>
						<protocol>XYSCSYS_QueryShipInfo</protocol>
						<protocol>XYSCSYS_QueryShipPlanApply</protocol>
						<protocol>XYSCSYS_QueryShipPlateInfo</protocol>
						<protocol>XYSCSYS_QueryVehicleEmptyList</protocol>
						<protocol>XYSCSYS_RecevieAdd</protocol>
						<protocol>XYSCSYS_RejectDoorMeachineInfo</protocol>
						<protocol>XYSCSYS_RejectPlateApplyInfo</protocol>
						<protocol>XYSCSYS_RequestNowTrainsSync</protocol>
						<protocol>XYSCSYS_SubmitDoorMeachineInfo</protocol>
						<protocol>XYSCSYS_SubmitPlateApplyInfo</protocol>
						<protocol>XYSCSYS_TblmContractDeliveryQuery</protocol>
						<protocol>XYSCSYS_TrainpositionUpdate</protocol>
						<protocol>XYSCSYS_TransCompCancelCar</protocol>
						<protocol>XYSCSYS_TransCompEmptyCar</protocol>
						<protocol>XYSCSYS_TransCompUpdateCar</protocol>
						<protocol>XYSCSYS_UnConfirmAppCancel</protocol>
						<protocol>XYSCSYS_UpdateDoorMeachineInfo</protocol>
						<protocol>XYSCSYS_UpdatePlateApplyInfo</protocol>
						<protocol>XYSCSYS_UpdateVehicleStus</protocol>
						<protocol>XYSCSYS_XYSCNHQZWarehouseStrongConfirm</protocol>
						<protocol>XYSCSYS_XYSCNHQZWarehouseStrongQuery</protocol>
						<protocol>XYSCYS_NhEntrancePassByempSync</protocol>
						<protocol>XZLGYL_XybpExternalGetCSToken</protocol>
						<protocol>XZLGYL_XybpExternalGetToken</protocol>
						<protocol>XZLGYL_XybpExternalRebarOrderCSReceive</protocol>
						<protocol>XZLGYL_XybpExternalRebarOrderReceive</protocol>
							</protocols>
		
		<params>
				</params>
		<services>
								<service>
			<serivcename>AppPcListQuery</serivcename>
			<protocol>XYSCSYS_AppPcListQuery</protocol>
			</service>
						<service>
			<serivcename>CarChangeUpdate</serivcename>
			<protocol>XYSCSYS_CarChangeUpdate</protocol>
			</service>
						<service>
			<serivcename>CarDateTimeSync</serivcename>
			<protocol>XYSCSYS_CarDateTimeSync</protocol>
			</service>
						<service>
			<serivcename>CardInfoDataSync</serivcename>
			<protocol>XYSCSYS_CardInfoDataSync</protocol>
			</service>
						<service>
			<serivcename>CarDisPatchTaskCancel</serivcename>
			<protocol>XYSCSYS_CarDisPatchTaskCancel</protocol>
			</service>
						<service>
			<serivcename>CarGetSupplementaryTimeSync</serivcename>
			<protocol>XYSCSYS_CarGetSupplementaryTimeSync</protocol>
			</service>
						<service>
			<serivcename>CarQueueAdd</serivcename>
			<protocol>XYSCSYS_CarQueueAdd</protocol>
			</service>
						<service>
			<serivcename>CarQueueCancel</serivcename>
			<protocol>XYSCSYS_CarQueueCancel</protocol>
			</service>
						<service>
			<serivcename>CarQueueQuery</serivcename>
			<protocol>XYSCSYS_CarQueueQuery</protocol>
			</service>
						<service>
			<serivcename>CarRecordQuery</serivcename>
			<protocol>XYSCSYS_CarRecordQuery</protocol>
			</service>
						<service>
			<serivcename>CarSearchQuery</serivcename>
			<protocol>XYSCSYS_CarSearchQuery</protocol>
			</service>
						<service>
			<serivcename>CheckDoorMeachineInfo</serivcename>
			<protocol>XYSCSYS_CheckDoorMeachineInfo</protocol>
			</service>
						<service>
			<serivcename>CheckPlateApplyInfo</serivcename>
			<protocol>XYSCSYS_CheckPlateApplyInfo</protocol>
			</service>
						<service>
			<serivcename>CheckShipPlanApply</serivcename>
			<protocol>XYSCSYS_CheckShipPlanApply</protocol>
			</service>
						<service>
			<serivcename>ConfirmAppAdd</serivcename>
			<protocol>XYSCSYS_ConfirmAppAdd</protocol>
			</service>
						<service>
			<serivcename>ConfirmUnLoadsSync</serivcename>
			<protocol>XYSCSYS_ConfirmUnLoadsSync</protocol>
			</service>
						<service>
			<serivcename>CreateDoorMeachineInfo</serivcename>
			<protocol>XYSCSYS_CreateDoorMeachineInfo</protocol>
			</service>
						<service>
			<serivcename>CreatePlateApplyInfo</serivcename>
			<protocol>XYSCSYS_CreatePlateApplyInfo</protocol>
			</service>
						<service>
			<serivcename>DeclarePictureUpdate</serivcename>
			<protocol>XYSCSYS_DeclarePictureUpdate</protocol>
			</service>
						<service>
			<serivcename>DeclareStatusUpdate</serivcename>
			<protocol>XYSCSYS_DeclareStatusUpdate</protocol>
			</service>
						<service>
			<serivcename>DeleteDoorMeachineInfo</serivcename>
			<protocol>XYSCSYS_DeleteDoorMeachineInfo</protocol>
			</service>
						<service>
			<serivcename>DeletePlateApplyInfo</serivcename>
			<protocol>XYSCSYS_DeletePlateApplyInfo</protocol>
			</service>
						<service>
			<serivcename>DisPatchTaskEndCancel</serivcename>
			<protocol>XYSCSYS_DisPatchTaskEndCancel</protocol>
			</service>
						<service>
			<serivcename>DisPatchTaskQuery</serivcename>
			<protocol>XYSCSYS_DisPatchTaskQuery</protocol>
			</service>
						<service>
			<serivcename>DisPatchTaskStatusCancel</serivcename>
			<protocol>XYSCSYS_DisPatchTaskStatusCancel</protocol>
			</service>
						<service>
			<serivcename>DisPatchTaskStatusUpdate</serivcename>
			<protocol>XYSCSYS_DisPatchTaskStatusUpdate</protocol>
			</service>
						<service>
			<serivcename>FgShipTransportPlanSync</serivcename>
			<protocol>XYSCSYS_FgShipTransportPlanSync</protocol>
			</service>
						<service>
			<serivcename>LoginIosQuery</serivcename>
			<protocol>XYSCSYS_LoginIosQuery</protocol>
			</service>
						<service>
			<serivcename>NhBigScreenDataSync</serivcename>
			<protocol>XYSCSYS_NhBigScreenDataSync</protocol>
			</service>
						<service>
			<serivcename>NhCarFlagAdd</serivcename>
			<protocol>XYSCSYS_NhCarFlagAdd</protocol>
			</service>
						<service>
			<serivcename>NhEntrancePassAuthorSync</serivcename>
			<protocol>XYSCSYS_NhEntrancePassAuthorSync</protocol>
			</service>
						<service>
			<serivcename>NhEntrancePassByempSync</serivcename>
			<protocol>XYSCYS_NhEntrancePassByempSync</protocol>
			</service>
						<service>
			<serivcename>PdaServicesSync</serivcename>
			<protocol>XYSCSYS_PdaServicesSync</protocol>
			</service>
						<service>
			<serivcename>PmTruckMeasureDatasSync</serivcename>
			<protocol>XYSCSYS_PmTruckMeasureDatasSync</protocol>
			</service>
						<service>
			<serivcename>PmTruckMeasureDataSync</serivcename>
			<protocol>XYSCSYS_PmTruckMeasureDataSync</protocol>
			</service>
						<service>
			<serivcename>PrintDataGenerate</serivcename>
			<protocol>XYSCSYS_PrintDataGenerate</protocol>
			</service>
						<service>
			<serivcename>QueryDoorMeachineApplyInfo</serivcename>
			<protocol>XYSCSYS_QueryDoorMeachineApplyInfo</protocol>
			</service>
						<service>
			<serivcename>QueryPlateApplyInfo</serivcename>
			<protocol>XYSCSYS_QueryPlateApplyInfo</protocol>
			</service>
						<service>
			<serivcename>QueryShipInfo</serivcename>
			<protocol>XYSCSYS_QueryShipInfo</protocol>
			</service>
						<service>
			<serivcename>QueryShipPlanApply</serivcename>
			<protocol>XYSCSYS_QueryShipPlanApply</protocol>
			</service>
						<service>
			<serivcename>QueryShipPlateInfo</serivcename>
			<protocol>XYSCSYS_QueryShipPlateInfo</protocol>
			</service>
						<service>
			<serivcename>QueryVehicleEmptyList</serivcename>
			<protocol>XYSCSYS_QueryVehicleEmptyList</protocol>
			</service>
						<service>
			<serivcename>RecevieAdd</serivcename>
			<protocol>XYSCSYS_RecevieAdd</protocol>
			</service>
						<service>
			<serivcename>RejectDoorMeachineInfo</serivcename>
			<protocol>XYSCSYS_RejectDoorMeachineInfo</protocol>
			</service>
						<service>
			<serivcename>RejectPlateApplyInfo</serivcename>
			<protocol>XYSCSYS_RejectPlateApplyInfo</protocol>
			</service>
						<service>
			<serivcename>RejectShipApplyInfo</serivcename>
			<protocol>SXYSCSYS_RejectShipApplyInfo</protocol>
			</service>
						<service>
			<serivcename>RequestNowTrainsSync</serivcename>
			<protocol>XYSCSYS_RequestNowTrainsSync</protocol>
			</service>
						<service>
			<serivcename>SubmitDoorMeachineInfo</serivcename>
			<protocol>XYSCSYS_SubmitDoorMeachineInfo</protocol>
			</service>
						<service>
			<serivcename>SubmitPlateApplyInfo</serivcename>
			<protocol>XYSCSYS_SubmitPlateApplyInfo</protocol>
			</service>
						<service>
			<serivcename>TblmContractDeliveryQuery</serivcename>
			<protocol>XYSCSYS_TblmContractDeliveryQuery</protocol>
			</service>
						<service>
			<serivcename>TrainpositionUpdate</serivcename>
			<protocol>XYSCSYS_TrainpositionUpdate</protocol>
			</service>
						<service>
			<serivcename>TransCompCancelCar</serivcename>
			<protocol>XYSCSYS_TransCompCancelCar</protocol>
			</service>
						<service>
			<serivcename>TransCompEmptyCar</serivcename>
			<protocol>XYSCSYS_TransCompEmptyCar</protocol>
			</service>
						<service>
			<serivcename>TransCompUpdateCar</serivcename>
			<protocol>XYSCSYS_TransCompUpdateCar</protocol>
			</service>
						<service>
			<serivcename>UnConfirmAppCancel</serivcename>
			<protocol>XYSCSYS_UnConfirmAppCancel</protocol>
			</service>
						<service>
			<serivcename>UpdateDoorMeachineInfo</serivcename>
			<protocol>XYSCSYS_UpdateDoorMeachineInfo</protocol>
			</service>
						<service>
			<serivcename>UpdatePlateApplyInfo</serivcename>
			<protocol>XYSCSYS_UpdatePlateApplyInfo</protocol>
			</service>
						<service>
			<serivcename>UpdateVehicleStus</serivcename>
			<protocol>XYSCSYS_UpdateVehicleStus</protocol>
			</service>
						<service>
			<serivcename>XybpExternalGetCSToken</serivcename>
			<protocol>XZLGYL_XybpExternalGetCSToken</protocol>
			</service>
						<service>
			<serivcename>XybpExternalGetToken</serivcename>
			<protocol>XZLGYL_XybpExternalGetToken</protocol>
			</service>
						<service>
			<serivcename>XybpExternalRebarOrderCSReceive</serivcename>
			<protocol>XZLGYL_XybpExternalRebarOrderCSReceive</protocol>
			</service>
						<service>
			<serivcename>XybpExternalRebarOrderReceive</serivcename>
			<protocol>XZLGYL_XybpExternalRebarOrderReceive</protocol>
			</service>
						<service>
			<serivcename>XYSCNHQZWarehouseStrongConfirm</serivcename>
			<protocol>XYSCSYS_XYSCNHQZWarehouseStrongConfirm</protocol>
			</service>
						<service>
			<serivcename>XYSCNHQZWarehouseStrongQuery</serivcename>
			<protocol>XYSCSYS_XYSCNHQZWarehouseStrongQuery</protocol>
			</service>
							</services>
	</servicesystem>
</servicesystems>