<?xml version="1.0" encoding="UTF-8"?>
<servicesystems>
	<servicesystem>
		<serviceSystemName>XYY</serviceSystemName>
		<serviceSystemDesc>鑫易运</serviceSystemDesc>
		<hostName/>
		<hostIp/>
		<status>add</status>
		
		<protocols>
								<protocol>XYY_CallBackRefundApplyShareStatusNLSync</protocol>
						<protocol>XYY_InvoicingApplyNLSync</protocol>
						<protocol>XYY_PayBillingNLSync</protocol>
						<protocol>XYY_PayBillingNgNLSync</protocol>
						<protocol>XYY_PayableBillingNLSync</protocol>
						<protocol>XYY_PayableBillingNgNLSync</protocol>
						<protocol>XYY_ReceiveListNLSync</protocol>
							</protocols>
		
		<params>
				</params>
		<services>
								<service>
			<serivcename>CallBackRefundApplyShareStatusNLSync</serivcename>
			<protocol>XYY_CallBackRefundApplyShareStatusNLSync</protocol>
			</service>
						<service>
			<serivcename>InvoicingApplyNLSync</serivcename>
			<protocol>XYY_InvoicingApplyNLSync</protocol>
			</service>
						<service>
			<serivcename>PayableBillingNgNLSync</serivcename>
			<protocol>XYY_PayableBillingNgNLSync</protocol>
			</service>
						<service>
			<serivcename>PayableBillingNLSync</serivcename>
			<protocol>XYY_PayableBillingNLSync</protocol>
			</service>
						<service>
			<serivcename>PayBillingNgNLSync</serivcename>
			<protocol>XYY_PayBillingNgNLSync</protocol>
			</service>
						<service>
			<serivcename>PayBillingNLSync</serivcename>
			<protocol>XYY_PayBillingNLSync</protocol>
			</service>
						<service>
			<serivcename>ReceiveListNLSync</serivcename>
			<protocol>XYY_ReceiveListNLSync</protocol>
			</service>
							</services>
	</servicesystem>
</servicesystems>