<?xml version="1.0" encoding="UTF-8"?>
<servicesystems>
	<servicesystem>
		<serviceSystemName>YJPTDB</serviceSystemName>
		<serviceSystemDesc>预警平台数据库</serviceSystemDesc>
		<hostName/>
		<hostIp/>
		<status>add</status>
		
		<protocols>
								<protocol>YJPTDB_ZhyyMobilePartyDeptQuery</protocol>
						<protocol>YJPTDB_ZhyyMobilePartyGoldRateQuery</protocol>
						<protocol>YJPTDB_ZhyyMobilePartyQualityRateQuery</protocol>
						<protocol>YJPTDB_ZhyyPbcAuditRelatedQuery</protocol>
						<protocol>YJPTDB_ZhyyPbcDivPurAmtClassRateQuery</protocol>
						<protocol>YJPTDB_ZhyyPbcEarlyWarnFulfillRateQuery</protocol>
						<protocol>YJPTDB_ZhyyPbcPast5YearSpPurRateQuery</protocol>
						<protocol>YJPTDB_ZhyyPbcProjSetDelDelayRateQuery</protocol>
						<protocol>YJPTDB_ZhyyPbcPurContImpRateQuery</protocol>
						<protocol>YJPTDB_ZhyyPbcPurMatUnqRateQuery</protocol>
						<protocol>YJPTDB_ZhyyPbcSybhxTipsQuery</protocol>
						<protocol>YJPTDB_ZhyyZhfkSjfkmxgl1Query</protocol>
						<protocol>YJPTDB_ZhyyZhfkSjfkmxgl2Query</protocol>
						<protocol>YJPTDB_ZhyyZhfkZdgcjshmQuery</protocol>
							</protocols>
		
		<params>
				</params>
		<services>
								<service>
			<serivcename>ZhyyMobilePartyDeptQuery</serivcename>
			<protocol>YJPTDB_ZhyyMobilePartyDeptQuery</protocol>
			</service>
						<service>
			<serivcename>ZhyyMobilePartyGoldRateQuery</serivcename>
			<protocol>YJPTDB_ZhyyMobilePartyGoldRateQuery</protocol>
			</service>
						<service>
			<serivcename>ZhyyMobilePartyQualityRateQuery</serivcename>
			<protocol>YJPTDB_ZhyyMobilePartyQualityRateQuery</protocol>
			</service>
						<service>
			<serivcename>ZhyyPbcAuditRelatedQuery</serivcename>
			<protocol>YJPTDB_ZhyyPbcAuditRelatedQuery</protocol>
			</service>
						<service>
			<serivcename>ZhyyPbcDivPurAmtClassRateQuery</serivcename>
			<protocol>YJPTDB_ZhyyPbcDivPurAmtClassRateQuery</protocol>
			</service>
						<service>
			<serivcename>ZhyyPbcEarlyWarnFulfillRateQuery</serivcename>
			<protocol>YJPTDB_ZhyyPbcEarlyWarnFulfillRateQuery</protocol>
			</service>
						<service>
			<serivcename>ZhyyPbcPast5YearSpPurRateQuery</serivcename>
			<protocol>YJPTDB_ZhyyPbcPast5YearSpPurRateQuery</protocol>
			</service>
						<service>
			<serivcename>ZhyyPbcProjSetDelDelayRateQuery</serivcename>
			<protocol>YJPTDB_ZhyyPbcProjSetDelDelayRateQuery</protocol>
			</service>
						<service>
			<serivcename>ZhyyPbcPurContImpRateQuery</serivcename>
			<protocol>YJPTDB_ZhyyPbcPurContImpRateQuery</protocol>
			</service>
						<service>
			<serivcename>ZhyyPbcPurMatUnqRateQuery</serivcename>
			<protocol>YJPTDB_ZhyyPbcPurMatUnqRateQuery</protocol>
			</service>
						<service>
			<serivcename>ZhyyPbcSybhxTipsQuery</serivcename>
			<protocol>YJPTDB_ZhyyPbcSybhxTipsQuery</protocol>
			</service>
						<service>
			<serivcename>ZhyyZhfkSjfkmxgl1Query</serivcename>
			<protocol>YJPTDB_ZhyyZhfkSjfkmxgl1Query</protocol>
			</service>
						<service>
			<serivcename>ZhyyZhfkSjfkmxgl2Query</serivcename>
			<protocol>YJPTDB_ZhyyZhfkSjfkmxgl2Query</protocol>
			</service>
						<service>
			<serivcename>ZhyyZhfkZdgcjshmQuery</serivcename>
			<protocol>YJPTDB_ZhyyZhfkZdgcjshmQuery</protocol>
			</service>
							</services>
	</servicesystem>
</servicesystems>