<?xml version="1.0" encoding="UTF-8"?>
<servicesystems>
	<servicesystem>
		<serviceSystemName>ZABW</serviceSystemName>
		<serviceSystemDesc>治安保卫系统</serviceSystemDesc>
		<hostName/>
		<hostIp/>
		<status>add</status>
		
		<protocols>
								<protocol>ZABEW_ZabwMobileGetVideoLearnIsFinishQuery</protocol>
						<protocol>ZABW_BWWXWPGLChemicalCalculator</protocol>
						<protocol>ZABW_BWWXWPGLChemicalCatalogQuery</protocol>
						<protocol>ZABW_BWWXWPGLConflictDetail</protocol>
						<protocol>ZABW_BWWXWPGLConflictGetSecondGrids</protocol>
						<protocol>ZABW_BWWXWPGLConflictGetTypes</protocol>
						<protocol>ZABW_BWWXWPGLConflictHandle</protocol>
						<protocol>ZABW_BWWXWPGLConflictList</protocol>
						<protocol>ZABW_BWWXWPGLConflictRemove</protocol>
						<protocol>ZABW_BWWXWPGLConflictReportToLeader</protocol>
						<protocol>ZABW_BWWXWPGLConflictSubmit</protocol>
						<protocol>ZABW_BWWXWPGLConflictSubmit2</protocol>
						<protocol>ZABW_BWWXWPGLConflictUpdate</protocol>
						<protocol>ZABW_BWWXWPGLCustomTaskList</protocol>
						<protocol>ZABW_BWWXWPGLDeleteFileUrl</protocol>
						<protocol>ZABW_BWWXWPGLExamGetHistory</protocol>
						<protocol>ZABW_BWWXWPGLExamGetQuestionList</protocol>
						<protocol>ZABW_BWWXWPGLExamGetQuestionType</protocol>
						<protocol>ZABW_BWWXWPGLExamGetStudyFileInfo</protocol>
						<protocol>ZABW_BWWXWPGLExamGetStudyFiles</protocol>
						<protocol>ZABW_BWWXWPGLExamGetTaskInfo</protocol>
						<protocol>ZABW_BWWXWPGLExamStudyRecordRemove</protocol>
						<protocol>ZABW_BWWXWPGLExamStudyRecordSave</protocol>
						<protocol>ZABW_BWWXWPGLExamStudyRecordViewDuration</protocol>
						<protocol>ZABW_BWWXWPGLExamSubmit</protocol>
						<protocol>ZABW_BWWXWPGLExamTaskList</protocol>
						<protocol>ZABW_BWWXWPGLExamTaskTodoList</protocol>
						<protocol>ZABW_BWWXWPGLGetDict</protocol>
						<protocol>ZABW_BWWXWPGLGetFiles</protocol>
						<protocol>ZABW_BWWXWPGLGetInspectionInRange</protocol>
						<protocol>ZABW_BWWXWPGLGetInspectionInfo</protocol>
						<protocol>ZABW_BWWXWPGLGetPassCardByUser</protocol>
						<protocol>ZABW_BWWXWPGLGetRolesByNo</protocol>
						<protocol>ZABW_BWWXWPGLInspectionRecordList</protocol>
						<protocol>ZABW_BWWXWPGLInspectionReportTaskList</protocol>
						<protocol>ZABW_BWWXWPGLInspectionResult</protocol>
						<protocol>ZABW_BWWXWPGLInspectionTaskDetail</protocol>
						<protocol>ZABW_BWWXWPGLInspectionTaskList</protocol>
						<protocol>ZABW_BWWXWPGLInspectionTaskReport</protocol>
						<protocol>ZABW_BWWXWPGLInspectionUpload</protocol>
						<protocol>ZABW_BWWXWPGLKeyPersonnelDetailBase</protocol>
						<protocol>ZABW_BWWXWPGLKeyPersonnelDetailFamily</protocol>
						<protocol>ZABW_BWWXWPGLKeyPersonnelDetailWork</protocol>
						<protocol>ZABW_BWWXWPGLKeyPersonnelQuery</protocol>
						<protocol>ZABW_BWWXWPGLKeyPersonnelTags</protocol>
						<protocol>ZABW_BWWXWPGLLeadershipAdd</protocol>
						<protocol>ZABW_BWWXWPGLLeadershipGetFlatParts</protocol>
						<protocol>ZABW_BWWXWPGLLedgerTaskList</protocol>
						<protocol>ZABW_BWWXWPGLMaintainAdd</protocol>
						<protocol>ZABW_BWWXWPGLMaintainCancel</protocol>
						<protocol>ZABW_BWWXWPGLMaintainDetail</protocol>
						<protocol>ZABW_BWWXWPGLMaintainDispatch</protocol>
						<protocol>ZABW_BWWXWPGLMaintainDistributeUsers</protocol>
						<protocol>ZABW_BWWXWPGLMaintainEvaluate</protocol>
						<protocol>ZABW_BWWXWPGLMaintainFinish</protocol>
						<protocol>ZABW_BWWXWPGLMaintainGetBase</protocol>
						<protocol>ZABW_BWWXWPGLMaintainGetList</protocol>
						<protocol>ZABW_BWWXWPGLMaintainGetPermission</protocol>
						<protocol>ZABW_BWWXWPGLMaintainGetReviewId</protocol>
						<protocol>ZABW_BWWXWPGLMaintainHandle</protocol>
						<protocol>ZABW_BWWXWPGLMaintainTaskList</protocol>
						<protocol>ZABW_BWWXWPGLMaintainUpdate</protocol>
						<protocol>ZABW_BWWXWPGLPartListQuery</protocol>
						<protocol>ZABW_BWWXWPGLPartQueryById</protocol>
						<protocol>ZABW_BWWXWPGLPersonnelTagUpdate</protocol>
						<protocol>ZABW_BWWXWPGLQueryUser</protocol>
						<protocol>ZABW_BWWXWPGLStockBorrowAdd</protocol>
						<protocol>ZABW_BWWXWPGLStockBorrowApprove</protocol>
						<protocol>ZABW_BWWXWPGLStockBorrowCancel</protocol>
						<protocol>ZABW_BWWXWPGLStockBorrowDetail</protocol>
						<protocol>ZABW_BWWXWPGLStockBorrowList</protocol>
						<protocol>ZABW_BWWXWPGLStockBorrowUpdate</protocol>
						<protocol>ZABW_BWWXWPGLStockMoveAdd</protocol>
						<protocol>ZABW_BWWXWPGLStockMoveApprove</protocol>
						<protocol>ZABW_BWWXWPGLStockMoveApproverList</protocol>
						<protocol>ZABW_BWWXWPGLStockMoveCancel</protocol>
						<protocol>ZABW_BWWXWPGLStockMoveDetail</protocol>
						<protocol>ZABW_BWWXWPGLStockMoveList</protocol>
						<protocol>ZABW_BWWXWPGLStockMoveUpdate</protocol>
						<protocol>ZABW_BWWXWPGLStockMoveWarehouseList</protocol>
						<protocol>ZABW_BWWXWPGLStockTaskList</protocol>
						<protocol>ZABW_BWWXWPGLUploadFileUrl</protocol>
						<protocol>ZABW_BwbCardDamagePart</protocol>
						<protocol>ZABW_BwbChemicalInventory</protocol>
						<protocol>ZABW_BwbControlledItems</protocol>
						<protocol>ZABW_BwbDhrAttendance</protocol>
						<protocol>ZABW_BwbDhrDeptInfoOuter</protocol>
						<protocol>ZABW_BwbDhrEmployeeInfo</protocol>
						<protocol>ZABW_BwbErpCreateNewErp</protocol>
						<protocol>ZABW_BwbFactoryStation</protocol>
						<protocol>ZABW_BwbMaintenanceSite</protocol>
						<protocol>ZABW_BwbMobileEletricycleCreateNewInfoPost</protocol>
						<protocol>ZABW_DBWMobileFireCarCheckApprove</protocol>
						<protocol>ZABW_DBWMobileFireCarCheckApproveDtl</protocol>
						<protocol>ZABW_DBWMobileFireCarCheckApproveFinish</protocol>
						<protocol>ZABW_DBWMobileFireCarCheckApproveList</protocol>
						<protocol>ZABW_DBWMobileFireCarCheckCarCheckInfo</protocol>
						<protocol>ZABW_DBWMobileFireCarCheckCarCheckSubmit</protocol>
						<protocol>ZABW_DBWMobileFireCarCheckCheckInfo</protocol>
						<protocol>ZABW_DBWMobileFireCarCheckEventCheckInfo</protocol>
						<protocol>ZABW_DBWMobileFireCarCheckEventCheckSubmit</protocol>
						<protocol>ZABW_DBWMobileFireCarCheckFeedback</protocol>
						<protocol>ZABW_DBWMobileFireCarCheckUpload</protocol>
						<protocol>ZABW_DataScreenMainInfoQuery</protocol>
						<protocol>ZABW_DbwByRecordQuery</protocol>
						<protocol>ZABW_DbwCarPeccanyRecieveFlow</protocol>
						<protocol>ZABW_DbwChangeGruopTyepQuery</protocol>
						<protocol>ZABW_DbwCheckBankQuery</protocol>
						<protocol>ZABW_DbwCheckBankXfQuery</protocol>
						<protocol>ZABW_DbwChooseDealStaffFlow</protocol>
						<protocol>ZABW_DbwEffectiveRoadOccupyQuery</protocol>
						<protocol>ZABW_DbwExamForLearnAdd</protocol>
						<protocol>ZABW_DbwExamForLearnXfAdd</protocol>
						<protocol>ZABW_DbwExamQuery</protocol>
						<protocol>ZABW_DbwExamResultQuery</protocol>
						<protocol>ZABW_DbwExamXfQuery</protocol>
						<protocol>ZABW_DbwFeedbackSubmitFlow</protocol>
						<protocol>ZABW_DbwFireDetailQuery</protocol>
						<protocol>ZABW_DbwFireListQuery</protocol>
						<protocol>ZABW_DbwGroupUserQuery</protocol>
						<protocol>ZABW_DbwLawEnforcementAddressQuery</protocol>
						<protocol>ZABW_DbwPayAction</protocol>
						<protocol>ZABW_DbwPeccancyRecieveFlow</protocol>
						<protocol>ZABW_DbwPoliceFileUploadFlow</protocol>
						<protocol>ZABW_DbwRepayidQuery</protocol>
						<protocol>ZABW_DbwReportQuery</protocol>
						<protocol>ZABW_DbwShiftAdd</protocol>
						<protocol>ZABW_DbwShiftDtlQuery</protocol>
						<protocol>ZABW_DbwShiftListQuery</protocol>
						<protocol>ZABW_DbwSubmitExamAdd</protocol>
						<protocol>ZABW_DbwSubmitExamXfAdd</protocol>
						<protocol>ZABW_DbwTrafficAlarmUpload</protocol>
						<protocol>ZABW_DbwTruckInfoQuery</protocol>
						<protocol>ZABW_DbwUserAddressQuery</protocol>
						<protocol>ZABW_DbwWorkListDetailQuery</protocol>
						<protocol>ZABW_DbwWorkListPoliceDealFlow</protocol>
						<protocol>ZABW_DbwWorkListQuery</protocol>
						<protocol>ZABW_DbwWorkListVerfityFlow</protocol>
						<protocol>ZABW_DbwZABWPicReciecveFlow</protocol>
						<protocol>ZABW_ExMetalDetectionRecordCreate</protocol>
						<protocol>ZABW_ExMetalDetectionRecordPicUpload</protocol>
						<protocol>ZABW_ExMetalDetectionSynTime</protocol>
						<protocol>ZABW_GetSecurityPlatformAlarmInfo</protocol>
						<protocol>ZABW_GetWeChatAnnouncementByKeywords</protocol>
						<protocol>ZABW_MobileFireVisualDeviceLocation</protocol>
						<protocol>ZABW_MobileFireVisualLogin</protocol>
						<protocol>ZABW_MobileGetDailyApplyInfoByCarNo</protocol>
						<protocol>ZABW_MobileGetDtlInfoByDictName</protocol>
						<protocol>ZABW_MobileGetElectricTricycleInfoByNo</protocol>
						<protocol>ZABW_MobileWeChatQuestionCreate</protocol>
						<protocol>ZABW_MobileWeChatQuestionGetListById</protocol>
						<protocol>ZABW_MobileWeChatQuestionGetPublicListByStr</protocol>
						<protocol>ZABW_PersonInfoByMapQuery</protocol>
						<protocol>ZABW_PostEleTricyclePicUpload</protocol>
						<protocol>ZABW_SubmitAbnormalDriverPicInfo</protocol>
						<protocol>ZABW_TcCheckPersonInfoByPersonNo</protocol>
						<protocol>ZABW_TcCreateReservationRecord</protocol>
						<protocol>ZABW_TcGetPersonInfoByPersonNo</protocol>
						<protocol>ZABW_TcInsertPersonInfo</protocol>
						<protocol>ZABW_TcReservationRecordList</protocol>
						<protocol>ZABW_TcReturnReservationRecord</protocol>
						<protocol>ZABW_ThcljccTimeQuery</protocol>
						<protocol>ZABW_TstDriverLicenseOcrInfoAdd</protocol>
						<protocol>ZABW_TstDriverLicenseOcrInfoView</protocol>
						<protocol>ZABW_ZabwDriverToyearExamQuery</protocol>
						<protocol>ZABW_ZabwGetCheckPointClassList</protocol>
						<protocol>ZABW_ZabwGetCheckPointTypeList</protocol>
						<protocol>ZABW_ZabwGetFiremenCultivateInfo</protocol>
						<protocol>ZABW_ZabwGetRoadManagementRecordList</protocol>
						<protocol>ZABW_ZabwGetRoadNameInfoById</protocol>
						<protocol>ZABW_ZabwMobileCreateCarInfoAdd</protocol>
						<protocol>ZABW_ZabwMobileCreateDriverVideoLearnRecordAdd</protocol>
						<protocol>ZABW_ZabwMobileDeleteRegistCarByIdDelete</protocol>
						<protocol>ZABW_ZabwMobileDownFilesQuery</protocol>
						<protocol>ZABW_ZabwMobileDriveLicenseByIdDelete</protocol>
						<protocol>ZABW_ZabwMobileDriverLicenseOcrFileUploadAdd</protocol>
						<protocol>ZABW_ZabwMobileDriverVideoLearnRecordUpdate</protocol>
						<protocol>ZABW_ZabwMobileFindCarInfoByIdcardQuery</protocol>
						<protocol>ZABW_ZabwMobileGetDriverVideoLearnRecordByIdQuery</protocol>
						<protocol>ZABW_ZabwMobileGetPayListQuery</protocol>
						<protocol>ZABW_ZabwMobileGetScoreByIdcardQuery</protocol>
						<protocol>ZABW_ZabwMobileGetUserInfoByIdCardQuery</protocol>
						<protocol>ZABW_ZabwMobileGetVisitorInfoQuery</protocol>
						<protocol>ZABW_ZabwMobileInsertLearnScoreUpdate</protocol>
						<protocol>ZABW_ZabwMobileManagerGetDriverInfoQuery</protocol>
						<protocol>ZABW_ZabwMobileNewestSignQuery</protocol>
						<protocol>ZABW_ZabwMobileServiceCarInfoQuery</protocol>
						<protocol>ZABW_ZabwMobileServiceLogCreatePost</protocol>
						<protocol>ZABW_ZabwMobileServiceLogDtlQueryGet</protocol>
						<protocol>ZABW_ZabwMobileServiceLogGroupNameQueryGet</protocol>
						<protocol>ZABW_ZabwMobileServiceLogListQueryGet</protocol>
						<protocol>ZABW_ZabwMobileServiceLogSelectPersonQueryGet</protocol>
						<protocol>ZABW_ZabwMobileSetIsFinishVideoLearnUpdate</protocol>
						<protocol>ZABW_ZabwMobileSignCommitmentUpdate</protocol>
						<protocol>ZABW_ZabwMobileSubmitExamForLearnAdd</protocol>
						<protocol>ZABW_ZabwMobileTstAllSignCommitmentAdd</protocol>
						<protocol>ZABW_ZabwMobileTstAllSignCommitmentListQuery</protocol>
						<protocol>ZABW_ZabwMobileTstCheckBankQuery</protocol>
						<protocol>ZABW_ZabwMobileTstGetExamQuery</protocol>
						<protocol>ZABW_ZabwMobileUploadFiles</protocol>
						<protocol>ZABW_ZabwMobileUserInfoAdd</protocol>
						<protocol>ZABW_ZabwMobileVideoListQuery</protocol>
						<protocol>ZABW_ZabwMobileViewElecDriveLicenseByIdQuery</protocol>
						<protocol>ZABW_ZabwMobileViewFileQuery</protocol>
						<protocol>ZABW_ZabwMobileViewSaftyFileQuery</protocol>
						<protocol>ZABW_ZabwMobileViewVideoFileQuery</protocol>
						<protocol>ZABW_ZabwMobileXfExamResultQuery</protocol>
						<protocol>ZABW_ZabwShowRecordDetailById</protocol>
						<protocol>ZABW_ZabwSubmitRoadRecord</protocol>
						<protocol>ZABW_ZabwYQGetOneById</protocol>
						<protocol>ZABW_ZabwYQRecieveSendBack</protocol>
						<protocol>ZABW_ZhnyWgtrqysclQuery</protocol>
						<protocol>ZABW_ZhyyDataBoardGetPerHourCarCounts</protocol>
						<protocol>ZABW_ZhyyDataBoardPerVehicleCounts</protocol>
						<protocol>ZHJTSYSTEM_BwbPartDeviceList</protocol>
						<protocol>ZHJTSYSTEM_BwbPartRealTimeMonitor</protocol>
							</protocols>
		
		<params>
				</params>
		<services>
								<service>
			<serivcename>BwbCardDamagePart</serivcename>
			<protocol>ZABW_BwbCardDamagePart</protocol>
			</service>
						<service>
			<serivcename>BwbChemicalInventory</serivcename>
			<protocol>ZABW_BwbChemicalInventory</protocol>
			</service>
						<service>
			<serivcename>BwbControlledItems</serivcename>
			<protocol>ZABW_BwbControlledItems</protocol>
			</service>
						<service>
			<serivcename>BwbDhrAttendance</serivcename>
			<protocol>ZABW_BwbDhrAttendance</protocol>
			</service>
						<service>
			<serivcename>BwbDhrDeptInfoOuter</serivcename>
			<protocol>ZABW_BwbDhrDeptInfoOuter</protocol>
			</service>
						<service>
			<serivcename>BwbDhrEmployeeInfo</serivcename>
			<protocol>ZABW_BwbDhrEmployeeInfo</protocol>
			</service>
						<service>
			<serivcename>BwbErpcreateNewErp</serivcename>
			<protocol>ZABW_BwbErpCreateNewErp</protocol>
			</service>
						<service>
			<serivcename>BwbFactoryStation</serivcename>
			<protocol>ZABW_BwbFactoryStation</protocol>
			</service>
						<service>
			<serivcename>BwbMaintenanceSite</serivcename>
			<protocol>ZABW_BwbMaintenanceSite</protocol>
			</service>
						<service>
			<serivcename>BwbMobileEletricycleCreateNewInfoPost</serivcename>
			<protocol>ZABW_BwbMobileEletricycleCreateNewInfoPost</protocol>
			</service>
						<service>
			<serivcename>BwbPartDeviceList</serivcename>
			<protocol>ZHJTSYSTEM_BwbPartDeviceList</protocol>
			</service>
						<service>
			<serivcename>BwbPartRealTimeMonitor</serivcename>
			<protocol>ZHJTSYSTEM_BwbPartRealTimeMonitor</protocol>
			</service>
						<service>
			<serivcename>BWWXWPGLChemicalCalculator</serivcename>
			<protocol>ZABW_BWWXWPGLChemicalCalculator</protocol>
			</service>
						<service>
			<serivcename>BWWXWPGLChemicalCatalogQuery</serivcename>
			<protocol>ZABW_BWWXWPGLChemicalCatalogQuery</protocol>
			</service>
						<service>
			<serivcename>BWWXWPGLConflictDetail</serivcename>
			<protocol>ZABW_BWWXWPGLConflictDetail</protocol>
			</service>
						<service>
			<serivcename>BWWXWPGLConflictGetSecondGrids</serivcename>
			<protocol>ZABW_BWWXWPGLConflictGetSecondGrids</protocol>
			</service>
						<service>
			<serivcename>BWWXWPGLConflictGetTypes</serivcename>
			<protocol>ZABW_BWWXWPGLConflictGetTypes</protocol>
			</service>
						<service>
			<serivcename>BWWXWPGLConflictHandle</serivcename>
			<protocol>ZABW_BWWXWPGLConflictHandle</protocol>
			</service>
						<service>
			<serivcename>BWWXWPGLConflictList</serivcename>
			<protocol>ZABW_BWWXWPGLConflictList</protocol>
			</service>
						<service>
			<serivcename>BWWXWPGLConflictRemove</serivcename>
			<protocol>ZABW_BWWXWPGLConflictRemove</protocol>
			</service>
						<service>
			<serivcename>BWWXWPGLConflictReportToLeader</serivcename>
			<protocol>ZABW_BWWXWPGLConflictReportToLeader</protocol>
			</service>
						<service>
			<serivcename>BWWXWPGLConflictSubmit</serivcename>
			<protocol>ZABW_BWWXWPGLConflictSubmit</protocol>
			</service>
						<service>
			<serivcename>BWWXWPGLConflictSubmit2</serivcename>
			<protocol>ZABW_BWWXWPGLConflictSubmit2</protocol>
			</service>
						<service>
			<serivcename>BWWXWPGLConflictUpdate</serivcename>
			<protocol>ZABW_BWWXWPGLConflictUpdate</protocol>
			</service>
						<service>
			<serivcename>BWWXWPGLCustomTaskList</serivcename>
			<protocol>ZABW_BWWXWPGLCustomTaskList</protocol>
			</service>
						<service>
			<serivcename>BWWXWPGLDeleteFileUrl</serivcename>
			<protocol>ZABW_BWWXWPGLDeleteFileUrl</protocol>
			</service>
						<service>
			<serivcename>BWWXWPGLExamGetHistory</serivcename>
			<protocol>ZABW_BWWXWPGLExamGetHistory</protocol>
			</service>
						<service>
			<serivcename>BWWXWPGLExamGetQuestionList</serivcename>
			<protocol>ZABW_BWWXWPGLExamGetQuestionList</protocol>
			</service>
						<service>
			<serivcename>BWWXWPGLExamGetQuestionType</serivcename>
			<protocol>ZABW_BWWXWPGLExamGetQuestionType</protocol>
			</service>
						<service>
			<serivcename>BWWXWPGLExamGetStudyFileInfo</serivcename>
			<protocol>ZABW_BWWXWPGLExamGetStudyFileInfo</protocol>
			</service>
						<service>
			<serivcename>BWWXWPGLExamGetStudyFiles</serivcename>
			<protocol>ZABW_BWWXWPGLExamGetStudyFiles</protocol>
			</service>
						<service>
			<serivcename>BWWXWPGLExamGetTaskInfo</serivcename>
			<protocol>ZABW_BWWXWPGLExamGetTaskInfo</protocol>
			</service>
						<service>
			<serivcename>BWWXWPGLExamStudyRecordRemove</serivcename>
			<protocol>ZABW_BWWXWPGLExamStudyRecordRemove</protocol>
			</service>
						<service>
			<serivcename>BWWXWPGLExamStudyRecordSave</serivcename>
			<protocol>ZABW_BWWXWPGLExamStudyRecordSave</protocol>
			</service>
						<service>
			<serivcename>BWWXWPGLExamStudyRecordViewDuration</serivcename>
			<protocol>ZABW_BWWXWPGLExamStudyRecordViewDuration</protocol>
			</service>
						<service>
			<serivcename>BWWXWPGLExamSubmit</serivcename>
			<protocol>ZABW_BWWXWPGLExamSubmit</protocol>
			</service>
						<service>
			<serivcename>BWWXWPGLExamTaskList</serivcename>
			<protocol>ZABW_BWWXWPGLExamTaskList</protocol>
			</service>
						<service>
			<serivcename>BWWXWPGLExamTaskTodoList</serivcename>
			<protocol>ZABW_BWWXWPGLExamTaskTodoList</protocol>
			</service>
						<service>
			<serivcename>BWWXWPGLGetDict</serivcename>
			<protocol>ZABW_BWWXWPGLGetDict</protocol>
			</service>
						<service>
			<serivcename>BWWXWPGLGetFiles</serivcename>
			<protocol>ZABW_BWWXWPGLGetFiles</protocol>
			</service>
						<service>
			<serivcename>BWWXWPGLGetInspectionInfo</serivcename>
			<protocol>ZABW_BWWXWPGLGetInspectionInfo</protocol>
			</service>
						<service>
			<serivcename>BWWXWPGLGetInspectionInRange</serivcename>
			<protocol>ZABW_BWWXWPGLGetInspectionInRange</protocol>
			</service>
						<service>
			<serivcename>BWWXWPGLGetPassCardByUser</serivcename>
			<protocol>ZABW_BWWXWPGLGetPassCardByUser</protocol>
			</service>
						<service>
			<serivcename>BWWXWPGLGetRolesByNo</serivcename>
			<protocol>ZABW_BWWXWPGLGetRolesByNo</protocol>
			</service>
						<service>
			<serivcename>BWWXWPGLInspectionRecordList</serivcename>
			<protocol>ZABW_BWWXWPGLInspectionRecordList</protocol>
			</service>
						<service>
			<serivcename>BWWXWPGLInspectionReportTaskList</serivcename>
			<protocol>ZABW_BWWXWPGLInspectionReportTaskList</protocol>
			</service>
						<service>
			<serivcename>BWWXWPGLInspectionResult</serivcename>
			<protocol>ZABW_BWWXWPGLInspectionResult</protocol>
			</service>
						<service>
			<serivcename>BWWXWPGLInspectionTaskDetail</serivcename>
			<protocol>ZABW_BWWXWPGLInspectionTaskDetail</protocol>
			</service>
						<service>
			<serivcename>BWWXWPGLInspectionTaskList</serivcename>
			<protocol>ZABW_BWWXWPGLInspectionTaskList</protocol>
			</service>
						<service>
			<serivcename>BWWXWPGLInspectionTaskReport</serivcename>
			<protocol>ZABW_BWWXWPGLInspectionTaskReport</protocol>
			</service>
						<service>
			<serivcename>BWWXWPGLInspectionUpload</serivcename>
			<protocol>ZABW_BWWXWPGLInspectionUpload</protocol>
			</service>
						<service>
			<serivcename>BWWXWPGLKeyPersonnelDetailBase</serivcename>
			<protocol>ZABW_BWWXWPGLKeyPersonnelDetailBase</protocol>
			</service>
						<service>
			<serivcename>BWWXWPGLKeyPersonnelDetailFamily</serivcename>
			<protocol>ZABW_BWWXWPGLKeyPersonnelDetailFamily</protocol>
			</service>
						<service>
			<serivcename>BWWXWPGLKeyPersonnelDetailWork</serivcename>
			<protocol>ZABW_BWWXWPGLKeyPersonnelDetailWork</protocol>
			</service>
						<service>
			<serivcename>BWWXWPGLKeyPersonnelQuery</serivcename>
			<protocol>ZABW_BWWXWPGLKeyPersonnelQuery</protocol>
			</service>
						<service>
			<serivcename>BWWXWPGLKeyPersonnelTags</serivcename>
			<protocol>ZABW_BWWXWPGLKeyPersonnelTags</protocol>
			</service>
						<service>
			<serivcename>BWWXWPGLLeadershipAdd</serivcename>
			<protocol>ZABW_BWWXWPGLLeadershipAdd</protocol>
			</service>
						<service>
			<serivcename>BWWXWPGLLeadershipGetFlatParts</serivcename>
			<protocol>ZABW_BWWXWPGLLeadershipGetFlatParts</protocol>
			</service>
						<service>
			<serivcename>BWWXWPGLLedgerTaskList</serivcename>
			<protocol>ZABW_BWWXWPGLLedgerTaskList</protocol>
			</service>
						<service>
			<serivcename>BWWXWPGLMaintainAdd</serivcename>
			<protocol>ZABW_BWWXWPGLMaintainAdd</protocol>
			</service>
						<service>
			<serivcename>BWWXWPGLMaintainCancel</serivcename>
			<protocol>ZABW_BWWXWPGLMaintainCancel</protocol>
			</service>
						<service>
			<serivcename>BWWXWPGLMaintainDetail</serivcename>
			<protocol>ZABW_BWWXWPGLMaintainDetail</protocol>
			</service>
						<service>
			<serivcename>BWWXWPGLMaintainDispatch</serivcename>
			<protocol>ZABW_BWWXWPGLMaintainDispatch</protocol>
			</service>
						<service>
			<serivcename>BWWXWPGLMaintainDistributeUsers</serivcename>
			<protocol>ZABW_BWWXWPGLMaintainDistributeUsers</protocol>
			</service>
						<service>
			<serivcename>BWWXWPGLMaintainEvaluate</serivcename>
			<protocol>ZABW_BWWXWPGLMaintainEvaluate</protocol>
			</service>
						<service>
			<serivcename>BWWXWPGLMaintainFinish</serivcename>
			<protocol>ZABW_BWWXWPGLMaintainFinish</protocol>
			</service>
						<service>
			<serivcename>BWWXWPGLMaintainGetBase</serivcename>
			<protocol>ZABW_BWWXWPGLMaintainGetBase</protocol>
			</service>
						<service>
			<serivcename>BWWXWPGLMaintainGetList</serivcename>
			<protocol>ZABW_BWWXWPGLMaintainGetList</protocol>
			</service>
						<service>
			<serivcename>BWWXWPGLMaintainGetPermission</serivcename>
			<protocol>ZABW_BWWXWPGLMaintainGetPermission</protocol>
			</service>
						<service>
			<serivcename>BWWXWPGLMaintainGetReviewId</serivcename>
			<protocol>ZABW_BWWXWPGLMaintainGetReviewId</protocol>
			</service>
						<service>
			<serivcename>BWWXWPGLMaintainHandle</serivcename>
			<protocol>ZABW_BWWXWPGLMaintainHandle</protocol>
			</service>
						<service>
			<serivcename>BWWXWPGLMaintainTaskList</serivcename>
			<protocol>ZABW_BWWXWPGLMaintainTaskList</protocol>
			</service>
						<service>
			<serivcename>BWWXWPGLMaintainUpdate</serivcename>
			<protocol>ZABW_BWWXWPGLMaintainUpdate</protocol>
			</service>
						<service>
			<serivcename>BWWXWPGLPartListQuery</serivcename>
			<protocol>ZABW_BWWXWPGLPartListQuery</protocol>
			</service>
						<service>
			<serivcename>BWWXWPGLPartQueryById</serivcename>
			<protocol>ZABW_BWWXWPGLPartQueryById</protocol>
			</service>
						<service>
			<serivcename>BWWXWPGLPersonnelTagUpdate</serivcename>
			<protocol>ZABW_BWWXWPGLPersonnelTagUpdate</protocol>
			</service>
						<service>
			<serivcename>BWWXWPGLQueryUser</serivcename>
			<protocol>ZABW_BWWXWPGLQueryUser</protocol>
			</service>
						<service>
			<serivcename>BWWXWPGLStockBorrowAdd</serivcename>
			<protocol>ZABW_BWWXWPGLStockBorrowAdd</protocol>
			</service>
						<service>
			<serivcename>BWWXWPGLStockBorrowApprove</serivcename>
			<protocol>ZABW_BWWXWPGLStockBorrowApprove</protocol>
			</service>
						<service>
			<serivcename>BWWXWPGLStockBorrowCancel</serivcename>
			<protocol>ZABW_BWWXWPGLStockBorrowCancel</protocol>
			</service>
						<service>
			<serivcename>BWWXWPGLStockBorrowDetail</serivcename>
			<protocol>ZABW_BWWXWPGLStockBorrowDetail</protocol>
			</service>
						<service>
			<serivcename>BWWXWPGLStockBorrowList</serivcename>
			<protocol>ZABW_BWWXWPGLStockBorrowList</protocol>
			</service>
						<service>
			<serivcename>BWWXWPGLStockBorrowUpdate</serivcename>
			<protocol>ZABW_BWWXWPGLStockBorrowUpdate</protocol>
			</service>
						<service>
			<serivcename>BWWXWPGLStockMoveAdd</serivcename>
			<protocol>ZABW_BWWXWPGLStockMoveAdd</protocol>
			</service>
						<service>
			<serivcename>BWWXWPGLStockMoveApprove</serivcename>
			<protocol>ZABW_BWWXWPGLStockMoveApprove</protocol>
			</service>
						<service>
			<serivcename>BWWXWPGLStockMoveApproverList</serivcename>
			<protocol>ZABW_BWWXWPGLStockMoveApproverList</protocol>
			</service>
						<service>
			<serivcename>BWWXWPGLStockMoveCancel</serivcename>
			<protocol>ZABW_BWWXWPGLStockMoveCancel</protocol>
			</service>
						<service>
			<serivcename>BWWXWPGLStockMoveDetail</serivcename>
			<protocol>ZABW_BWWXWPGLStockMoveDetail</protocol>
			</service>
						<service>
			<serivcename>BWWXWPGLStockMoveList</serivcename>
			<protocol>ZABW_BWWXWPGLStockMoveList</protocol>
			</service>
						<service>
			<serivcename>BWWXWPGLStockMoveUpdate</serivcename>
			<protocol>ZABW_BWWXWPGLStockMoveUpdate</protocol>
			</service>
						<service>
			<serivcename>BWWXWPGLStockMoveWarehouseList</serivcename>
			<protocol>ZABW_BWWXWPGLStockMoveWarehouseList</protocol>
			</service>
						<service>
			<serivcename>BWWXWPGLStockTaskList</serivcename>
			<protocol>ZABW_BWWXWPGLStockTaskList</protocol>
			</service>
						<service>
			<serivcename>BWWXWPGLUploadFileUrl</serivcename>
			<protocol>ZABW_BWWXWPGLUploadFileUrl</protocol>
			</service>
						<service>
			<serivcename>DataScreenMainInfoQuery</serivcename>
			<protocol>ZABW_DataScreenMainInfoQuery</protocol>
			</service>
						<service>
			<serivcename>DbwByRecordQuery</serivcename>
			<protocol>ZABW_DbwByRecordQuery</protocol>
			</service>
						<service>
			<serivcename>DbwCarPeccanyRecieveFlow</serivcename>
			<protocol>ZABW_DbwCarPeccanyRecieveFlow</protocol>
			</service>
						<service>
			<serivcename>DbwChangeGruopTyepQuery</serivcename>
			<protocol>ZABW_DbwChangeGruopTyepQuery</protocol>
			</service>
						<service>
			<serivcename>DbwCheckBankQuery</serivcename>
			<protocol>ZABW_DbwCheckBankQuery</protocol>
			</service>
						<service>
			<serivcename>DbwCheckBankXfQuery</serivcename>
			<protocol>ZABW_DbwCheckBankXfQuery</protocol>
			</service>
						<service>
			<serivcename>DbwChooseDealStaffFlow</serivcename>
			<protocol>ZABW_DbwChooseDealStaffFlow</protocol>
			</service>
						<service>
			<serivcename>DbwEffectiveRoadOccupyQuery</serivcename>
			<protocol>ZABW_DbwEffectiveRoadOccupyQuery</protocol>
			</service>
						<service>
			<serivcename>DbwExamForLearnAdd</serivcename>
			<protocol>ZABW_DbwExamForLearnAdd</protocol>
			</service>
						<service>
			<serivcename>DbwExamForLearnXfAdd</serivcename>
			<protocol>ZABW_DbwExamForLearnXfAdd</protocol>
			</service>
						<service>
			<serivcename>DbwExamQuery</serivcename>
			<protocol>ZABW_DbwExamQuery</protocol>
			</service>
						<service>
			<serivcename>DbwExamResultQuery</serivcename>
			<protocol>ZABW_DbwExamResultQuery</protocol>
			</service>
						<service>
			<serivcename>DbwExamXfQuery</serivcename>
			<protocol>ZABW_DbwExamXfQuery</protocol>
			</service>
						<service>
			<serivcename>DbwFeedbackSubmitFlow</serivcename>
			<protocol>ZABW_DbwFeedbackSubmitFlow</protocol>
			</service>
						<service>
			<serivcename>DbwFireDetailQuery</serivcename>
			<protocol>ZABW_DbwFireDetailQuery</protocol>
			</service>
						<service>
			<serivcename>DbwFireListQuery</serivcename>
			<protocol>ZABW_DbwFireListQuery</protocol>
			</service>
						<service>
			<serivcename>DbwGroupUserQuery</serivcename>
			<protocol>ZABW_DbwGroupUserQuery</protocol>
			</service>
						<service>
			<serivcename>DbwLawEnforcementAddressQuery</serivcename>
			<protocol>ZABW_DbwLawEnforcementAddressQuery</protocol>
			</service>
						<service>
			<serivcename>DBWMobileFireCarCheckApprove</serivcename>
			<protocol>ZABW_DBWMobileFireCarCheckApprove</protocol>
			</service>
						<service>
			<serivcename>DBWMobileFireCarCheckApproveDtl</serivcename>
			<protocol>ZABW_DBWMobileFireCarCheckApproveDtl</protocol>
			</service>
						<service>
			<serivcename>DBWMobileFireCarCheckApproveFinish</serivcename>
			<protocol>ZABW_DBWMobileFireCarCheckApproveFinish</protocol>
			</service>
						<service>
			<serivcename>DBWMobileFireCarCheckApproveList</serivcename>
			<protocol>ZABW_DBWMobileFireCarCheckApproveList</protocol>
			</service>
						<service>
			<serivcename>DBWMobileFireCarCheckCarCheckInfo</serivcename>
			<protocol>ZABW_DBWMobileFireCarCheckCarCheckInfo</protocol>
			</service>
						<service>
			<serivcename>DBWMobileFireCarCheckCarCheckSubmit</serivcename>
			<protocol>ZABW_DBWMobileFireCarCheckCarCheckSubmit</protocol>
			</service>
						<service>
			<serivcename>DBWMobileFireCarCheckCheckInfo</serivcename>
			<protocol>ZABW_DBWMobileFireCarCheckCheckInfo</protocol>
			</service>
						<service>
			<serivcename>DBWMobileFireCarCheckEventCheckInfo</serivcename>
			<protocol>ZABW_DBWMobileFireCarCheckEventCheckInfo</protocol>
			</service>
						<service>
			<serivcename>DBWMobileFireCarCheckEventCheckSubmit</serivcename>
			<protocol>ZABW_DBWMobileFireCarCheckEventCheckSubmit</protocol>
			</service>
						<service>
			<serivcename>DBWMobileFireCarCheckFeedback</serivcename>
			<protocol>ZABW_DBWMobileFireCarCheckFeedback</protocol>
			</service>
						<service>
			<serivcename>DBWMobileFireCarCheckUpload</serivcename>
			<protocol>ZABW_DBWMobileFireCarCheckUpload</protocol>
			</service>
						<service>
			<serivcename>DbwPayAction</serivcename>
			<protocol>ZABW_DbwPayAction</protocol>
			</service>
						<service>
			<serivcename>DbwPeccancyRecieveFlow</serivcename>
			<protocol>ZABW_DbwPeccancyRecieveFlow</protocol>
			</service>
						<service>
			<serivcename>DbwPoliceFileUploadFlow</serivcename>
			<protocol>ZABW_DbwPoliceFileUploadFlow</protocol>
			</service>
						<service>
			<serivcename>DbwRepayidQuery</serivcename>
			<protocol>ZABW_DbwRepayidQuery</protocol>
			</service>
						<service>
			<serivcename>DbwReportQuery</serivcename>
			<protocol>ZABW_DbwReportQuery</protocol>
			</service>
						<service>
			<serivcename>DbwShiftAdd</serivcename>
			<protocol>ZABW_DbwShiftAdd</protocol>
			</service>
						<service>
			<serivcename>DbwShiftDtlQuery</serivcename>
			<protocol>ZABW_DbwShiftDtlQuery</protocol>
			</service>
						<service>
			<serivcename>DbwShiftListQuery</serivcename>
			<protocol>ZABW_DbwShiftListQuery</protocol>
			</service>
						<service>
			<serivcename>DbwSubmitExamAdd</serivcename>
			<protocol>ZABW_DbwSubmitExamAdd</protocol>
			</service>
						<service>
			<serivcename>DbwSubmitExamXfAdd</serivcename>
			<protocol>ZABW_DbwSubmitExamXfAdd</protocol>
			</service>
						<service>
			<serivcename>DbwTrafficAlarmUpload</serivcename>
			<protocol>ZABW_DbwTrafficAlarmUpload</protocol>
			</service>
						<service>
			<serivcename>DbwTruckInfoQuery</serivcename>
			<protocol>ZABW_DbwTruckInfoQuery</protocol>
			</service>
						<service>
			<serivcename>DbwUserAddressQuery</serivcename>
			<protocol>ZABW_DbwUserAddressQuery</protocol>
			</service>
						<service>
			<serivcename>DbwWorkListDetailQuery</serivcename>
			<protocol>ZABW_DbwWorkListDetailQuery</protocol>
			</service>
						<service>
			<serivcename>DbwWorkListPoliceDealFlow</serivcename>
			<protocol>ZABW_DbwWorkListPoliceDealFlow</protocol>
			</service>
						<service>
			<serivcename>DbwWorkListQuery</serivcename>
			<protocol>ZABW_DbwWorkListQuery</protocol>
			</service>
						<service>
			<serivcename>DbwWorkListVerfityFlow</serivcename>
			<protocol>ZABW_DbwWorkListVerfityFlow</protocol>
			</service>
						<service>
			<serivcename>DbwZABWPicReciecveFlow</serivcename>
			<protocol>ZABW_DbwZABWPicReciecveFlow</protocol>
			</service>
						<service>
			<serivcename>ExMetalDetectionRecordCreate</serivcename>
			<protocol>ZABW_ExMetalDetectionRecordCreate</protocol>
			</service>
						<service>
			<serivcename>ExMetalDetectionRecordPicUpload</serivcename>
			<protocol>ZABW_ExMetalDetectionRecordPicUpload</protocol>
			</service>
						<service>
			<serivcename>ExMetalDetectionSynTime</serivcename>
			<protocol>ZABW_ExMetalDetectionSynTime</protocol>
			</service>
						<service>
			<serivcename>GetSecurityPlatformAlarmInfo</serivcename>
			<protocol>ZABW_GetSecurityPlatformAlarmInfo</protocol>
			</service>
						<service>
			<serivcename>GetWeChatAnnouncementByKeywords</serivcename>
			<protocol>ZABW_GetWeChatAnnouncementByKeywords</protocol>
			</service>
						<service>
			<serivcename>MobileFireVisualDeviceLocation</serivcename>
			<protocol>ZABW_MobileFireVisualDeviceLocation</protocol>
			</service>
						<service>
			<serivcename>MobileFireVisualLogin</serivcename>
			<protocol>ZABW_MobileFireVisualLogin</protocol>
			</service>
						<service>
			<serivcename>MobileGetDailyApplyInfoByCarNo</serivcename>
			<protocol>ZABW_MobileGetDailyApplyInfoByCarNo</protocol>
			</service>
						<service>
			<serivcename>MobileGetDtlInfoByDictName</serivcename>
			<protocol>ZABW_MobileGetDtlInfoByDictName</protocol>
			</service>
						<service>
			<serivcename>MobileGetElectricTricycleInfoByNo</serivcename>
			<protocol>ZABW_MobileGetElectricTricycleInfoByNo</protocol>
			</service>
						<service>
			<serivcename>MobileWeChatQuestionCreate</serivcename>
			<protocol>ZABW_MobileWeChatQuestionCreate</protocol>
			</service>
						<service>
			<serivcename>MobileWeChatQuestionGetListById</serivcename>
			<protocol>ZABW_MobileWeChatQuestionGetListById</protocol>
			</service>
						<service>
			<serivcename>MobileWeChatQuestionGetPublicListByStr</serivcename>
			<protocol>ZABW_MobileWeChatQuestionGetPublicListByStr</protocol>
			</service>
						<service>
			<serivcename>PersonInfoByMapQuery</serivcename>
			<protocol>ZABW_PersonInfoByMapQuery</protocol>
			</service>
						<service>
			<serivcename>PostEleTricyclePicUpload</serivcename>
			<protocol>ZABW_PostEleTricyclePicUpload</protocol>
			</service>
						<service>
			<serivcename>SubmitAbnormalDriverPicInfo</serivcename>
			<protocol>ZABW_SubmitAbnormalDriverPicInfo</protocol>
			</service>
						<service>
			<serivcename>TcCheckPersonInfoByPersonNo</serivcename>
			<protocol>ZABW_TcCheckPersonInfoByPersonNo</protocol>
			</service>
						<service>
			<serivcename>TcCreateReservationRecord</serivcename>
			<protocol>ZABW_TcCreateReservationRecord</protocol>
			</service>
						<service>
			<serivcename>TcGetPersonInfoByPersonNo</serivcename>
			<protocol>ZABW_TcGetPersonInfoByPersonNo</protocol>
			</service>
						<service>
			<serivcename>TcInsertPersonInfo</serivcename>
			<protocol>ZABW_TcInsertPersonInfo</protocol>
			</service>
						<service>
			<serivcename>TcReservationRecordList</serivcename>
			<protocol>ZABW_TcReservationRecordList</protocol>
			</service>
						<service>
			<serivcename>TcReturnReservationRecord</serivcename>
			<protocol>ZABW_TcReturnReservationRecord</protocol>
			</service>
						<service>
			<serivcename>ThcljccTimeQuery</serivcename>
			<protocol>ZABW_ThcljccTimeQuery</protocol>
			</service>
						<service>
			<serivcename>TstDriverLicenseOcrInfoAdd</serivcename>
			<protocol>ZABW_TstDriverLicenseOcrInfoAdd</protocol>
			</service>
						<service>
			<serivcename>TstDriverLicenseOcrInfoView</serivcename>
			<protocol>ZABW_TstDriverLicenseOcrInfoView</protocol>
			</service>
						<service>
			<serivcename>ZabwDriverToyearExamQuery</serivcename>
			<protocol>ZABW_ZabwDriverToyearExamQuery</protocol>
			</service>
						<service>
			<serivcename>ZabwGetCheckPointClassList</serivcename>
			<protocol>ZABW_ZabwGetCheckPointClassList</protocol>
			</service>
						<service>
			<serivcename>ZabwGetCheckPointTypeList</serivcename>
			<protocol>ZABW_ZabwGetCheckPointTypeList</protocol>
			</service>
						<service>
			<serivcename>ZabwGetFiremenCultivateInfo</serivcename>
			<protocol>ZABW_ZabwGetFiremenCultivateInfo</protocol>
			</service>
						<service>
			<serivcename>ZabwGetRoadManagementRecordList</serivcename>
			<protocol>ZABW_ZabwGetRoadManagementRecordList</protocol>
			</service>
						<service>
			<serivcename>ZabwGetRoadNameInfoById</serivcename>
			<protocol>ZABW_ZabwGetRoadNameInfoById</protocol>
			</service>
						<service>
			<serivcename>ZabwMobileCreateCarInfoAdd</serivcename>
			<protocol>ZABW_ZabwMobileCreateCarInfoAdd</protocol>
			</service>
						<service>
			<serivcename>ZabwMobileCreateDriverVideoLearnRecordAdd</serivcename>
			<protocol>ZABW_ZabwMobileCreateDriverVideoLearnRecordAdd</protocol>
			</service>
						<service>
			<serivcename>ZabwMobileDeleteRegistCarByIdDelete</serivcename>
			<protocol>ZABW_ZabwMobileDeleteRegistCarByIdDelete</protocol>
			</service>
						<service>
			<serivcename>ZabwMobileDownFilesQuery</serivcename>
			<protocol>ZABW_ZabwMobileDownFilesQuery</protocol>
			</service>
						<service>
			<serivcename>ZabwMobileDriveLicenseByIdDelete</serivcename>
			<protocol>ZABW_ZabwMobileDriveLicenseByIdDelete</protocol>
			</service>
						<service>
			<serivcename>ZabwMobileDriverLicenseOcrFileUploadAdd</serivcename>
			<protocol>ZABW_ZabwMobileDriverLicenseOcrFileUploadAdd</protocol>
			</service>
						<service>
			<serivcename>ZabwMobileDriverVideoLearnRecordUpdate</serivcename>
			<protocol>ZABW_ZabwMobileDriverVideoLearnRecordUpdate</protocol>
			</service>
						<service>
			<serivcename>ZabwMobileFindCarInfoByIdcardQuery</serivcename>
			<protocol>ZABW_ZabwMobileFindCarInfoByIdcardQuery</protocol>
			</service>
						<service>
			<serivcename>ZabwMobileGetDriverVideoLearnRecordByIdQuery</serivcename>
			<protocol>ZABW_ZabwMobileGetDriverVideoLearnRecordByIdQuery</protocol>
			</service>
						<service>
			<serivcename>ZabwMobileGetPayListQuery</serivcename>
			<protocol>ZABW_ZabwMobileGetPayListQuery</protocol>
			</service>
						<service>
			<serivcename>ZabwMobileGetScoreByIdcardQuery</serivcename>
			<protocol>ZABW_ZabwMobileGetScoreByIdcardQuery</protocol>
			</service>
						<service>
			<serivcename>ZabwMobileGetUserInfoByIdCardQuery</serivcename>
			<protocol>ZABW_ZabwMobileGetUserInfoByIdCardQuery</protocol>
			</service>
						<service>
			<serivcename>ZabwMobileGetVideoLearnIsFinishQuery</serivcename>
			<protocol>ZABEW_ZabwMobileGetVideoLearnIsFinishQuery</protocol>
			</service>
						<service>
			<serivcename>ZabwMobileGetVisitorInfoQuery</serivcename>
			<protocol>ZABW_ZabwMobileGetVisitorInfoQuery</protocol>
			</service>
						<service>
			<serivcename>ZabwMobileInsertLearnScoreUpdate</serivcename>
			<protocol>ZABW_ZabwMobileInsertLearnScoreUpdate</protocol>
			</service>
						<service>
			<serivcename>ZabwMobileManagerGetDriverInfoQuery</serivcename>
			<protocol>ZABW_ZabwMobileManagerGetDriverInfoQuery</protocol>
			</service>
						<service>
			<serivcename>ZabwMobileNewestSignQuery</serivcename>
			<protocol>ZABW_ZabwMobileNewestSignQuery</protocol>
			</service>
						<service>
			<serivcename>ZabwMobileServiceCarInfoQuery</serivcename>
			<protocol>ZABW_ZabwMobileServiceCarInfoQuery</protocol>
			</service>
						<service>
			<serivcename>ZabwMobileServiceLogCreatePost</serivcename>
			<protocol>ZABW_ZabwMobileServiceLogCreatePost</protocol>
			</service>
						<service>
			<serivcename>ZabwMobileServiceLogDtlQueryGet</serivcename>
			<protocol>ZABW_ZabwMobileServiceLogDtlQueryGet</protocol>
			</service>
						<service>
			<serivcename>ZabwMobileServiceLogGroupNameQueryGet</serivcename>
			<protocol>ZABW_ZabwMobileServiceLogGroupNameQueryGet</protocol>
			</service>
						<service>
			<serivcename>ZabwMobileServiceLogListQueryGet</serivcename>
			<protocol>ZABW_ZabwMobileServiceLogListQueryGet</protocol>
			</service>
						<service>
			<serivcename>ZabwMobileServiceLogSelectPersonQueryGet</serivcename>
			<protocol>ZABW_ZabwMobileServiceLogSelectPersonQueryGet</protocol>
			</service>
						<service>
			<serivcename>ZabwMobileSetIsFinishVideoLearnUpdate</serivcename>
			<protocol>ZABW_ZabwMobileSetIsFinishVideoLearnUpdate</protocol>
			</service>
						<service>
			<serivcename>ZabwMobileSignCommitmentUpdate</serivcename>
			<protocol>ZABW_ZabwMobileSignCommitmentUpdate</protocol>
			</service>
						<service>
			<serivcename>ZabwMobileSubmitExamForLearnAdd</serivcename>
			<protocol>ZABW_ZabwMobileSubmitExamForLearnAdd</protocol>
			</service>
						<service>
			<serivcename>ZabwMobileTstAllSignCommitmentAdd</serivcename>
			<protocol>ZABW_ZabwMobileTstAllSignCommitmentAdd</protocol>
			</service>
						<service>
			<serivcename>ZabwMobileTstAllSignCommitmentListQuery</serivcename>
			<protocol>ZABW_ZabwMobileTstAllSignCommitmentListQuery</protocol>
			</service>
						<service>
			<serivcename>ZabwMobileTstCheckBank</serivcename>
			<protocol>ZABW_ZabwMobileTstCheckBank</protocol>
			</service>
						<service>
			<serivcename>ZabwMobileTstCheckBankQuery</serivcename>
			<protocol>ZABW_ZabwMobileTstCheckBankQuery</protocol>
			</service>
						<service>
			<serivcename>ZabwMobileTstGetExam</serivcename>
			<protocol>ZABW_ZabwMobileTstGetExam</protocol>
			</service>
						<service>
			<serivcename>ZabwMobileTstGetExamQuery</serivcename>
			<protocol>ZABW_ZabwMobileTstGetExamQuery</protocol>
			</service>
						<service>
			<serivcename>ZabwMobileUploadFiles</serivcename>
			<protocol>ZABW_ZabwMobileUploadFiles</protocol>
			</service>
						<service>
			<serivcename>ZabwMobileUserInfoAdd</serivcename>
			<protocol>ZABW_ZabwMobileUserInfoAdd</protocol>
			</service>
						<service>
			<serivcename>ZabwMobileVideoListQuery</serivcename>
			<protocol>ZABW_ZabwMobileVideoListQuery</protocol>
			</service>
						<service>
			<serivcename>ZabwMobileViewElecDriveLicenseByIdQuery</serivcename>
			<protocol>ZABW_ZabwMobileViewElecDriveLicenseByIdQuery</protocol>
			</service>
						<service>
			<serivcename>ZabwMobileViewFileQuery</serivcename>
			<protocol>ZABW_ZabwMobileViewFileQuery</protocol>
			</service>
						<service>
			<serivcename>ZabwMobileViewSaftyFileQuery</serivcename>
			<protocol>ZABW_ZabwMobileViewSaftyFileQuery</protocol>
			</service>
						<service>
			<serivcename>ZabwMobileViewVideoFileQuery</serivcename>
			<protocol>ZABW_ZabwMobileViewVideoFileQuery</protocol>
			</service>
						<service>
			<serivcename>ZabwMobileXfExamResultQuery</serivcename>
			<protocol>ZABW_ZabwMobileXfExamResultQuery</protocol>
			</service>
						<service>
			<serivcename>ZabwShowRecordDetailById</serivcename>
			<protocol>ZABW_ZabwShowRecordDetailById</protocol>
			</service>
						<service>
			<serivcename>ZabwSubmitRoadRecord</serivcename>
			<protocol>ZABW_ZabwSubmitRoadRecord</protocol>
			</service>
						<service>
			<serivcename>ZabwYQGetOneById</serivcename>
			<protocol>ZABW_ZabwYQGetOneById</protocol>
			</service>
						<service>
			<serivcename>ZabwYQRecieveSendBack</serivcename>
			<protocol>ZABW_ZabwYQRecieveSendBack</protocol>
			</service>
						<service>
			<serivcename>ZhnyWgtrqysclQuery</serivcename>
			<protocol>ZABW_ZhnyWgtrqysclQuery</protocol>
			</service>
						<service>
			<serivcename>ZhyyDataBoardGetPerHourCarCounts</serivcename>
			<protocol>ZABW_ZhyyDataBoardGetPerHourCarCounts</protocol>
			</service>
						<service>
			<serivcename>ZhyyDataBoardPerVehicleCounts</serivcename>
			<protocol>ZABW_ZhyyDataBoardPerVehicleCounts</protocol>
			</service>
							</services>
	</servicesystem>
</servicesystems>