<?xml version="1.0" encoding="UTF-8"?>
<servicesystems>
	<servicesystem>
		<serviceSystemName>ZHAQSYS</serviceSystemName>
		<serviceSystemDesc>智慧安全二期平台</serviceSystemDesc>
		<hostName/>
		<hostIp/>
		<status>add</status>
		
		<protocols>
								<protocol>ZHAQSYS_ZhaqFireAlarmInfoSendToWeChat</protocol>
						<protocol>ZHAQSYS_ZhaqFireAlarmRecordFinish</protocol>
						<protocol>ZHAQSYS_ZhaqFireAlarmRecordSimpleFinish</protocol>
						<protocol>ZHAQSYS_ZhaqMajorHazardGetAlarmByPageAndTime</protocol>
						<protocol>ZHAQSYS_ZhaqMajorHazardGetCameraByPage</protocol>
						<protocol>ZHAQSYS_ZhaqMajorHazardGetCapacityByPageAndTime</protocol>
						<protocol>ZHAQSYS_ZhaqMajorHazardGetCoValueAndAlarmByPage</protocol>
						<protocol>ZHAQSYS_ZhaqMajorHazardGetCoValueByPage</protocol>
						<protocol>ZHAQSYS_ZhaqMajorHazardGetMapTankByPage</protocol>
						<protocol>ZHAQSYS_ZhaqMajorHazardGetPhoneByPage</protocol>
						<protocol>ZHAQSYS_ZhaqMajorHazardGetValueByPage</protocol>
						<protocol>ZHAQ_ZHaqDeviceListScoreQuery</protocol>
						<protocol>ZHAQ_ZhaqBackWaterTemOneListQuery</protocol>
						<protocol>ZHAQ_ZhaqCastBottomAverageTemListQuery</protocol>
						<protocol>ZHAQ_ZhaqCastCoolingWallListQuery</protocol>
						<protocol>ZHAQ_ZhaqCastCopperAverageTemListQuery</protocol>
						<protocol>ZHAQ_ZhaqCastHearthAverageTemListQuery</protocol>
						<protocol>ZHAQ_ZhaqCastIronAverageTemListQuery</protocol>
						<protocol>ZHAQ_ZhaqDeviceHistoryListNewQuery</protocol>
						<protocol>ZHAQ_ZhaqDeviceListByBranchQuery</protocol>
						<protocol>ZHAQ_ZhaqDeviceStatusListQuery</protocol>
						<protocol>ZHAQ_ZhaqDeviceTypeRankingQuery</protocol>
						<protocol>ZHAQ_ZhaqDeviceTypeScoreQuery</protocol>
						<protocol>ZHAQ_ZhaqDeviceWarnInfoListQuery</protocol>
						<protocol>ZHAQ_ZhaqDischargeOneListQuery</protocol>
						<protocol>ZHAQ_ZhaqDischargeOxygenListQuery</protocol>
						<protocol>ZHAQ_ZhaqDischargeWireropeListQuery</protocol>
						<protocol>ZHAQ_ZhaqGetBranchList</protocol>
						<protocol>ZHAQ_ZhaqGetDeviceByIdQuery</protocol>
						<protocol>ZHAQ_ZhaqGetNewTreeByIdQuery</protocol>
						<protocol>ZHAQ_ZhaqGetOnlyTreeByIdQuery</protocol>
						<protocol>ZHAQ_ZhaqGetScoreListNewQuery</protocol>
						<protocol>ZHAQ_ZhaqGetTimeAxisQuery</protocol>
						<protocol>ZHAQ_ZhaqGetTreeAllByIdQuery</protocol>
						<protocol>ZHAQ_ZhaqGetVideoListQuery</protocol>
						<protocol>ZHAQ_ZhaqHistoryListNewQuery</protocol>
						<protocol>ZHAQ_ZhaqListQuery</protocol>
						<protocol>ZHAQ_ZhaqWarnListQuery</protocol>
							</protocols>
		
		<params>
				</params>
		<services>
								<service>
			<serivcename>ZhaqBackWaterTemOneListQuery</serivcename>
			<protocol>ZHAQ_ZhaqBackWaterTemOneListQuery</protocol>
			</service>
						<service>
			<serivcename>ZhaqCastBottomAverageTemListQuery</serivcename>
			<protocol>ZHAQSYS_ZhaqFireAlarmInfoSendToWeChat</protocol>
			</service>
						<service>
			<serivcename>ZhaqCastCoolingWallListQuery</serivcename>
			<protocol>ZHAQ_ZhaqCastCoolingWallListQuery</protocol>
			</service>
						<service>
			<serivcename>ZhaqCastCopperAverageTemListQuery</serivcename>
			<protocol>ZHAQ_ZhaqCastCopperAverageTemListQuery</protocol>
			</service>
						<service>
			<serivcename>ZhaqCastHearthAverageTemListQuery</serivcename>
			<protocol>ZHAQ_ZhaqCastHearthAverageTemListQuery</protocol>
			</service>
						<service>
			<serivcename>ZhaqCastIronAverageTemListQuery</serivcename>
			<protocol>ZHAQ_ZhaqCastIronAverageTemListQuery</protocol>
			</service>
						<service>
			<serivcename>ZhaqDeviceHistoryListNewQuery</serivcename>
			<protocol>ZHAQ_ZhaqDeviceHistoryListNewQuery</protocol>
			</service>
						<service>
			<serivcename>ZhaqDeviceListByBranchQuery</serivcename>
			<protocol>ZHAQ_ZhaqDeviceListByBranchQuery</protocol>
			</service>
						<service>
			<serivcename>ZHaqDeviceListScoreQuery</serivcename>
			<protocol>ZHAQ_ZHaqDeviceListScoreQuery</protocol>
			</service>
						<service>
			<serivcename>ZhaqDeviceStatusListQuery</serivcename>
			<protocol>ZHAQ_ZhaqDeviceStatusListQuery</protocol>
			</service>
						<service>
			<serivcename>ZhaqDeviceTypeRankingQuery</serivcename>
			<protocol>ZHAQ_ZhaqDeviceTypeRankingQuery</protocol>
			</service>
						<service>
			<serivcename>ZhaqDeviceTypeScoreQuery</serivcename>
			<protocol>ZHAQ_ZhaqDeviceTypeScoreQuery</protocol>
			</service>
						<service>
			<serivcename>ZhaqDeviceWarnInfoListQuery</serivcename>
			<protocol>ZHAQ_ZhaqDeviceWarnInfoListQuery</protocol>
			</service>
						<service>
			<serivcename>ZhaqDischargeOneListQuery</serivcename>
			<protocol>ZHAQ_ZhaqDischargeOneListQuery</protocol>
			</service>
						<service>
			<serivcename>ZhaqDischargeOxygenListQuery</serivcename>
			<protocol>ZHAQ_ZhaqDischargeOxygenListQuery</protocol>
			</service>
						<service>
			<serivcename>ZhaqDischargeWireropeListQuery</serivcename>
			<protocol>ZHAQ_ZhaqDischargeWireropeListQuery</protocol>
			</service>
						<service>
			<serivcename>ZhaqFireAlarmInfoSendToWeChat</serivcename>
			<protocol>ZHAQSYS_ZhaqFireAlarmInfoSendToWeChat</protocol>
			</service>
						<service>
			<serivcename>ZhaqFireAlarmRecordFinish</serivcename>
			<protocol>ZHAQSYS_ZhaqFireAlarmRecordFinish</protocol>
			</service>
						<service>
			<serivcename>ZhaqFireAlarmRecordSimpleFinish</serivcename>
			<protocol>ZHAQSYS_ZhaqFireAlarmRecordSimpleFinish</protocol>
			</service>
						<service>
			<serivcename>ZhaqGetBranchList</serivcename>
			<protocol>ZHAQ_ZhaqGetBranchList</protocol>
			</service>
						<service>
			<serivcename>ZhaqGetDeviceByIdQuery</serivcename>
			<protocol>ZHAQ_ZhaqGetDeviceByIdQuery</protocol>
			</service>
						<service>
			<serivcename>ZhaqGetNewTreeByIdQuery</serivcename>
			<protocol>ZHAQ_ZhaqGetNewTreeByIdQuery</protocol>
			</service>
						<service>
			<serivcename>ZhaqGetOnlyTreeByIdQuery</serivcename>
			<protocol>ZHAQ_ZhaqGetOnlyTreeByIdQuery</protocol>
			</service>
						<service>
			<serivcename>ZhaqGetScoreListNewQuery</serivcename>
			<protocol>ZHAQ_ZhaqGetScoreListNewQuery</protocol>
			</service>
						<service>
			<serivcename>ZhaqGetTimeAxisQuery</serivcename>
			<protocol>ZHAQ_ZhaqGetTimeAxisQuery</protocol>
			</service>
						<service>
			<serivcename>ZhaqGetTreeAllByIdQuery</serivcename>
			<protocol>ZHAQ_ZhaqGetTreeAllByIdQuery</protocol>
			</service>
						<service>
			<serivcename>ZhaqGetVideoListQuery</serivcename>
			<protocol>ZHAQ_ZhaqGetVideoListQuery</protocol>
			</service>
						<service>
			<serivcename>ZhaqHistoryListNewQuery</serivcename>
			<protocol>ZHAQ_ZhaqHistoryListNewQuery</protocol>
			</service>
						<service>
			<serivcename>ZhaqListQuery</serivcename>
			<protocol>ZHAQ_ZhaqListQuery</protocol>
			</service>
						<service>
			<serivcename>ZhaqMajorHazardGetAlarmByPageAndTime</serivcename>
			<protocol>ZHAQSYS_ZhaqMajorHazardGetAlarmByPageAndTime</protocol>
			</service>
						<service>
			<serivcename>ZhaqMajorHazardGetCameraByPage</serivcename>
			<protocol>ZHAQSYS_ZhaqMajorHazardGetCameraByPage</protocol>
			</service>
						<service>
			<serivcename>ZhaqMajorHazardGetCapacityByPageAndTime</serivcename>
			<protocol>ZHAQSYS_ZhaqMajorHazardGetCapacityByPageAndTime</protocol>
			</service>
						<service>
			<serivcename>ZhaqMajorHazardGetCoValueAndAlarmByPage</serivcename>
			<protocol>ZHAQSYS_ZhaqMajorHazardGetCoValueAndAlarmByPage</protocol>
			</service>
						<service>
			<serivcename>ZhaqMajorHazardGetCoValueByPage</serivcename>
			<protocol>ZHAQSYS_ZhaqMajorHazardGetCoValueByPage</protocol>
			</service>
						<service>
			<serivcename>ZhaqMajorHazardGetMapTankByPage</serivcename>
			<protocol>ZHAQSYS_ZhaqMajorHazardGetMapTankByPage</protocol>
			</service>
						<service>
			<serivcename>ZhaqMajorHazardGetPhoneByPage</serivcename>
			<protocol>ZHAQSYS_ZhaqMajorHazardGetPhoneByPage</protocol>
			</service>
						<service>
			<serivcename>ZhaqMajorHazardGetValueByPage</serivcename>
			<protocol>ZHAQSYS_ZhaqMajorHazardGetValueByPage</protocol>
			</service>
						<service>
			<serivcename>ZhaqWarnListQuery</serivcename>
			<protocol>ZHAQ_ZhaqWarnListQuery</protocol>
			</service>
							</services>
	</servicesystem>
</servicesystems>