<?xml version="1.0" encoding="UTF-8"?>
<servicesystems>
	<servicesystem>
		<serviceSystemName>ZHHBSYS</serviceSystemName>
		<serviceSystemDesc>南钢智慧环保管理平台</serviceSystemDesc>
		<hostName/>
		<hostIp/>
		<status>add</status>
		
		<protocols>
								<protocol>ZHHBSYS_ZhhbMobileAttachDeleteFileById</protocol>
						<protocol>ZHHBSYS_ZhhbMobileAttachGetRelatives</protocol>
						<protocol>ZHHBSYS_ZhhbMobileAttachList</protocol>
						<protocol>ZHHBSYS_ZhhbMobileAttachUpload</protocol>
						<protocol>ZHHBSYS_ZhhbMobileAuthCheck</protocol>
						<protocol>ZHHBSYS_ZhhbMobileDepartmentDeptList</protocol>
						<protocol>ZHHBSYS_ZhhbMobileDepartmentGetChildDeptById</protocol>
						<protocol>ZHHBSYS_ZhhbMobileDictGetMapByDicSn</protocol>
						<protocol>ZHHBSYS_ZhhbMobileFilingGetById</protocol>
						<protocol>ZHHBSYS_ZhhbMobileFilingGetFilingStateType</protocol>
						<protocol>ZHHBSYS_ZhhbMobileFilingList</protocol>
						<protocol>ZHHBSYS_ZhhbMobileFilingRemove</protocol>
						<protocol>ZHHBSYS_ZhhbMobileFilingSave</protocol>
						<protocol>ZHHBSYS_ZhhbMobileFilingSelectById</protocol>
						<protocol>ZHHBSYS_ZhhbMobileFilingSign</protocol>
						<protocol>ZHHBSYS_ZhhbMobileFilingStartFlow</protocol>
						<protocol>ZHHBSYS_ZhhbMobileFilingUpdate</protocol>
						<protocol>ZHHBSYS_ZhhbMobileGetAuthToken</protocol>
						<protocol>ZHHBSYS_ZhhbMobileGovCheckCheckItems</protocol>
						<protocol>ZHHBSYS_ZhhbMobileGovCheckCheckState</protocol>
						<protocol>ZHHBSYS_ZhhbMobileGovCheckList</protocol>
						<protocol>ZHHBSYS_ZhhbMobileGovCheckRemoveFlow</protocol>
						<protocol>ZHHBSYS_ZhhbMobileGovCheckSave</protocol>
						<protocol>ZHHBSYS_ZhhbMobileGovCheckSendCharge</protocol>
						<protocol>ZHHBSYS_ZhhbMobileGovCheckUpdateById</protocol>
						<protocol>ZHHBSYS_ZhhbMobileGovPunishGetById</protocol>
						<protocol>ZHHBSYS_ZhhbMobileGovPunishList</protocol>
						<protocol>ZHHBSYS_ZhhbMobileGovPunishRemove</protocol>
						<protocol>ZHHBSYS_ZhhbMobileGovPunishSave</protocol>
						<protocol>ZHHBSYS_ZhhbMobileGovPunishUpdateById</protocol>
						<protocol>ZHHBSYS_ZhhbMobileImproveItemGetById</protocol>
						<protocol>ZHHBSYS_ZhhbMobileImproveItemImproveResultSave</protocol>
						<protocol>ZHHBSYS_ZhhbMobileImproveItemItemDetailList</protocol>
						<protocol>ZHHBSYS_ZhhbMobileImproveItemItemDetailListForGov</protocol>
						<protocol>ZHHBSYS_ZhhbMobileImproveItemItemDetailListForInner</protocol>
						<protocol>ZHHBSYS_ZhhbMobileImproveItemListByCheckId</protocol>
						<protocol>ZHHBSYS_ZhhbMobileImproveItemListByCheckIdForGov</protocol>
						<protocol>ZHHBSYS_ZhhbMobileImproveItemSendRealCharge</protocol>
						<protocol>ZHHBSYS_ZhhbMobileImproveItemStartFlow</protocol>
						<protocol>ZHHBSYS_ZhhbMobileInnerCheckCheckItems</protocol>
						<protocol>ZHHBSYS_ZhhbMobileInnerCheckCheckState</protocol>
						<protocol>ZHHBSYS_ZhhbMobileInnerCheckList</protocol>
						<protocol>ZHHBSYS_ZhhbMobileInnerCheckRemoveFlow</protocol>
						<protocol>ZHHBSYS_ZhhbMobileInnerCheckSave</protocol>
						<protocol>ZHHBSYS_ZhhbMobileInnerCheckSendCharge</protocol>
						<protocol>ZHHBSYS_ZhhbMobileInnerCheckUpdateById</protocol>
						<protocol>ZHHBSYS_ZhhbMobileMonitorResultLookMessage</protocol>
						<protocol>ZHHBSYS_ZhhbMobileMonitorResultSign</protocol>
						<protocol>ZHHBSYS_ZhhbMobilePointGetByVentDetailsId</protocol>
						<protocol>ZHHBSYS_ZhhbMobilePointValueGetById</protocol>
						<protocol>ZHHBSYS_ZhhbMobilePointValueSign</protocol>
						<protocol>ZHHBSYS_ZhhbMobileRehearseEnd</protocol>
						<protocol>ZHHBSYS_ZhhbMobileRehearseEvaluateGetByRehearsePeopleId</protocol>
						<protocol>ZHHBSYS_ZhhbMobileRehearseEvaluateSave</protocol>
						<protocol>ZHHBSYS_ZhhbMobileRehearseEvaluateSelectEvaluatePeo</protocol>
						<protocol>ZHHBSYS_ZhhbMobileRehearseGetDetailsById</protocol>
						<protocol>ZHHBSYS_ZhhbMobileRehearseGetEpRehearseState</protocol>
						<protocol>ZHHBSYS_ZhhbMobileRehearseList</protocol>
						<protocol>ZHHBSYS_ZhhbMobileRehearsePeopleGetByRehearseId</protocol>
						<protocol>ZHHBSYS_ZhhbMobileRehearsePeopleSign</protocol>
						<protocol>ZHHBSYS_ZhhbMobileRehearsePlanGetById</protocol>
						<protocol>ZHHBSYS_ZhhbMobileRehearsePlanList</protocol>
						<protocol>ZHHBSYS_ZhhbMobileRehearsePlanRemove</protocol>
						<protocol>ZHHBSYS_ZhhbMobileRehearsePlanSave</protocol>
						<protocol>ZHHBSYS_ZhhbMobileRehearsePlanUpdate</protocol>
						<protocol>ZHHBSYS_ZhhbMobileRehearseRelease</protocol>
						<protocol>ZHHBSYS_ZhhbMobileRehearseRemove</protocol>
						<protocol>ZHHBSYS_ZhhbMobileRehearseSave</protocol>
						<protocol>ZHHBSYS_ZhhbMobileRehearseUpdate</protocol>
						<protocol>ZHHBSYS_ZhhbMobileSmokeWarnPush</protocol>
						<protocol>ZHHBSYS_ZhhbMobileSourceMoveEnterLibrary</protocol>
						<protocol>ZHHBSYS_ZhhbMobileSourceMoveOutLibrary</protocol>
						<protocol>ZHHBSYS_ZhhbMobileSourceMoveSelectList</protocol>
						<protocol>ZHHBSYS_ZhhbMobileTrainEnd</protocol>
						<protocol>ZHHBSYS_ZhhbMobileTrainEvaluateGetByTrainPeopleId</protocol>
						<protocol>ZHHBSYS_ZhhbMobileTrainEvaluateSave</protocol>
						<protocol>ZHHBSYS_ZhhbMobileTrainEvaluateSelectEvaluatePeo</protocol>
						<protocol>ZHHBSYS_ZhhbMobileTrainGetDetailsById</protocol>
						<protocol>ZHHBSYS_ZhhbMobileTrainGetEpTrainState</protocol>
						<protocol>ZHHBSYS_ZhhbMobileTrainList</protocol>
						<protocol>ZHHBSYS_ZhhbMobileTrainPeopleGetByTrainId</protocol>
						<protocol>ZHHBSYS_ZhhbMobileTrainPeopleSign</protocol>
						<protocol>ZHHBSYS_ZhhbMobileTrainPlanGetById</protocol>
						<protocol>ZHHBSYS_ZhhbMobileTrainPlanGetEpTrainPlanStatue</protocol>
						<protocol>ZHHBSYS_ZhhbMobileTrainPlanList</protocol>
						<protocol>ZHHBSYS_ZhhbMobileTrainPlanRemove</protocol>
						<protocol>ZHHBSYS_ZhhbMobileTrainPlanSave</protocol>
						<protocol>ZHHBSYS_ZhhbMobileTrainPlanUpdate</protocol>
						<protocol>ZHHBSYS_ZhhbMobileTrainRelease</protocol>
						<protocol>ZHHBSYS_ZhhbMobileTrainRemove</protocol>
						<protocol>ZHHBSYS_ZhhbMobileTrainSave</protocol>
						<protocol>ZHHBSYS_ZhhbMobileTrainUpdate</protocol>
						<protocol>ZHHBSYS_ZhhbMobileUserList</protocol>
						<protocol>ZHHBSYS_ZhhbMobileUserListByUserNos</protocol>
						<protocol>ZHHBSYS_ZhhbMobileVentDetailsGetYxAllList</protocol>
						<protocol>ZHHBSYS_ZhhbMobileVentGetPointFactor</protocol>
						<protocol>ZHHBSYS_ZhhbZhyyDpDataSybData</protocol>
						<protocol>ZHHBSYS_ZhhbZhyyDpDataWasteData</protocol>
						<protocol>ZHHB_ZhhbNgnyythFilingListAll</protocol>
							</protocols>
		
		<params>
				</params>
		<services>
								<service>
			<serivcename>ZhhbMobileAttachDeleteFileById</serivcename>
			<protocol>ZHHBSYS_ZhhbMobileAttachDeleteFileById</protocol>
			</service>
						<service>
			<serivcename>ZhhbMobileAttachGetRelatives</serivcename>
			<protocol>ZHHBSYS_ZhhbMobileAttachGetRelatives</protocol>
			</service>
						<service>
			<serivcename>ZhhbMobileAttachList</serivcename>
			<protocol>ZHHBSYS_ZhhbMobileAttachList</protocol>
			</service>
						<service>
			<serivcename>ZhhbMobileAttachUpload</serivcename>
			<protocol>ZHHBSYS_ZhhbMobileAttachUpload</protocol>
			</service>
						<service>
			<serivcename>ZhhbMobileAuthCheck</serivcename>
			<protocol>ZHHBSYS_ZhhbMobileAuthCheck</protocol>
			</service>
						<service>
			<serivcename>ZhhbMobileDepartmentDeptList</serivcename>
			<protocol>ZHHBSYS_ZhhbMobileDepartmentDeptList</protocol>
			</service>
						<service>
			<serivcename>ZhhbMobileDepartmentGetChildDeptById</serivcename>
			<protocol>ZHHBSYS_ZhhbMobileDepartmentGetChildDeptById</protocol>
			</service>
						<service>
			<serivcename>ZhhbMobileDictGetMapByDicSn</serivcename>
			<protocol>ZHHBSYS_ZhhbMobileDictGetMapByDicSn</protocol>
			</service>
						<service>
			<serivcename>ZhhbMobileFilingGetById</serivcename>
			<protocol>ZHHBSYS_ZhhbMobileFilingGetById</protocol>
			</service>
						<service>
			<serivcename>ZhhbMobileFilingGetFilingStateType</serivcename>
			<protocol>ZHHBSYS_ZhhbMobileFilingGetFilingStateType</protocol>
			</service>
						<service>
			<serivcename>ZhhbMobileFilingList</serivcename>
			<protocol>ZHHBSYS_ZhhbMobileFilingList</protocol>
			</service>
						<service>
			<serivcename>ZhhbMobileFilingRemove</serivcename>
			<protocol>ZHHBSYS_ZhhbMobileFilingRemove</protocol>
			</service>
						<service>
			<serivcename>ZhhbMobileFilingSave</serivcename>
			<protocol>ZHHBSYS_ZhhbMobileFilingSave</protocol>
			</service>
						<service>
			<serivcename>ZhhbMobileFilingSelectById</serivcename>
			<protocol>ZHHBSYS_ZhhbMobileFilingSelectById</protocol>
			</service>
						<service>
			<serivcename>ZhhbMobileFilingSign</serivcename>
			<protocol>ZHHBSYS_ZhhbMobileFilingSign</protocol>
			</service>
						<service>
			<serivcename>ZhhbMobileFilingStartFlow</serivcename>
			<protocol>ZHHBSYS_ZhhbMobileFilingStartFlow</protocol>
			</service>
						<service>
			<serivcename>ZhhbMobileFilingUpdate</serivcename>
			<protocol>ZHHBSYS_ZhhbMobileFilingUpdate</protocol>
			</service>
						<service>
			<serivcename>ZhhbMobileGetAuthToken</serivcename>
			<protocol>ZHHBSYS_ZhhbMobileGetAuthToken</protocol>
			</service>
						<service>
			<serivcename>ZhhbMobileGovCheckCheckItems</serivcename>
			<protocol>ZHHBSYS_ZhhbMobileGovCheckCheckItems</protocol>
			</service>
						<service>
			<serivcename>ZhhbMobileGovCheckCheckState</serivcename>
			<protocol>ZHHBSYS_ZhhbMobileGovCheckCheckState</protocol>
			</service>
						<service>
			<serivcename>ZhhbMobileGovCheckList</serivcename>
			<protocol>ZHHBSYS_ZhhbMobileGovCheckList</protocol>
			</service>
						<service>
			<serivcename>ZhhbMobileGovCheckRemoveFlow</serivcename>
			<protocol>ZHHBSYS_ZhhbMobileGovCheckRemoveFlow</protocol>
			</service>
						<service>
			<serivcename>ZhhbMobileGovCheckSave</serivcename>
			<protocol>ZHHBSYS_ZhhbMobileGovCheckSave</protocol>
			</service>
						<service>
			<serivcename>ZhhbMobileGovCheckSendCharge</serivcename>
			<protocol>ZHHBSYS_ZhhbMobileGovCheckSendCharge</protocol>
			</service>
						<service>
			<serivcename>ZhhbMobileGovCheckUpdateById</serivcename>
			<protocol>ZHHBSYS_ZhhbMobileGovCheckUpdateById</protocol>
			</service>
						<service>
			<serivcename>ZhhbMobileGovPunishGetById</serivcename>
			<protocol>ZHHBSYS_ZhhbMobileGovPunishGetById</protocol>
			</service>
						<service>
			<serivcename>ZhhbMobileGovPunishList</serivcename>
			<protocol>ZHHBSYS_ZhhbMobileGovPunishList</protocol>
			</service>
						<service>
			<serivcename>ZhhbMobileGovPunishRemove</serivcename>
			<protocol>ZHHBSYS_ZhhbMobileGovPunishRemove</protocol>
			</service>
						<service>
			<serivcename>ZhhbMobileGovPunishSave</serivcename>
			<protocol>ZHHBSYS_ZhhbMobileGovPunishSave</protocol>
			</service>
						<service>
			<serivcename>ZhhbMobileGovPunishUpdateById</serivcename>
			<protocol>ZHHBSYS_ZhhbMobileGovPunishUpdateById</protocol>
			</service>
						<service>
			<serivcename>ZhhbMobileImproveItemGetById</serivcename>
			<protocol>ZHHBSYS_ZhhbMobileImproveItemGetById</protocol>
			</service>
						<service>
			<serivcename>ZhhbMobileImproveItemImproveResultSave</serivcename>
			<protocol>ZHHBSYS_ZhhbMobileImproveItemImproveResultSave</protocol>
			</service>
						<service>
			<serivcename>ZhhbMobileImproveItemItemDetailList</serivcename>
			<protocol>ZHHBSYS_ZhhbMobileImproveItemItemDetailList</protocol>
			</service>
						<service>
			<serivcename>ZhhbMobileImproveItemItemDetailListForGov</serivcename>
			<protocol>ZHHBSYS_ZhhbMobileImproveItemItemDetailListForGov</protocol>
			</service>
						<service>
			<serivcename>ZhhbMobileImproveItemItemDetailListForInner</serivcename>
			<protocol>ZHHBSYS_ZhhbMobileImproveItemItemDetailListForInner</protocol>
			</service>
						<service>
			<serivcename>ZhhbMobileImproveItemListByCheckId</serivcename>
			<protocol>ZHHBSYS_ZhhbMobileImproveItemListByCheckId</protocol>
			</service>
						<service>
			<serivcename>ZhhbMobileImproveItemListByCheckIdForGov</serivcename>
			<protocol>ZHHBSYS_ZhhbMobileImproveItemListByCheckIdForGov</protocol>
			</service>
						<service>
			<serivcename>ZhhbMobileImproveItemSendRealCharge</serivcename>
			<protocol>ZHHBSYS_ZhhbMobileImproveItemSendRealCharge</protocol>
			</service>
						<service>
			<serivcename>ZhhbMobileImproveItemStartFlow</serivcename>
			<protocol>ZHHBSYS_ZhhbMobileImproveItemStartFlow</protocol>
			</service>
						<service>
			<serivcename>ZhhbMobileInnerCheckCheckItems</serivcename>
			<protocol>ZHHBSYS_ZhhbMobileInnerCheckCheckItems</protocol>
			</service>
						<service>
			<serivcename>ZhhbMobileInnerCheckCheckState</serivcename>
			<protocol>ZHHBSYS_ZhhbMobileInnerCheckCheckState</protocol>
			</service>
						<service>
			<serivcename>ZhhbMobileInnerCheckList</serivcename>
			<protocol>ZHHBSYS_ZhhbMobileInnerCheckList</protocol>
			</service>
						<service>
			<serivcename>ZhhbMobileInnerCheckRemoveFlow</serivcename>
			<protocol>ZHHBSYS_ZhhbMobileInnerCheckRemoveFlow</protocol>
			</service>
						<service>
			<serivcename>ZhhbMobileInnerCheckSave</serivcename>
			<protocol>ZHHBSYS_ZhhbMobileInnerCheckSave</protocol>
			</service>
						<service>
			<serivcename>ZhhbMobileInnerCheckSendCharge</serivcename>
			<protocol>ZHHBSYS_ZhhbMobileInnerCheckSendCharge</protocol>
			</service>
						<service>
			<serivcename>ZhhbMobileInnerCheckUpdateById</serivcename>
			<protocol>ZHHBSYS_ZhhbMobileInnerCheckUpdateById</protocol>
			</service>
						<service>
			<serivcename>ZhhbMobileMonitorResultLookMessage</serivcename>
			<protocol>ZHHBSYS_ZhhbMobileMonitorResultLookMessage</protocol>
			</service>
						<service>
			<serivcename>ZhhbMobileMonitorResultSign</serivcename>
			<protocol>ZHHBSYS_ZhhbMobileMonitorResultSign</protocol>
			</service>
						<service>
			<serivcename>ZhhbMobilePointGetByVentDetailsId</serivcename>
			<protocol>ZHHBSYS_ZhhbMobilePointGetByVentDetailsId</protocol>
			</service>
						<service>
			<serivcename>ZhhbMobilePointValueGetById</serivcename>
			<protocol>ZHHBSYS_ZhhbMobilePointValueGetById</protocol>
			</service>
						<service>
			<serivcename>ZhhbMobilePointValueSign</serivcename>
			<protocol>ZHHBSYS_ZhhbMobilePointValueSign</protocol>
			</service>
						<service>
			<serivcename>ZhhbMobileRehearseEnd</serivcename>
			<protocol>ZHHBSYS_ZhhbMobileRehearseEnd</protocol>
			</service>
						<service>
			<serivcename>ZhhbMobileRehearseEvaluateGetByRehearsePeopleId</serivcename>
			<protocol>ZHHBSYS_ZhhbMobileRehearseEvaluateGetByRehearsePeopleId</protocol>
			</service>
						<service>
			<serivcename>ZhhbMobileRehearseEvaluateSave</serivcename>
			<protocol>ZHHBSYS_ZhhbMobileRehearseEvaluateSave</protocol>
			</service>
						<service>
			<serivcename>ZhhbMobileRehearseEvaluateSelectEvaluatePeo</serivcename>
			<protocol>ZHHBSYS_ZhhbMobileRehearseEvaluateSelectEvaluatePeo</protocol>
			</service>
						<service>
			<serivcename>ZhhbMobileRehearseGetDetailsById</serivcename>
			<protocol>ZHHBSYS_ZhhbMobileRehearseGetDetailsById</protocol>
			</service>
						<service>
			<serivcename>ZhhbMobileRehearseGetEpRehearseState</serivcename>
			<protocol>ZHHBSYS_ZhhbMobileRehearseGetEpRehearseState</protocol>
			</service>
						<service>
			<serivcename>ZhhbMobileRehearseList</serivcename>
			<protocol>ZHHBSYS_ZhhbMobileRehearseList</protocol>
			</service>
						<service>
			<serivcename>ZhhbMobileRehearsePeopleGetByRehearseId</serivcename>
			<protocol>ZHHBSYS_ZhhbMobileRehearsePeopleGetByRehearseId</protocol>
			</service>
						<service>
			<serivcename>ZhhbMobileRehearsePeopleSign</serivcename>
			<protocol>ZHHBSYS_ZhhbMobileRehearsePeopleSign</protocol>
			</service>
						<service>
			<serivcename>ZhhbMobileRehearsePlanGetById</serivcename>
			<protocol>ZHHBSYS_ZhhbMobileRehearsePlanGetById</protocol>
			</service>
						<service>
			<serivcename>ZhhbMobileRehearsePlanList</serivcename>
			<protocol>ZHHBSYS_ZhhbMobileRehearsePlanList</protocol>
			</service>
						<service>
			<serivcename>ZhhbMobileRehearsePlanRemove</serivcename>
			<protocol>ZHHBSYS_ZhhbMobileRehearsePlanRemove</protocol>
			</service>
						<service>
			<serivcename>ZhhbMobileRehearsePlanSave</serivcename>
			<protocol>ZHHBSYS_ZhhbMobileRehearsePlanSave</protocol>
			</service>
						<service>
			<serivcename>ZhhbMobileRehearsePlanUpdate</serivcename>
			<protocol>ZHHBSYS_ZhhbMobileRehearsePlanUpdate</protocol>
			</service>
						<service>
			<serivcename>ZhhbMobileRehearseRelease</serivcename>
			<protocol>ZHHBSYS_ZhhbMobileRehearseRelease</protocol>
			</service>
						<service>
			<serivcename>ZhhbMobileRehearseRemove</serivcename>
			<protocol>ZHHBSYS_ZhhbMobileRehearseRemove</protocol>
			</service>
						<service>
			<serivcename>ZhhbMobileRehearseSave</serivcename>
			<protocol>ZHHBSYS_ZhhbMobileRehearseSave</protocol>
			</service>
						<service>
			<serivcename>ZhhbMobileRehearseUpdate</serivcename>
			<protocol>ZHHBSYS_ZhhbMobileRehearseUpdate</protocol>
			</service>
						<service>
			<serivcename>ZhhbMobileSmokeWarnPush</serivcename>
			<protocol>ZHHBSYS_ZhhbMobileSmokeWarnPush</protocol>
			</service>
						<service>
			<serivcename>ZhhbMobileSourceMoveEnterLibrary</serivcename>
			<protocol>ZHHBSYS_ZhhbMobileSourceMoveEnterLibrary</protocol>
			</service>
						<service>
			<serivcename>ZhhbMobileSourceMoveOutLibrary</serivcename>
			<protocol>ZHHBSYS_ZhhbMobileSourceMoveOutLibrary</protocol>
			</service>
						<service>
			<serivcename>ZhhbMobileSourceMoveSelectList</serivcename>
			<protocol>ZHHBSYS_ZhhbMobileSourceMoveSelectList</protocol>
			</service>
						<service>
			<serivcename>ZhhbMobileTrainEnd</serivcename>
			<protocol>ZHHBSYS_ZhhbMobileTrainEnd</protocol>
			</service>
						<service>
			<serivcename>ZhhbMobileTrainEvaluateGetByTrainPeopleId</serivcename>
			<protocol>ZHHBSYS_ZhhbMobileTrainEvaluateGetByTrainPeopleId</protocol>
			</service>
						<service>
			<serivcename>ZhhbMobileTrainEvaluateSave</serivcename>
			<protocol>ZHHBSYS_ZhhbMobileTrainEvaluateSave</protocol>
			</service>
						<service>
			<serivcename>ZhhbMobileTrainEvaluateSelectEvaluatePeo</serivcename>
			<protocol>ZHHBSYS_ZhhbMobileTrainEvaluateSelectEvaluatePeo</protocol>
			</service>
						<service>
			<serivcename>ZhhbMobileTrainGetDetailsById</serivcename>
			<protocol>ZHHBSYS_ZhhbMobileTrainGetDetailsById</protocol>
			</service>
						<service>
			<serivcename>ZhhbMobileTrainGetEpTrainState</serivcename>
			<protocol>ZHHBSYS_ZhhbMobileTrainGetEpTrainState</protocol>
			</service>
						<service>
			<serivcename>ZhhbMobileTrainList</serivcename>
			<protocol>ZHHBSYS_ZhhbMobileTrainList</protocol>
			</service>
						<service>
			<serivcename>ZhhbMobileTrainPeopleGetByTrainId</serivcename>
			<protocol>ZHHBSYS_ZhhbMobileTrainPeopleGetByTrainId</protocol>
			</service>
						<service>
			<serivcename>ZhhbMobileTrainPeopleSign</serivcename>
			<protocol>ZHHBSYS_ZhhbMobileTrainPeopleSign</protocol>
			</service>
						<service>
			<serivcename>ZhhbMobileTrainPlanGetById</serivcename>
			<protocol>ZHHBSYS_ZhhbMobileTrainPlanGetById</protocol>
			</service>
						<service>
			<serivcename>ZhhbMobileTrainPlanGetEpTrainPlanStatue</serivcename>
			<protocol>ZHHBSYS_ZhhbMobileTrainPlanGetEpTrainPlanStatue</protocol>
			</service>
						<service>
			<serivcename>ZhhbMobileTrainPlanList</serivcename>
			<protocol>ZHHBSYS_ZhhbMobileTrainPlanList</protocol>
			</service>
						<service>
			<serivcename>ZhhbMobileTrainPlanRemove</serivcename>
			<protocol>ZHHBSYS_ZhhbMobileTrainPlanRemove</protocol>
			</service>
						<service>
			<serivcename>ZhhbMobileTrainPlanSave</serivcename>
			<protocol>ZHHBSYS_ZhhbMobileTrainPlanSave</protocol>
			</service>
						<service>
			<serivcename>ZhhbMobileTrainPlanUpdate</serivcename>
			<protocol>ZHHBSYS_ZhhbMobileTrainPlanUpdate</protocol>
			</service>
						<service>
			<serivcename>ZhhbMobileTrainRelease</serivcename>
			<protocol>ZHHBSYS_ZhhbMobileTrainRelease</protocol>
			</service>
						<service>
			<serivcename>ZhhbMobileTrainRemove</serivcename>
			<protocol>ZHHBSYS_ZhhbMobileTrainRemove</protocol>
			</service>
						<service>
			<serivcename>ZhhbMobileTrainSave</serivcename>
			<protocol>ZHHBSYS_ZhhbMobileTrainSave</protocol>
			</service>
						<service>
			<serivcename>ZhhbMobileTrainUpdate</serivcename>
			<protocol>ZHHBSYS_ZhhbMobileTrainUpdate</protocol>
			</service>
						<service>
			<serivcename>ZhhbMobileUserList</serivcename>
			<protocol>ZHHBSYS_ZhhbMobileUserList</protocol>
			</service>
						<service>
			<serivcename>ZhhbMobileUserListByUserNos</serivcename>
			<protocol>ZHHBSYS_ZhhbMobileUserListByUserNos</protocol>
			</service>
						<service>
			<serivcename>ZhhbMobileVentDetailsGetYxAllList</serivcename>
			<protocol>ZHHBSYS_ZhhbMobileVentDetailsGetYxAllList</protocol>
			</service>
						<service>
			<serivcename>ZhhbMobileVentGetPointFactor</serivcename>
			<protocol>ZHHBSYS_ZhhbMobileVentGetPointFactor</protocol>
			</service>
						<service>
			<serivcename>ZhhbNgnyythFilingListAll</serivcename>
			<protocol>ZHHB_ZhhbNgnyythFilingListAll</protocol>
			</service>
						<service>
			<serivcename>ZhhbZhyyDpDataSybData</serivcename>
			<protocol>ZHHBSYS_ZhhbZhyyDpDataSybData</protocol>
			</service>
						<service>
			<serivcename>ZhhbZhyyDpDataWasteData</serivcename>
			<protocol>ZHHBSYS_ZhhbZhyyDpDataWasteData</protocol>
			</service>
							</services>
	</servicesystem>
</servicesystems>