<?xml version="1.0" encoding="UTF-8"?>
<servicesystems>
	<servicesystem>
		<serviceSystemName>ZHJJDB</serviceSystemName>
		<serviceSystemDesc>智慧纪检数据库</serviceSystemDesc>
		<hostName/>
		<hostIp/>
		<status>add</status>
		
		<protocols>
								<protocol>ZHJJDB_DeptRsikRatioQuery</protocol>
						<protocol>ZHJJDB_RiskAmountRatioQuery</protocol>
						<protocol>ZHJJDB_RiskCountQuery</protocol>
						<protocol>ZHJJDB_RiskModelDetailQuery</protocol>
						<protocol>ZHJJDB_RiskModelRatioQuery</protocol>
						<protocol>ZHJJDB_RiskTypeCountQuery</protocol>
						<protocol>ZHJJDB_RiskTypeRatioQuery</protocol>
						<protocol>ZHJJDB_RsikChangeQuery</protocol>
						<protocol>ZHJJDB_SupplyRiskRatioQuery</protocol>
						<protocol>ZHJJDB_consumeQuery</protocol>
						<protocol>ZHJJDB_contractAmountQuery</protocol>
						<protocol>ZHJJDB_deductionRatioTopQuery</protocol>
						<protocol>ZHJJDB_delayTopQuery</protocol>
						<protocol>ZHJJDB_productionQuery</protocol>
						<protocol>ZHJJDB_qualityTopQuery</protocol>
						<protocol>ZHJJDB_riskAmountQuery</protocol>
						<protocol>ZHJJDB_riskHistoryQuery</protocol>
						<protocol>ZHJJDB_riskOverviewQuery</protocol>
						<protocol>ZHJJDB_supplierBlacklistQuery</protocol>
						<protocol>ZHJJDB_supplyTopQuery</protocol>
						<protocol>ZHJJDB_tenderProjectQuery</protocol>
						<protocol>ZHJJDB_viewRatioQuery</protocol>
							</protocols>
		
		<params>
				</params>
		<services>
								<service>
			<serivcename>consumeQuery</serivcename>
			<protocol>ZHJJDB_consumeQuery</protocol>
			</service>
						<service>
			<serivcename>contractAmountQuery</serivcename>
			<protocol>ZHJJDB_contractAmountQuery</protocol>
			</service>
						<service>
			<serivcename>deductionRatioTopQuery</serivcename>
			<protocol>ZHJJDB_deductionRatioTopQuery</protocol>
			</service>
						<service>
			<serivcename>delayTopQuery</serivcename>
			<protocol>ZHJJDB_delayTopQuery</protocol>
			</service>
						<service>
			<serivcename>DeptRsikRatioQuery</serivcename>
			<protocol>ZHJJDB_DeptRsikRatioQuery</protocol>
			</service>
						<service>
			<serivcename>productionQuery</serivcename>
			<protocol>ZHJJDB_productionQuery</protocol>
			</service>
						<service>
			<serivcename>qualityTopQuery</serivcename>
			<protocol>ZHJJDB_qualityTopQuery</protocol>
			</service>
						<service>
			<serivcename>riskAmountQuery</serivcename>
			<protocol>ZHJJDB_riskAmountQuery</protocol>
			</service>
						<service>
			<serivcename>RiskAmountRatioQuery</serivcename>
			<protocol>ZHJJDB_RiskAmountRatioQuery</protocol>
			</service>
						<service>
			<serivcename>RiskCountQuery</serivcename>
			<protocol>ZHJJDB_RiskCountQuery</protocol>
			</service>
						<service>
			<serivcename>riskHistoryQuery</serivcename>
			<protocol>ZHJJDB_riskHistoryQuery</protocol>
			</service>
						<service>
			<serivcename>RiskModelDetailQuery</serivcename>
			<protocol>ZHJJDB_RiskModelDetailQuery</protocol>
			</service>
						<service>
			<serivcename>RiskModelRatioQuery</serivcename>
			<protocol>ZHJJDB_RiskModelRatioQuery</protocol>
			</service>
						<service>
			<serivcename>riskOverviewQuery</serivcename>
			<protocol>ZHJJDB_riskOverviewQuery</protocol>
			</service>
						<service>
			<serivcename>RiskTypeCountQuery</serivcename>
			<protocol>ZHJJDB_RiskTypeCountQuery</protocol>
			</service>
						<service>
			<serivcename>RiskTypeRatioQuery</serivcename>
			<protocol>ZHJJDB_RiskTypeRatioQuery</protocol>
			</service>
						<service>
			<serivcename>RsikChangeQuery</serivcename>
			<protocol>ZHJJDB_RsikChangeQuery</protocol>
			</service>
						<service>
			<serivcename>supplierBlacklistQuery</serivcename>
			<protocol>ZHJJDB_supplierBlacklistQuery</protocol>
			</service>
						<service>
			<serivcename>SupplyRiskRatioQuery</serivcename>
			<protocol>ZHJJDB_SupplyRiskRatioQuery</protocol>
			</service>
						<service>
			<serivcename>supplyTopQuery</serivcename>
			<protocol>ZHJJDB_supplyTopQuery</protocol>
			</service>
						<service>
			<serivcename>tenderProjectQuery</serivcename>
			<protocol>ZHJJDB_tenderProjectQuery</protocol>
			</service>
						<service>
			<serivcename>viewRatioQuery</serivcename>
			<protocol>ZHJJDB_viewRatioQuery</protocol>
			</service>
							</services>
	</servicesystem>
</servicesystems>