<?xml version="1.0" encoding="UTF-8"?>
<servicesystems>
	<servicesystem>
		<serviceSystemName>ZHLZ</serviceSystemName>
		<serviceSystemDesc>智慧廉政系统</serviceSystemDesc>
		<hostName/>
		<hostIp/>
		<status>add</status>
		
		<protocols>
								<protocol>ZHLZ_AppCheckQuery</protocol>
						<protocol>ZHLZ_DeptDetailQuery</protocol>
						<protocol>ZHLZ_DisciplineQuery</protocol>
						<protocol>ZHLZ_DuUserQuery</protocol>
						<protocol>ZHLZ_FileDelete</protocol>
						<protocol>ZHLZ_FileUpload</protocol>
						<protocol>ZHLZ_FourStatusQuery</protocol>
						<protocol>ZHLZ_HrmService</protocol>
						<protocol>ZHLZ_KnowledgeQuery</protocol>
						<protocol>ZHLZ_MyTodoAllQuery</protocol>
						<protocol>ZHLZ_MytodoQuery</protocol>
						<protocol>ZHLZ_NoticeQuery</protocol>
						<protocol>ZHLZ_PetitionQuery</protocol>
						<protocol>ZHLZ_PlanAdd</protocol>
						<protocol>ZHLZ_PlanDetailQuery</protocol>
						<protocol>ZHLZ_PlanListQuery</protocol>
						<protocol>ZHLZ_PunishmentedInfoDeptQuery</protocol>
						<protocol>ZHLZ_PunishmentedInfoUserQuery</protocol>
						<protocol>ZHLZ_ReportDataByYearQuery</protocol>
						<protocol>ZHLZ_ZhlzWorkflowService</protocol>
						<protocol>ZHLZ_ZhyyZhjdCjzmx</protocol>
						<protocol>ZHLZ_ZhyyZhjdJhybhgTop</protocol>
						<protocol>ZHLZ_ZhyyZhjdYwlyyjzjd</protocol>
						<protocol>ZHLZ_ZhyyZhjdZlbhgjcjztj</protocol>
						<protocol>ZHLZ_ZhyyZhjdZlbhgmx</protocol>
							</protocols>
		
		<params>
				</params>
		<services>
								<service>
			<serivcename>AppCheckQuery</serivcename>
			<protocol>ZHLZ_AppCheckQuery</protocol>
			</service>
						<service>
			<serivcename>DeptDetailQuery</serivcename>
			<protocol>ZHLZ_DeptDetailQuery</protocol>
			</service>
						<service>
			<serivcename>DisciplineQuery</serivcename>
			<protocol>ZHLZ_DisciplineQuery</protocol>
			</service>
						<service>
			<serivcename>DuUserQuery</serivcename>
			<protocol>ZHLZ_DuUserQuery</protocol>
			</service>
						<service>
			<serivcename>FileDelete</serivcename>
			<protocol>ZHLZ_FileDelete</protocol>
			</service>
						<service>
			<serivcename>FileUpload</serivcename>
			<protocol>ZHLZ_FileUpload</protocol>
			</service>
						<service>
			<serivcename>FourStatusQuery</serivcename>
			<protocol>ZHLZ_FourStatusQuery</protocol>
			</service>
						<service>
			<serivcename>HrmService</serivcename>
			<protocol>ZHLZ_HrmService</protocol>
			</service>
						<service>
			<serivcename>KnowledgeQuery</serivcename>
			<protocol>ZHLZ_KnowledgeQuery</protocol>
			</service>
						<service>
			<serivcename>MyTodoAllQuery</serivcename>
			<protocol>ZHLZ_MyTodoAllQuery</protocol>
			</service>
						<service>
			<serivcename>MytodoQuery</serivcename>
			<protocol>ZHLZ_MytodoQuery</protocol>
			</service>
						<service>
			<serivcename>NoticeQuery</serivcename>
			<protocol>ZHLZ_NoticeQuery</protocol>
			</service>
						<service>
			<serivcename>PetitionQuery</serivcename>
			<protocol>ZHLZ_PetitionQuery</protocol>
			</service>
						<service>
			<serivcename>PlanAdd</serivcename>
			<protocol>ZHLZ_PlanAdd</protocol>
			</service>
						<service>
			<serivcename>PlanDetailQuery</serivcename>
			<protocol>ZHLZ_PlanDetailQuery</protocol>
			</service>
						<service>
			<serivcename>PlanListQuery</serivcename>
			<protocol>ZHLZ_PlanListQuery</protocol>
			</service>
						<service>
			<serivcename>PunishmentedInfoDeptQuery</serivcename>
			<protocol>ZHLZ_PunishmentedInfoDeptQuery</protocol>
			</service>
						<service>
			<serivcename>PunishmentedInfoUserQuery</serivcename>
			<protocol>ZHLZ_PunishmentedInfoUserQuery</protocol>
			</service>
						<service>
			<serivcename>ReportDataByYearQuery</serivcename>
			<protocol>ZHLZ_ReportDataByYearQuery</protocol>
			</service>
						<service>
			<serivcename>ZhlzWorkflowService</serivcename>
			<protocol>ZHLZ_ZhlzWorkflowService</protocol>
			</service>
						<service>
			<serivcename>ZhyyZhjdCjzmx</serivcename>
			<protocol>ZHLZ_ZhyyZhjdCjzmx</protocol>
			</service>
						<service>
			<serivcename>ZhyyZhjdJhybhgTop</serivcename>
			<protocol>ZHLZ_ZhyyZhjdJhybhgTop</protocol>
			</service>
						<service>
			<serivcename>ZhyyZhjdYwlyyjzjd</serivcename>
			<protocol>ZHLZ_ZhyyZhjdYwlyyjzjd</protocol>
			</service>
						<service>
			<serivcename>ZhyyZhjdZlbhgjcjztj</serivcename>
			<protocol>ZHLZ_ZhyyZhjdZlbhgjcjztj</protocol>
			</service>
						<service>
			<serivcename>ZhyyZhjdZlbhgmx</serivcename>
			<protocol>ZHLZ_ZhyyZhjdZlbhgmx</protocol>
			</service>
							</services>
	</servicesystem>
</servicesystems>