<?xml version="1.0" encoding="UTF-8"?>
<servicesystems>
	<servicesystem>
		<serviceSystemName>ZLEJEHLDB</serviceSystemName>
		<serviceSystemDesc>转炉二级二号库</serviceSystemDesc>
		<hostName/>
		<hostIp/>
		<status>add</status>
		
		<protocols>
								<protocol>ZLEJEHLDB_Aim5Query</protocol>
						<protocol>ZLEJEHLDB_Cglsj5Query</protocol>
						<protocol>ZLEJEHLDB_Chuilian5Query</protocol>
						<protocol>ZLEJEHLDB_Ckheatno5Query</protocol>
						<protocol>ZLEJEHLDB_Ckzdcf5Query</protocol>
						<protocol>ZLEJEHLDB_Clbof5Query</protocol>
						<protocol>ZLEJEHLDB_Currentchui5Query</protocol>
						<protocol>ZLEJEHLDB_Dtaim5Query</protocol>
						<protocol>ZLEJEHLDB_Dtqcbof5Query</protocol>
						<protocol>ZLEJEHLDB_Dtqx5Query</protocol>
						<protocol>ZLEJEHLDB_Jlsj5Query</protocol>
						<protocol>ZLEJEHLDB_Refer5Query</protocol>
						<protocol>ZLEJEHLDB_Ssrc5Query</protocol>
						<protocol>ZLEJEHLDB_Tlcfxx5Query</protocol>
						<protocol>ZLEJEHLDB_Yflset5Query</protocol>
							</protocols>
		
		<params>
				</params>
		<services>
								<service>
			<serivcename>Aim5Query</serivcename>
			<protocol>ZLEJEHLDB_Aim5Query</protocol>
			</service>
						<service>
			<serivcename>Cglsj5Query</serivcename>
			<protocol>ZLEJEHLDB_Cglsj5Query</protocol>
			</service>
						<service>
			<serivcename>Chuilian5Query</serivcename>
			<protocol>ZLEJEHLDB_Chuilian5Query</protocol>
			</service>
						<service>
			<serivcename>Ckheatno5Query</serivcename>
			<protocol>ZLEJEHLDB_Ckheatno5Query</protocol>
			</service>
						<service>
			<serivcename>Ckzdcf5Query</serivcename>
			<protocol>ZLEJEHLDB_Ckzdcf5Query</protocol>
			</service>
						<service>
			<serivcename>Clbof5Query</serivcename>
			<protocol>ZLEJEHLDB_Clbof5Query</protocol>
			</service>
						<service>
			<serivcename>Currentchui5Query</serivcename>
			<protocol>ZLEJEHLDB_Currentchui5Query</protocol>
			</service>
						<service>
			<serivcename>Dtaim5Query</serivcename>
			<protocol>ZLEJEHLDB_Dtaim5Query</protocol>
			</service>
						<service>
			<serivcename>Dtqcbof5Query</serivcename>
			<protocol>ZLEJEHLDB_Dtqcbof5Query</protocol>
			</service>
						<service>
			<serivcename>Dtqx5Query</serivcename>
			<protocol>ZLEJEHLDB_Dtqx5Query</protocol>
			</service>
						<service>
			<serivcename>Jlsj5Query</serivcename>
			<protocol>ZLEJEHLDB_Jlsj5Query</protocol>
			</service>
						<service>
			<serivcename>Refer5Query</serivcename>
			<protocol>ZLEJEHLDB_Refer5Query</protocol>
			</service>
						<service>
			<serivcename>Ssrc5Query</serivcename>
			<protocol>ZLEJEHLDB_Ssrc5Query</protocol>
			</service>
						<service>
			<serivcename>Tlcfxx5Query</serivcename>
			<protocol>ZLEJEHLDB_Tlcfxx5Query</protocol>
			</service>
						<service>
			<serivcename>Yflset5Query</serivcename>
			<protocol>ZLEJEHLDB_Yflset5Query</protocol>
			</service>
							</services>
	</servicesystem>
</servicesystems>