<?xml version="1.0" encoding="UTF-8"?>
<servicesystems>
	<servicesystem>
		<serviceSystemName>ZLEJSHLDB</serviceSystemName>
		<serviceSystemDesc>转炉二级三号炉数据库</serviceSystemDesc>
		<hostName/>
		<hostIp/>
		<status>add</status>
		
		<protocols>
								<protocol>ZLEJSHLDB_Cglsj6Query</protocol>
						<protocol>ZLEJSHLDB_Chuilian6Query</protocol>
						<protocol>ZLEJSHLDB_Ckheatno6Query</protocol>
						<protocol>ZLEJSHLDB_Ckzdcf6Query</protocol>
						<protocol>ZLEJSHLDB_Clbof6Query</protocol>
						<protocol>ZLEJSHLDB_Currentchui6Query</protocol>
						<protocol>ZLEJSHLDB_Dtaim6Query</protocol>
						<protocol>ZLEJSHLDB_Dtqcbof6Query</protocol>
						<protocol>ZLEJSHLDB_Dtqx6Query</protocol>
						<protocol>ZLEJSHLDB_Jlsj6Query</protocol>
						<protocol>ZLEJSHLDB_Refer6Query</protocol>
						<protocol>ZLEJSHLDB_Ssrc6Query</protocol>
						<protocol>ZLEJSHLDB_Tlcfxx6Query</protocol>
						<protocol>ZLEJSHLDB_Yflset6Query</protocol>
							</protocols>
		
		<params>
				</params>
		<services>
								<service>
			<serivcename>Cglsj6Query</serivcename>
			<protocol>ZLEJSHLDB_Cglsj6Query</protocol>
			</service>
						<service>
			<serivcename>Chuilian6Query</serivcename>
			<protocol>ZLEJSHLDB_Chuilian6Query</protocol>
			</service>
						<service>
			<serivcename>Ckheatno6Query</serivcename>
			<protocol>ZLEJSHLDB_Ckheatno6Query</protocol>
			</service>
						<service>
			<serivcename>Ckzdcf6Query</serivcename>
			<protocol>ZLEJSHLDB_Ckzdcf6Query</protocol>
			</service>
						<service>
			<serivcename>Clbof6Query</serivcename>
			<protocol>ZLEJSHLDB_Clbof6Query</protocol>
			</service>
						<service>
			<serivcename>Currentchui6Query</serivcename>
			<protocol>ZLEJSHLDB_Currentchui6Query</protocol>
			</service>
						<service>
			<serivcename>Dtaim6Query</serivcename>
			<protocol>ZLEJSHLDB_Dtaim6Query</protocol>
			</service>
						<service>
			<serivcename>Dtqcbof6Query</serivcename>
			<protocol>ZLEJSHLDB_Dtqcbof6Query</protocol>
			</service>
						<service>
			<serivcename>Dtqx6Query</serivcename>
			<protocol>ZLEJSHLDB_Dtqx6Query</protocol>
			</service>
						<service>
			<serivcename>Jlsj6Query</serivcename>
			<protocol>ZLEJSHLDB_Jlsj6Query</protocol>
			</service>
						<service>
			<serivcename>Refer6Query</serivcename>
			<protocol>ZLEJSHLDB_Refer6Query</protocol>
			</service>
						<service>
			<serivcename>Ssrc6Query</serivcename>
			<protocol>ZLEJSHLDB_Ssrc6Query</protocol>
			</service>
						<service>
			<serivcename>Tlcfxx6Query</serivcename>
			<protocol>ZLEJSHLDB_Tlcfxx6Query</protocol>
			</service>
						<service>
			<serivcename>Yflset6Query</serivcename>
			<protocol>ZLEJSHLDB_Yflset6Query</protocol>
			</service>
							</services>
	</servicesystem>
</servicesystems>